00001   0000             
00002   0000             ;-------------------------------------------------------------------------------
00003   0000             ;
00004   0000             ; King's Valley (RC727)
00005   0000             ;
00006   0000             ; Copyright 1985 Konami
00007   0000             ;
00008   0000             ; Desensamblado	e interpretado por Manuel Pazos	(jose.manuel.pazos@gmail.com)
00009   0000             ; Santander,  17-07-2009
00010   0000             ;
00011   0000             ;-------------------------------------------------------------------------------
00012   0000             
00013   0000             
00014   0000             VERSION2	equ	1	; Segunda version de la ROM con correccion de fallos
00015   0000             
00016   0000             ;-------------------------------------------------------------------------------
00017   0000             ; Modificando la constante VERSION2 se pueden generar las dos versiones del juego que existen
00018   0000             ; La version 2 [A1] corrige algunos fallos de la version previa como:
00019   0000             ;
00020   0000             ; - Impide que se pueda lanzar un cuchillo cuando la puerta se esta abriendo.
00021   0000             ;   De esta forma se evita que se corrompa el grafico de la puerta al pasar el cuchillo sobre ella
00022   0000             ;
00023   0000             ; - Impide que se pueda lanzar un cuchillo cuando se esta pegado a un objeto (gema, pico, etc...)
00024   0000             ;   En la version original atravesaba el objeto al lanzar el cuchillo
00025   0000             ;
00026   0000             ; - Se puede picar sobre un muro trampa
00027   0000             ;
00028   0000             ; - Corregida la posicion del muro trampa de la piramide 10 de la pantalla de la izquierda, abajo a la izquierda (aparece al coger el cuchillo)
00029   0000             ;   La version original lo tenía en la pantalla de la derecha bajo las escaleras. Pero hacia falta cabar un par de ladrillos del suelo para que apareciese.
00030   0000             ;
00031   0000             ; - Modificación de la posicion del muro trampa de la pirámide 12, en la pantalla de la derecha, abajo a la derecha (aparece al coger el pico) Se ha movido un tile a la derecha (?)
00032   0000             ;
00033   0000             ; - Los muros trampa se detienen al chocar contra un objeto. En la version anterior lo borraba (erroneamente decrementaba los decimales X en vez de la coordenada Y)
00034   0000             ;-------------------------------------------------------------------------------
00035   0000             
00036   0000             ; En la piramide 10-2 hay una momia que parece por encima del suelo (!?)
00037   0000             
00038   0000             ;-------------------------------------------------------------------------------
00039   0000             ; Estructuras
00040   0000             ;-------------------------------------------------------------------------------
00041   0000             
00042   0000             ;--------------------------------------
00043   0000             ; ACTOR
00044   0000             ;--------------------------------------
00045   0000             ACTOR_STATUS:	 equ	0
00046   0000             ACTOR_CONTROL:	 equ	1			; 1 = Arriba, 2	= Abajo, 4 = Izquierda,	8 = Derecha
00047   0000             ACTOR_SENTIDO:	 equ	2			; 1 = Izquierda, 2 = Derecha
00048   0000             ACTOR_Y:	 equ	3
00049   0000             ACTOR_X_DECIMAL: equ	4
00050   0000             ACTOR_X:	 equ	5
00051   0000             ACTOR_ROOM:	 equ	6
00052   0000             ACTOR_SPEEDXDEC: equ	7
00053   0000             ACTOR_SPEED_X:	 equ	8
00054   0000             ACTOR_SPEEDROOM: equ	9
00055   0000             ACTOR_MOV_CNT:	 equ	0Ah
00056   0000             ACTOR_FRAME:	 equ	0Bh
00057   0000             ACTOR_JMP_P:	 equ	0Ch		; Puntero a tabla con los valores del salto
00058   0000             ACTOR_JMP_P_H:	 equ	0Dh
00059   0000             ACTOR_JUMPSENT:	 equ	0Eh		; 0 = Subiendo,	1 = Cayendo
00060   0000             ACTOR_SENT_ESC:	 equ	0Fh		; Sentido en el	que van	las escaleras. 0 = \  1	= /
00061   0000             ACTOR_POS_RELAT: equ	10h		; 0 = A	la misma altura	(o casi), 1 = Momia por	encima,	2 = Por	debajo
00062   0000             ACTOR_TIMER:	 equ	11h
00063   0000             ACTOR_TIPO:	 equ	14h
00064   0000             ACTOR_STRESS:	 equ	15h		; Contador de stress de	la momia (para saber si	choca muy a menudo)
00065   0000             
00066   0000             ;--------------------------------------
00067   0000             ; Puerta giratoria
00068   0000             ;--------------------------------------
00069   0000             SPINDOOR_STATUS: equ	0
00070   0000             SPINDOOR_Y:	 equ	1
00071   0000             SPINDOOR_X_DEC:	 equ	2
00072   0000             SPINDOOR_X:	 equ	3
00073   0000             SPINDOOR_ROOM:	 equ	4
00074   0000             SPINDOOR_SENT:	 equ	5
00075   0000             SPINDOOR_TIMER:	 equ	6
00076   0000             
00077   0000             ;--------------------------------------
00078   0000             ; MUSIC
00079   0000             ;--------------------------------------
00080   0000             MUSIC_CNT_NOTA:	 equ	0
00081   0000             MUSIC_DURAC_NOTA: equ	1
00082   0000             MUSIC_ID:	 equ	2
00083   0000             MUSIC_ADD_LOW:	 equ	3
00084   0000             MUSIC_ADD_HIGH:	 equ	4
00085   0000             MUSIC_OCTAVA:	 equ	5			; Octava?
00086   0000             MUSIC_VOLUME_CH: equ	6			; Volumen canal
00087   0000             MUSIC_VOLUME:	 equ	7
00088   0000             MUSIC_CNT_LOOP:	 equ	9			; Veces	que se ha reproducido un pattern
00089   0000             MUSIC_TEMPO:	 equ	0Ah
00090   0000             
00091   0000             ;-------------------------------------------------------------------------------
00092   0000             ; BIOS
00093   0000             ;-------------------------------------------------------------------------------
00094   0000             
00095   0000             byte_6:		equ	6
00096   0000             byte_7:		equ	7
00097   0000             WRTVDP:		equ	#47
00098   0000             RDVRM:		equ	#4a
00099   0000             WRTVRM:		equ	#4d
00100   0000             SETRD:		equ	#50
00101   0000             SETWR:		equ	#53
00102   0000             WRTPSG:		equ	#93
00103   0000             RDPSG:		equ	#96
00104   0000             RDVDP:		equ	#13e
00105   0000             SNSMAT:		equ	#141	;  Read	keyboard row
00106   0000             
00107   0000             H_TIMI:		equ	#fd9a
00108   0000             
00109   0000             
00110   0000             
00111   0000             
00112   0000             
00113   0000             ;-------------------------------------------------------------------------------
00114   0000             ;
00115   0000             ; ROM header
00116   0000             ;
00117   0000             ;-------------------------------------------------------------------------------
00118   0000             		SIZE    16 * 1024       ; ROM de 16K
00119   0000             
00120   0000             		org	#4000
00121   4000             
00122   4000 41 42       		dw	4241h
00123   4002 6C 40       		dw	startCode
00124   4004 00 00       		dw	0
00125   4006 00 00       		dw	0
00126   4008 00 00       		dw	0
00127   400A 00 00       		dw	0
00128   400C 00 00       		dw	0
00129   400E 00 00       		dw	0
00130   4010             
00131   4010             ;----------------------------------------------------
00132   4010             ; Suma HL + A
00133   4010             ;----------------------------------------------------
00134   4010             
00135   4010             ADD_A_HL:
00136   4010 85          		add	a, l
00137   4011 6F          		ld	l, a
00138   4012 D0          		ret	nc
00139   4013 24          		inc	h
00140   4014 C9          		ret
00141   4015             
00142   4015             ;----------------------------------------------------
00143   4015             ; Suma DE + A
00144   4015             ;----------------------------------------------------
00145   4015             
00146   4015             ADD_A_DE:
00147   4015 83          		add	a, e
00148   4016 5F          		ld	e, a
00149   4017 D0          		ret	nc
00150   4018 14          		inc	d
00151   4019 C9          		ret
00152   401A             
00153   401A             
00154   401A             ;-------------------------------------------------------------------------------
00155   401A             ;
00156   401A             ; MAIN
00157   401A             ;
00158   401A             ; Funcion principal llamada desde el gancho de interrupcion (50	o 60 Hz)
00159   401A             ; Actualiza el reproductor de sonido
00160   401A             ; Evita	que se ejecute la logica al producirse una interrupcion	si no ha
00161   401A             ; terminado la iteracion anterior
00162   401A             ;-------------------------------------------------------------------------------
00163   401A             
00164   401A             tickMain:
00165   401A CD 3E 01    		call	RDVDP		; Borra	el flag	de interrupcion
00166   401D F3          		di
00167   401E CD 36 7B    		call	updateSound	; Actualiza el driver de sonido
00168   4021             
00169   4021 21 05 E0    		ld	hl, tickInProgress ; Si	el bit0	esta a 1 no se ejecuta la logica del juego
00170   4024 CB 46       		bit	0, (hl)
00171   4026 20 0C       		jr	nz, tickMain2	; No se	ha terminado la	iteracion anterior
00172   4028             
00173   4028 34          		inc	(hl)		; Indica que se	va a realizar una iteracion
00174   4029 FB          		ei
00175   402A CD C8 45    		call	chkControls	; Actualiza el estado de los controles
00176   402D CD A3 40    		call	runGame		; Ejecuta la logica del	juego
00177   4030             
00178   4030 AF          		xor	a
00179   4031 32 05 E0    		ld	(tickInProgress), a ; Indica que ha terminado la iteracion actual
00180   4034             
00181   4034             tickMain2:
00182   4034 CD 3E 01    		call	RDVDP		; Lee y	borra el flag de interrupcion
00183   4037 B7          		or	a		; Se ha	producido una interrupcion mientras se ejecutaba logica	del juego?
00184   4038 F3          		di
00185   4039 FC 36 7B    		call	m, updateSound	; Si, actualiza	el sonido
00186   403C FB          		ei
00187   403D C9          		ret
00188   403E             
00189   403E             
00190   403E             ;----------------------------------------------------
00191   403E             ; Lee el estado	de las teclas
00192   403E             ; Proteccion anticopia (!?)
00193   403E             ; Si se	ejecuta	en RAM machaca el programa
00194   403E             ;----------------------------------------------------
00195   403E             
00196   403E             ReadKeys_AC:
00197   403E 21 E4 40    		ld	hl, KonamiLogo2
00198   4041 3A 4C 40    		ld	a, (JumpIndex2)
00199   4044 77          		ld	(hl), a
00200   4045 23          		inc	hl
00201   4046 36 C9       		ld	(hl), 0C9h	; RET opcode
00202   4048 C3 E8 45    		jp	ReadKeys
00203   404B             
00204   404B             ;----------------------------------------------------
00205   404B             ; Jump index
00206   404B             ; (SP) = Puntero a funciones
00207   404B             ;  A = Indice de la funcion
00208   404B             ;----------------------------------------------------
00209   404B             
00210   404B             jumpIndex:
00211   404B 87          		add	a, a
00212   404C             
00213   404C             JumpIndex2:
00214   404C E1          		pop	hl
00215   404D CD 49 6D    		call	getIndexHL_A
00216   4050 E9          		jp	(hl)
00217   4051             
00218   4051             
00219   4051             ;----------------------------------------------------
00220   4051             ; Igual	que WriteDataVRAM pero escribiendo siempre 0
00221   4051             ;----------------------------------------------------
00222   4051             
00223   4051             ClearDataVRAM:
00224   4051 0E 00       		ld	c, 0		; Mascara a aplicar con	AND al byte a escribir
00225   4053 18 02       		jr	writeDataVRAM2
00226   4055             
00227   4055             
00228   4055             ;----------------------------------------------------
00229   4055             ; Escribe en la	VRAM datos con formato
00230   4055             ; In:
00231   4055             ;   C =	Mascara	AND aplicada al	dato a escribir
00232   4055             ;  DE =	direccion datos
00233   4055             ;  0-1:	VRAM address
00234   4055             ;  2...: Datos
00235   4055             ; Datos:
00236   4055             ;  FE: next block (nueva direccion + datos)
00237   4055             ;  FF: end datos
00238   4055             ;----------------------------------------------------
00239   4055             
00240   4055             WriteDataVRAM:
00241   4055 0E FF       		ld	c, 0FFh		; Mascara a aplicar con	AND al byte a escribir
00242   4057             
00243   4057             writeDataVRAM2:
00244   4057 EB          		ex	de, hl
00245   4058 5E          		ld	e, (hl)
00246   4059 23          		inc	hl
00247   405A 56          		ld	d, (hl)
00248   405B EB          		ex	de, hl
00249   405C 13          		inc	de
00250   405D             
00251   405D             writeDataVRAM3:
00252   405D 1A          		ld	a, (de)
00253   405E 13          		inc	de
00254   405F 47          		ld	b, a
00255   4060 04          		inc	b		; Es #FF?
00256   4061 C8          		ret	z		; Fin de los datos
00257   4062             
00258   4062 04          		inc	b		; Es #FE?
00259   4063 28 F2       		jr	z, writeDataVRAM2 ; Cambia puntero a VRAM
00260   4065             
00261   4065 A1          		and	c		; Aplica mascara AND al	dato a escribir	en la VRAM
00262   4066 CD 4D 00    		call	WRTVRM
00263   4069 23          		inc	hl
00264   406A 18 F1       		jr	writeDataVRAM3
00265   406C             
00266   406C             ;-------------------------------------------------------------------------------
00267   406C             ;
00268   406C             ; Boot code
00269   406C             ;
00270   406C             ; Fija la rutina de interrupcion que llamara a la logica del juego cada	frame
00271   406C             ; Borra	el area	de variables
00272   406C             ; Inicializa el	hardware (modo de video, PSG)
00273   406C             ; Ejecuta un loop infinito, tipico de Konami.
00274   406C             ;-------------------------------------------------------------------------------
00275   406C             
00276   406C             startCode:
00277   406C F3          		di
00278   406D ED 56       		im	1
00279   406F 3E C3       		ld	a, 0C3h
00280   4071 32 9A FD    		ld	(H_TIMI), a
00281   4074 21 1A 40    		ld	hl, tickMain
00282   4077 22 9B FD    		ld	(H_TIMI+1), hl	; Pone la rutina de interrupcion que lleva la logica del juego
00283   407A             
00284   407A 31 00 E7    		ld	sp, stackTop	; Fija el lugar de la pila
00285   407D 21 00 E0    		ld	hl, GameStatus
00286   4080 11 01 E0    		ld	de, subStatus
00287   4083 01 FF 06    		ld	bc, 6FFh
00288   4086 36 00       		ld	(hl), 0
00289   4088 ED B0       		ldir			; Inicializa el	area de	variables del juego
00290   408A             
00291   408A 3E 01       		ld	a, 1
00292   408C 32 05 E0    		ld	(tickInProgress), a ; Evita que	se ejecute la logica del juego mientras	se inicializa el hardware
00293   408F CD 9B 45    		call	initHardware	; Inicializa el	modo de	video y	el PSG
00294   4092             
00295   4092 AF          		xor	a
00296   4093 32 05 E0    		ld	(tickInProgress), a ; Permite que se ejecute la	logica del juego en la proxima interrupcion
00297   4096 CD 3E 01    		call	RDVDP		; Borra	el flag	de interrupcion
00298   4099 FB          		ei
00299   409A             
00300   409A             dummyLoop:
00301   409A 18 FE       		jr	$
00302   409C             
00303   409C             ;----------------------------------------------------
00304   409C             ; VRAM write con proteccion anticopia
00305   409C             ; Antes	de escribir en la VRAM machaca el codigo si se ejecuta en RAM
00306   409C             ;----------------------------------------------------
00307   409C             
00308   409C             VRAM_writeAC:
00309   409C ED 53 C0 43 		ld	(copyProtect_+1), de ; Proteccion anticopia (!?)
00310   40A0 C3 AB 44    		jp	setFillVRAM
00311   40A3             
00312   40A3             ;-------------------------------------------------------------------------------
00313   40A3             ;
00314   40A3             ; Tick game
00315   40A3             ;
00316   40A3             ;-------------------------------------------------------------------------------
00317   40A3             
00318   40A3             runGame:
00319   40A3 21 03 E0    		ld	hl, timer
00320   40A6 34          		inc	(hl)		; Incrementa timer global del juego
00321   40A7             
00322   40A7 ED 4B 00 E0 		ld	bc, (GameStatus) ;  C =	Game status, B = Substatus
00323   40AB 3A 02 E0    		ld	a, (controlPlayer) ; bit 6 = Prota controlado por el jugador
00324   40AE CB 77       		bit	6, a		; Se esta jugando?
00325   40B0 20 04       		jr	nz, runGame2	; Si, no esta en modo demo o en	el menu
00326   40B2             
00327   40B2 21 44 46    		ld	hl, chkPushAnyKey ; Se añade esta funcion para comprobar si se pulsa una tecla y hay que empezar una partida
00328   40B5 E5          		push	hl
00329   40B6             
00330   40B6             runGame2:
00331   40B6 79          		ld	a, c
00332   40B7 CD 4B 40    		call	jumpIndex
00333   40BA             
00334   40BA D0 40       		dw KonamiLogo		; 0 = Muestra el logo de Konami
00335   40BC 0D 41       		dw WaitMainMenu		; 1 = Espera en	el menu. Si   no se pulsa una tecla salta a la demo
00336   40BE 15 41       		dw SetDemo		; 2 = Prepara el modo demo
00337   40C0 9F 42       		dw iniciaPartida	; 3 = Reproduce	musica inicio, parpadea	PLAY START y pasa al modo de juego
00338   40C2 41 41       		dw StartGame		; 4 = Borra menu, dibuja piramide, puerta y como entra el prota
00339   40C4 D5 41       		dw gameLogic		; 5 = Logica del pergamino o del juego
00340   40C6 F5 41       		dw tickMuerto		; 6 = Pierde una vida /	Muestra	mensaje	de Game	Over
00341   40C8 43 42       		dw tickGameOver		; 7 = Game Over
00342   40CA 66 42       		dw stageClear		; 8 = Stage clear (suma	una vida y activa el pergamino)
00343   40CC 7B 42       		dw ScrollPantalla	; 9 = Scroll pantalla
00344   40CE 9C 42       		dw FinalJuego		; 10 = Muestra el final	del juego
00345   40D0             
00346   40D0             
00347   40D0             ;----------------------------------------------------------------------------
00348   40D0             ; Konami logo (0)
00349   40D0             ; 0 = Inicializa logo: borra pantalla, carga graficos y	pone modo grafico
00350   40D0             ; 1 = Sube el logo cada	2 frames. Subraya Konami y pone	el texto "SOFTWARE"
00351   40D0             ; 2 = Espera un	rato y borra la	pantalla.
00352   40D0             ; 3 = Dibuja el	menu.
00353   40D0             ;----------------------------------------------------------------------------
00354   40D0             
00355   40D0             KonamiLogo:
00356   40D0 10 12       		djnz	KonamiLogo2
00357   40D2 3A 03 E0    		ld	a, (timer)
00358   40D5 1F          		rra
00359   40D6 D0          		ret	nc		; Sube el logo cada dos	frames
00360   40D7             
00361   40D7 CD 42 48    		call	dibujaLogo
00362   40DA C0          		ret	nz		; Aun esta subiendo el logo
00363   40DB             
00364   40DB 11 FE 47    		ld	de, TXT_Sofware
00365   40DE CD 14 45    		call	unpackGFXset	; Subraya Konami y pone	texto "Software"
00366   40E1 AF          		xor	a
00367   40E2 18 55       		jr	UpdateSubstatus
00368   40E4             
00369   40E4             KonamiLogo2:
00370   40E4 10 11       		djnz	KingsValleyLogo
00371   40E6 21 04 E0    		ld	hl, waitCounter
00372   40E9 35          		dec	(hl)
00373   40EA C0          		ret	nz		; Espera un rato mostrando el logo
00374   40EB             
00375   40EB CD A1 44    		call	clearScreen
00376   40EE CD C5 42    		call	setColor
00377   40F1 AF          		xor	a
00378   40F2 32 0A E0    		ld	(gameLogoCnt), a ; Contador que	indica que parte del logo del menu se esta pintando
00379   40F5 18 13       		jr	doNextSubStatus
00380   40F7             
00381   40F7             KingsValleyLogo:
00382   40F7 10 08       		djnz	InitLogo
00383   40F9 CD B8 43    		call	drawGameLogo	; Dibuja el menu
00384   40FC D8          		ret	c
00385   40FD AF          		xor	a
00386   40FE C3 AD 41    		jp	NextGameStatus_
00387   4101             
00388   4101             InitLogo:
00389   4101 CD A1 44    		call	clearScreen
00390   4104 CD CC 42    		call	LoadIntroGfx
00391   4107 CD AF 45    		call	SetVideoMode
00392   410A             
00393   410A             doNextSubStatus:
00394   410A C3 3C 41    		jp	NextSubStatus
00395   410D             
00396   410D             ;----------------------------------------------------------------------------
00397   410D             ; Menu (1)
00398   410D             ; Espera un rato y salta a la demo
00399   410D             ;----------------------------------------------------------------------------
00400   410D             
00401   410D             WaitMainMenu:
00402   410D 21 04 E0    		ld	hl, waitCounter
00403   4110 35          		dec	(hl)
00404   4111 C0          		ret	nz		; Hay que seguir esperando
00405   4112             
00406   4112 C3 AB 41    		jp	NextGameStatusT	; Pasa al modo demo
00407   4115             
00408   4115             ;----------------------------------------------------------------------------
00409   4115             ;
00410   4115             ; Game demo (2)
00411   4115             ; Pone el status de juego e inicializa las variables de	la demo
00412   4115             ;
00413   4115             ;----------------------------------------------------------------------------
00414   4115             
00415   4115             SetDemo:
00416   4115 21 04 00    		ld	hl, 4		; Start	game status, substatus = 0
00417   4118 22 00 E0    		ld	(GameStatus), hl
00418   411B 2E 00       		ld	l, 0
00419   411D 22 62 E0    		ld	(PiramidesPasadas), hl ; Cada bit indica si la piramide	correspondiente	ya esta	pasada/terminada
00420   4120 7D          		ld	a, l
00421   4121 32 58 E0    		ld	(numFinishGame), a ; Numero de veces que se ha terminado el juego
00422   4124             
00423   4124 CD 17 43    		call	setDatosPartida
00424   4127             
00425   4127 21 05 08    		ld	hl, 805h	; Piramide 5, puerta de	la derecha
00426   412A 22 55 E0    		ld	(piramideDest),	hl
00427   412D             
00428   412D 21 CE 4A    		ld	hl, DemoKeyData	; Controles grabados de	la demo
00429   4130 22 80 E0    		ld	(keyPressDemo),	hl ; Puntero a los controles grabados
00430   4133             
00431   4133 3E 08       		ld	a, 8
00432   4135 32 82 E0    		ld	(KeyHoldCntDemo), a
00433   4138 C9          		ret
00434   4139             
00435   4139             UpdateSubstatus:
00436   4139 32 04 E0    		ld	(waitCounter), a
00437   413C             
00438   413C             NextSubStatus:
00439   413C 21 01 E0    		ld	hl, subStatus
00440   413F 34          		inc	(hl)
00441   4140             
00442   4140             doNothing:
00443   4140 C9          		ret
00444   4141             
00445   4141             ;----------------------------------------------------------------------------
00446   4141             ;
00447   4141             ; Start	game (4)
00448   4141             ;
00449   4141             ;
00450   4141             ;----------------------------------------------------------------------------
00451   4141             
00452   4141             StartGame:
00453   4141 3A 51 E0    		ld	a, (flagPiramideMap) ; 0 = Mostrando mapa, 1 = Dentro de la piramide
00454   4144 1F          		rra			; Se esta mostrando el mapa de piramides?
00455   4145 D2 B9 41    		jp	nc, showMap
00456   4148             
00457   4148 78          		ld	a, b		; Substatus
00458   4149 B7          		or	a		; Si es	igual a	cero esta haciendo la cortinilla desde el menu
00459   414A 28 05       		jr	z, waitEntrada	; No dibuja el brillo de las gemas
00460   414C             
00461   414C C5          		push	bc
00462   414D CD E4 4B    		call	drawBrilloGemas	; Dibuja el brillo de las gemas
00463   4150 C1          		pop	bc
00464   4151             
00465   4151             ; Sub1:	Espera en las escaleras	de la entrada
00466   4151             
00467   4151             
00468   4151             waitEntrada:
00469   4151 10 07       		djnz	bajaEscaleras
00470   4153 21 04 E0    		ld	hl, waitCounter
00471   4156 35          		dec	(hl)
00472   4157 C0          		ret	nz
00473   4158 18 DF       		jr	UpdateSubstatus
00474   415A             
00475   415A             ; Sub2:	Baja por las escaleras
00476   415A             
00477   415A             bajaEscaleras:
00478   415A 10 30       		djnz	initStage2
00479   415C CD 75 4B    		call	updateSprites
00480   415F C3 F0 6D    		jp	escalerasEntrada
00481   4162             
00482   4162             
00483   4162             
00484   4162             ;-------------------------------------------------------------------------------
00485   4162             ; Se ejecuta tras perder una vida o al empezar una partida.
00486   4162             ; Borra	lo que hay en pantalla con una cortinilla negra	de izquierda a derecha.
00487   4162             ; Substatus = 0
00488   4162             ;-------------------------------------------------------------------------------
00489   4162             
00490   4162             InitStage:
00491   4162 CD 30 43    		call	drawCortinilla
00492   4165 F0          		ret	p
00493   4166             
00494   4166             
00495   4166 CD 56 43    		call	hideSprAttrib	; Quita	sprites	de la pantalla
00496   4169 21 50 E0    		ld	hl, Vidas
00497   416C 35          		dec	(hl)		; Quita	una vida
00498   416D             
00499   416D 3A 5E E0    		ld	a, (flagMuerte)
00500   4170 B7          		or	a
00501   4171 20 00       		jr	nz, dummyJump	; (!?)
00502   4173             
00503   4173             dummyJump:				; Descomprime graficos y mapa con todos	los elementos
00504   4173 CD 2A 43    		call	unpackStage
00505   4176 CD EA 65    		call	AI_Salidas	; Pinta	la salida abierta
00506   4179 CD CB 6E    		call	setSprDoorProta
00507   417C CD FA 4C    		call	setAttribProta	; Actualiza atributos de los sprites del prota
00508   417F CD 75 4B    		call	updateSprites	; Actualiza attributos de los sprites (RAM->VRAM)
00509   4182 CD CB 6C    		call	setupRoom	; Pinta	pantalla
00510   4185 CD 04 44    		call	renderHUD	; Dibuja el marcador, puntos, vidas
00511   4188 3E 10       		ld	a, 10h
00512   418A 18 AD       		jr	UpdateSubstatus
00513   418C             
00514   418C             ; Sub3:	Comienza la fase
00515   418C             
00516   418C             initStage2:
00517   418C 10 D4       		djnz	InitStage
00518   418E             ; Ha bajado las	escaleras y ya se ha cerrado la	puerta
00519   418E 21 04 E0    		ld	hl, waitCounter
00520   4191 35          		dec	(hl)
00521   4192 C0          		ret	nz
00522   4193             
00523   4193 AF          		xor	a
00524   4194 32 33 E1    		ld	(flagStageClear), a
00525   4197 CD EA 65    		call	AI_Salidas
00526   419A             
00527   419A 3A 02 E0    		ld	a, (controlPlayer) ; bit 6 = Prota controlado por el jugador
00528   419D CB 77       		bit	6, a
00529   419F 28 05       		jr	z, initStage3
00530   41A1             
00531   41A1 3E 8B       		ld	a, 8Bh		; Ingame music
00532   41A3 CD A9 7A    		call	setMusic
00533   41A6             
00534   41A6             initStage3:
00535   41A6 21 53 E0    		ld	hl, flagVivo
00536   41A9 36 01       		ld	(hl), 1
00537   41AB             
00538   41AB             NextGameStatusT:
00539   41AB 3E 20       		ld	a, 20h
00540   41AD             
00541   41AD             NextGameStatus_:
00542   41AD 32 04 E0    		ld	(waitCounter), a
00543   41B0             
00544   41B0             NextGameStatus:
00545   41B0 21 00 E0    		ld	hl, GameStatus
00546   41B3 34          		inc	(hl)
00547   41B4             
00548   41B4             ResetSubStatus:
00549   41B4 AF          		xor	a
00550   41B5 32 01 E0    		ld	(subStatus), a
00551   41B8 C9          		ret
00552   41B9             
00553   41B9             showMap:
00554   41B9 10 0D       		djnz	doCortinilla
00555   41BB 21 04 E0    		ld	hl, waitCounter
00556   41BE 35          		dec	(hl)
00557   41BF C0          		ret	nz
00558   41C0             
00559   41C0 CD 07 44    		call	renderMarcador
00560   41C3 CD 48 77    		call	setupPergamino
00561   41C6 18 DE       		jr	initStage3
00562   41C8             
00563   41C8             doCortinilla:
00564   41C8 CD 30 43    		call	drawCortinilla
00565   41CB F0          		ret	p
00566   41CC             
00567   41CC 21 50 E0    		ld	hl, Vidas
00568   41CF 35          		dec	(hl)
00569   41D0 3E 01       		ld	a, 1
00570   41D2 C3 39 41    		jp	UpdateSubstatus
00571   41D5             
00572   41D5             ;----------------------------------------------------
00573   41D5             ;
00574   41D5             ; Logica del juego
00575   41D5             ;
00576   41D5             ;----------------------------------------------------
00577   41D5             
00578   41D5             gameLogic:
00579   41D5 3A 51 E0    		ld	a, (flagPiramideMap) ; 0 = Mostrando mapa, 1 = Dentro de la piramide
00580   41D8 1F          		rra			; Esta en modo juego o mapa?
00581   41D9 F5          		push	af
00582   41DA DC 0C 4B    		call	c, tickGame	; Logica del juego
00583   41DD F1          		pop	af
00584   41DE D4 C3 77    		call	nc, tickPergamino ; Logica del pergamino
00585   41E1             
00586   41E1 3A 0D E0    		ld	a, (flagEndPergamino) ;	1 = Ha terminado de mostar el pergamino/mapa
00587   41E4 B7          		or	a
00588   41E5 28 07       		jr	z, chkVivo
00589   41E7             
00590   41E7 3E 07       		ld	a, 7
00591   41E9 32 00 E0    		ld	(GameStatus), a
00592   41EC 18 C2       		jr	NextGameStatus
00593   41EE             
00594   41EE             chkVivo:
00595   41EE 3A 53 E0    		ld	a, (flagVivo)
00596   41F1 B7          		or	a		; Esta vivo?
00597   41F2 C0          		ret	nz		; Si
00598   41F3 18 B6       		jr	NextGameStatusT	; No, pasa al siguiente	status
00599   41F5             
00600   41F5             ;----------------------------------------------------
00601   41F5             ;
00602   41F5             ; Pierde una vida / Muestra Game over
00603   41F5             ;
00604   41F5             ;----------------------------------------------------
00605   41F5             
00606   41F5             tickMuerto:
00607   41F5 3A 10 E0    		ld	a, (MusicChanData)
00608   41F8 B7          		or	a
00609   41F9 C0          		ret	nz		; Esta sonando la musica de muerte
00610   41FA             
00611   41FA 3A 02 E0    		ld	a, (controlPlayer) ; bit 6 = Prota controlado por el jugador
00612   41FD CB 77       		bit	6, a		; Esta en modo demo?
00613   41FF 20 04       		jr	nz, pierdeVida
00614   4201             
00615   4201 AF          		xor	a
00616   4202 C3 38 42    		jp	setGameStatus	; Reinicia el juego al morir en	el modo	demo
00617   4205             
00618   4205             pierdeVida:
00619   4205 3A 50 E0    		ld	a, (Vidas)
00620   4208 B7          		or	a
00621   4209 20 2B       		jr	nz, setGameMode
00622   420B             
00623   420B             ; Borra	el area	donde se imprimira el mensaje de GAME OVER
00624   420B AF          		xor	a
00625   420C 21 29 39    		ld	hl, 3929h
00626   420F 06 05       		ld	b, 5
00627   4211             
00628   4211             clrGameOverArea:
00629   4211 C5          		push	bc
00630   4212 AF          		xor	a
00631   4213 01 0C 00    		ld	bc, 0Ch
00632   4216 CD AB 44    		call	setFillVRAM
00633   4219 3E 20       		ld	a, 20h
00634   421B CD 10 40    		call	ADD_A_HL
00635   421E C1          		pop	bc
00636   421F 10 F0       		djnz	clrGameOverArea
00637   4221             
00638   4221 3E 9A       		ld	a, 9Ah		; Musica de GAME OVER
00639   4223 CD A9 7A    		call	setMusic
00640   4226             
00641   4226 11 F2 47    		ld	de, TXT_GameOver
00642   4229 CD 55 40    		call	WriteDataVRAM	; Imprime mensaje de GAME OVER
00643   422C             
00644   422C 3E 06       		ld	a, 6
00645   422E 32 00 E0    		ld	(GameStatus), a	; (!?) Para que	pone esto si en	la siguiente llamada se	cambia?
00646   4231 3E B8       		ld	a, 0B8h
00647   4233 C3 AD 41    		jp	NextGameStatus_	; Pasa al estado de Game Over
00648   4236             
00649   4236             setGameMode:
00650   4236 3E 04       		ld	a, 4		; Empezando la partida
00651   4238             
00652   4238             setGameStatus:
00653   4238 32 00 E0    		ld	(GameStatus), a
00654   423B 3E 20       		ld	a, 20h
00655   423D 32 04 E0    		ld	(waitCounter), a
00656   4240 C3 B4 41    		jp	ResetSubStatus
00657   4243             
00658   4243             ;----------------------------------------------------
00659   4243             ;
00660   4243             ; Logica del Game Over
00661   4243             ; Hace una pausa suficientemente larga como para que termine la	musica
00662   4243             ; Si se	esta pulsando alguna direccion vuelve al menu. De lo contrario muestra el logo de Konami.
00663   4243             ;
00664   4243             ;----------------------------------------------------
00665   4243             
00666   4243             tickGameOver:
00667   4243 21 03 E0    		ld	hl, timer
00668   4246 7E          		ld	a, (hl)
00669   4247 E6 01       		and	1
00670   4249 C8          		ret	z		; Procesa una de cada dos iteraciones
00671   424A             
00672   424A 23          		inc	hl
00673   424B 35          		dec	(hl)
00674   424C C0          		ret	nz		; Decrementa el	tiempo de espera
00675   424D             
00676   424D CD 44 46    		call	chkPushAnyKey	; Comprueba si se pulsa	una tecla para volver al menu
00677   4250             
00678   4250 3A 00 E0    		ld	a, (GameStatus)
00679   4253 FE 07       		cp	7		; Modo Game Over?
00680   4255 11 02 E0    		ld	de, controlPlayer ; bit	6 = Prota controlado por el jugador
00681   4258 28 05       		jr	z, reiniciaJuego
00682   425A             
00683   425A 1A          		ld	a, (de)
00684   425B E6 BF       		and	10111111b	; Borra	el bit 6
00685   425D 12          		ld	(de), a
00686   425E C9          		ret
00687   425F             
00688   425F             reiniciaJuego:
00689   425F 1A          		ld	a, (de)
00690   4260 E6 BF       		and	10111111b	; Borra	el bit 6
00691   4262 12          		ld	(de), a
00692   4263 AF          		xor	a
00693   4264 18 D2       		jr	setGameStatus	; Muestra el logo de Konami
00694   4266             
00695   4266             ;----------------------------------------------------
00696   4266             ;
00697   4266             ; Stage	clear
00698   4266             ;
00699   4266             ; Silencia el sonido, incrementa la vidas y activa el pergamino
00700   4266             ;
00701   4266             ;----------------------------------------------------
00702   4266             
00703   4266             stageClear:
00704   4266 3E 20       		ld	a, 20h		; Silencio
00705   4268 CD A9 7A    		call	setMusic
00706   426B             
00707   426B 21 50 E0    		ld	hl, Vidas
00708   426E 34          		inc	(hl)		; Incrementa las vidas
00709   426F 23          		inc	hl
00710   4270 7E          		ld	a, (hl)
00711   4271 C6 01       		add	a, 1
00712   4273 27          		daa
00713   4274 77          		ld	(hl), a		; Activa pergamino/mapa
00714   4275 AF          		xor	a
00715   4276 32 0D E0    		ld	(flagEndPergamino), a ;	1 = Ha terminado de mostar el pergamino/mapa
00716   4279 18 BB       		jr	setGameMode
00717   427B             
00718   427B             
00719   427B             ;----------------------------------------------------
00720   427B             ;
00721   427B             ; Scroll de la pantalla
00722   427B             ; Mueve	la pantalla y actualiza	la posicion del	prota
00723   427B             ; al cambiar de	una habitacion a otra
00724   427B             ;
00725   427B             ;----------------------------------------------------
00726   427B             
00727   427B             ScrollPantalla:
00728   427B CD 19 5D    		call	tickScroll
00729   427E D8          		ret	c		; No ha	terminado el scroll
00730   427F             
00731   427F 21 00 E0    		ld	hl, GameStatus
00732   4282 36 05       		ld	(hl), 5		; Modo = jugando
00733   4284 3A 36 E1    		ld	a, (sentidoProta) ; 1 =	Izquierda, 2 = Derecha
00734   4287 1F          		rra
00735   4288 3A 3A E1    		ld	a, (ProtaRoom)	; Parte	alta de	la coordenada X. Indica	la habitacion de la piramide
00736   428B 0E F0       		ld	c, 0F0h		; Coordena X del prota en la parte derecha de la pantalla
00737   428D 47          		ld	b, a
00738   428E 05          		dec	b		; Mueve	el prota una pantalla a	la izquierda
00739   428F 38 04       		jr	c, scrollPantalla2
00740   4291 04          		inc	b
00741   4292 04          		inc	b		; Mueve	el prota una pantalla a	la derecha
00742   4293 0E 04       		ld	c, 4		; Coordenada X en la parte izquierda
00743   4295             
00744   4295             scrollPantalla2:
00745   4295 ED 43 39 E1 		ld	(ProtaX), bc	; Coloca al prota en la	posicion correcta
00746   4299 C3 FA 4C    		jp	setAttribProta	; Actualiza atributos de los sprites del prota
00747   429C             
00748   429C             ;----------------------------------------------------
00749   429C             ;
00750   429C             ; Game ending
00751   429C             ;
00752   429C             ;----------------------------------------------------
00753   429C             
00754   429C             FinalJuego:
00755   429C C3 BD 75    		jp	ShowEnding
00756   429F             
00757   429F             ;----------------------------------------------------
00758   429F             ;
00759   429F             ; Inicia una partida
00760   429F             ;
00761   429F             ; - Reproduce musica de	inicio de partida
00762   429F             ; - Parpadea PLAY START
00763   429F             ; - Inicia las variables de la partida y pasa el estado	de juego
00764   429F             ;
00765   429F             ;----------------------------------------------------
00766   429F             
00767   429F             iniciaPartida:
00768   429F 10 17       		djnz	PlayIntroMusic
00769   42A1 21 04 E0    		ld	hl, waitCounter
00770   42A4 35          		dec	(hl)
00771   42A5 28 0B       		jr	z, ComienzaPartida
00772   42A7             
00773   42A7 CB 56       		bit	2, (hl)		; Parpadea cada	4 frames
00774   42A9 11 E1 47    		ld	de, TXT_PLAY_START
00775   42AC C2 51 40    		jp	nz, ClearDataVRAM ; Borra texto
00776   42AF             
00777   42AF C3 55 40    		jp	WriteDataVRAM	; Muestra "PLAY START"
00778   42B2             
00779   42B2             ComienzaPartida:
00780   42B2 CD 0A 43    		call	IniciaDatosPartida
00781   42B5 C3 AB 41    		jp	NextGameStatusT
00782   42B8             
00783   42B8             PlayIntroMusic:
00784   42B8 3E 97       		ld	a, 97h		; Musica de incio de partida
00785   42BA CD A9 7A    		call	setMusic
00786   42BD 3E 50       		ld	a, 50h
00787   42BF 32 04 E0    		ld	(waitCounter), a
00788   42C2 C3 3C 41    		jp	NextSubStatus
00789   42C5             
00790   42C5             
00791   42C5             ;----------------------------------------------------
00792   42C5             ;
00793   42C5             ;----------------------------------------------------
00794   42C5             
00795   42C5             setColor:
00796   42C5 06 E0       		ld	b, 0E0h
00797   42C7 0E 07       		ld	c, 7
00798   42C9 C3 47 00    		jp	WRTVDP
00799   42CC             
00800   42CC             ;----------------------------------------------------
00801   42CC             ;
00802   42CC             ; Cargar graficos del logo de Konami, la fuente	y el menu
00803   42CC             ;
00804   42CC             ;----------------------------------------------------
00805   42CC             
00806   42CC             LoadIntroGfx:
00807   42CC CD 23 48    		call	loadKonamiLogo	; Logo de Konami
00808   42CF             		
00809   42CF CD CF 44    		call	loadFont	; Fuente
00810   42D2             		
00811   42D2 21 08 00    		ld	hl, 8
00812   42D5 11 A7 47    		ld	de, GFX_Space	; Espacio en blanco
00813   42D8 CD F1 44    		call	UnpackPatterns	; Patron de espacio en blanco
00814   42DB             
00815   42DB             setGfxMenu:
00816   42DB 11 0B 49    		ld	de, GFX_Menu	; Logo de King's Valley y piramide del menu
00817   42DE 21 80 24    		ld	hl, 2480h	; BG char
00818   42E1 CD F1 44    		call	UnpackPatterns
00819   42E4             
00820   42E4 11 97 4A    		ld	de, ATTRIB_Menu	; Atributos de color de	la piramide del	menu
00821   42E7 21 80 04    		ld	hl, 480h	; BG Attrib
00822   42EA CD F1 44    		call	UnpackPatterns
00823   42ED             
00824   42ED 21 D8 44    		ld	hl, 44D8h	; #4D8 = Tabla de color	del logo
00825   42F0 06 16       		ld	b, 16h
00826   42F2             
00827   42F2             coloreaLogo:
00828   42F2 C5          		push	bc
00829   42F3 E5          		push	hl
00830   42F4 11 AB 4A    		ld	de, COLORES_LOGO ; Atributos de	color del logo de King's Valley del menu
00831   42F7 CD F1 44    		call	UnpackPatterns
00832   42FA E1          		pop	hl
00833   42FB 01 10 00    		ld	bc, 10h
00834   42FE 09          		add	hl, bc
00835   42FF C1          		pop	bc
00836   4300 10 F0       		djnz	coloreaLogo
00837   4302             
00838   4302 3E 40       		ld	a, 40h		; Color
00839   4304 01 10 00    		ld	bc, 10h		; Bytes	a rellenar
00840   4307 C3 E0 44    		jp	fillVRAM3Bank
00841   430A             
00842   430A             
00843   430A             ;----------------------------------------------------
00844   430A             ; Inicializa las variables para	una partida nueva
00845   430A             ;----------------------------------------------------
00846   430A             
00847   430A             IniciaDatosPartida:
00848   430A 21 49 E0    		ld	hl, score_0000xx
00849   430D 01 E7 00    		ld	bc, 0E7h
00850   4310 54          		ld	d, h
00851   4311 5D          		ld	e, l
00852   4312 1C          		inc	e
00853   4313 36 00       		ld	(hl), 0
00854   4315 ED B0       		ldir
00855   4317             
00856   4317             ;----------------------------------------------------
00857   4317             ;
00858   4317             ; Inicializa los valores para una partida nueva
00859   4317             ;
00860   4317             ;----------------------------------------------------
00861   4317             
00862   4317             setDatosPartida:
00863   4317 21 23 43    		ld	hl, ValoresIniciales
00864   431A 11 50 E0    		ld	de, Vidas
00865   431D 01 07 00    		ld	bc, 7
00866   4320 ED B0       		ldir
00867   4322 C9          		ret
00868   4323 05          ValoresIniciales:db    5
00869   4324             					; Vidas
00870   4324 01          		db    1			; No muestra el	pergamino
00871   4325 00          		db    0			; Contador de vidas extra
00872   4326 02          		db    2			; Flag vivo
00873   4327 01          		db    1			; Piramide actual
00874   4328 01          		db    1			; Piramide destino
00875   4329 08          		db    8			; Direccion de la flecha
00876   432A             
00877   432A             ;----------------------------------------------------
00878   432A             ;
00879   432A             ; Carga	los graficos y prepara la piramide actual
00880   432A             ;
00881   432A             ;----------------------------------------------------
00882   432A             
00883   432A             unpackStage:
00884   432A CD EE 4F    		call	loadGameGfx	; Carga	los graficos y sprites
00885   432D C3 A3 6A    		jp	setupStage	; Descomprime el mapa actual
00886   4330             
00887   4330             ;----------------------------------------------------
00888   4330             ; Cortinilla vertical
00889   4330             ;----------------------------------------------------
00890   4330             
00891   4330             drawCortinilla:
00892   4330 21 03 E0    		ld	hl, timer
00893   4333 35          		dec	(hl)
00894   4334 23          		inc	hl
00895   4335 35          		dec	(hl)
00896   4336 F8          		ret	m
00897   4337             		
00898   4337 7E          		ld	a, (hl)
00899   4338 26 38       		ld	h, 38h		; #3800	es el area del BG map
00900   433A EE 1F       		xor	1Fh
00901   433C 6F          		ld	l, a
00902   433D 06 18       		ld	b, 18h		; Numero de patrones a escribir	verticales
00903   433F AF          		xor	a
00904   4340             
00905   4340             drawCortinilla2:
00906   4340 CD 4D 00    		call	WRTVRM
00907   4343 11 20 00    		ld	de, 20h
00908   4346 19          		add	hl, de		; Siguiente columna
00909   4347 10 F7       		djnz	drawCortinilla2
00910   4349             
00911   4349             
00912   4349             ;----------------------------------------------------
00913   4349             ; Borra	los atributos de los sprites de	la VRAM
00914   4349             ;----------------------------------------------------
00915   4349             
00916   4349             HideSprites:
00917   4349 21 00 3B    		ld	hl, 3B00h	; Sprite attribute area
00918   434C 01 80 00    		ld	bc, 80h		; Numero de bytes a rellenar (32 sprites * 4 bytes)
00919   434F 3E C3       		ld	a, 0C3h		; Valor	a rellenar
00920   4351 CD AB 44    		call	setFillVRAM
00921   4354 AF          		xor	a
00922   4355 C9          		ret
00923   4356             
00924   4356             
00925   4356             ;----------------------------------------------------
00926   4356             ; Oculta los sprites colocando su coordenada Y de los
00927   4356             ; atributos RAM	en #E1
00928   4356             ;----------------------------------------------------
00929   4356             
00930   4356             hideSprAttrib:
00931   4356 06 20       		ld	b, 20h
00932   4358             
00933   4358             hideSprAttrib2:
00934   4358 21 B0 E0    		ld	hl, sprAttrib	; Tabla	de atributos de	los sprites en RAM (Y, X, Spr, Col)
00935   435B             
00936   435B             hideSprAttrib3:
00937   435B 36 E1       		ld	(hl), 0E1h
00938   435D 23          		inc	hl
00939   435E 23          		inc	hl
00940   435F 23          		inc	hl
00941   4360 23          		inc	hl
00942   4361 10 F8       		djnz	hideSprAttrib3
00943   4363 C9          		ret
00944   4364             
00945   4364             ;----------------------------------------------------
00946   4364             ; Quita	momias
00947   4364             ;----------------------------------------------------
00948   4364             
00949   4364             quitaMomias:
00950   4364 21 C8 E0    		ld	hl, enemyAttrib
00951   4367 06 0A       		ld	b, 0Ah
00952   4369 18 F0       		jr	hideSprAttrib3
00953   436B             
00954   436B             
00955   436B             ;----------------------------------------------------
00956   436B             ; Dibuja los textos
00957   436B             ; (C) KONAMI PYRAMID-xx
00958   436B             ; El numero de la piramide se calcula:
00959   436B             ; veces	que se ha terminado el juego * 15 + piramide actual
00960   436B             ;----------------------------------------------------
00961   436B             
00962   436B             drawPyramidNumber:
00963   436B 11 0E 48    		ld	de, TXT_KONAMI_PYR
00964   436E CD 55 40    		call	WriteDataVRAM
00965   4371 3A 58 E0    		ld	a, (numFinishGame) ; Numero de veces que se ha terminado el juego
00966   4374 47          		ld	b, a
00967   4375 87          		add	a, a
00968   4376 87          		add	a, a
00969   4377 87          		add	a, a
00970   4378 87          		add	a, a
00971   4379 90          		sub	b		; x15
00972   437A 47          		ld	b, a
00973   437B 3A 54 E0    		ld	a, (piramideActual)
00974   437E 80          		add	a, b
00975   437F 21 F3 3A    		ld	hl, 3AF3h	; Coordenadas
00976   4382 C3 8B 43    		jp	drawDigit
00977   4385             
00978   4385             
00979   4385             ;----------------------------------------------------
00980   4385             ; Dibuja el numero de vidas
00981   4385             ;----------------------------------------------------
00982   4385             
00983   4385             dibujaVidas:
00984   4385 21 1D 38    		ld	hl, 381Dh	; VRAM address name table = coordendas de las vidas
00985   4388 3A 50 E0    		ld	a, (Vidas)
00986   438B             
00987   438B             drawDigit:
00988   438B CD 93 43    		call	convDecimal
00989   438E 06 01       		ld	b, 1
00990   4390 C3 7D 44    		jp	renderNumber3
00991   4393             
00992   4393             ;----------------------------------------------------
00993   4393             ; Convierte un valor a decimal
00994   4393             ;----------------------------------------------------
00995   4393             
00996   4393             convDecimal:
00997   4393 47          		ld	b, a
00998   4394 D6 64       		sub	64h
00999   4396 30 FB       		jr	nc, convDecimal
01000   4398 0E 00       		ld	c, 0
01001   439A             
01002   439A             convDecimal2:
01003   439A 78          		ld	a, b
01004   439B D6 0A       		sub	0Ah
01005   439D 38 09       		jr	c, convDecimal3
01006   439F F5          		push	af
01007   43A0 79          		ld	a, c
01008   43A1 C6 10       		add	a, 10h
01009   43A3 4F          		ld	c, a
01010   43A4 F1          		pop	af
01011   43A5 47          		ld	b, a
01012   43A6 20 F2       		jr	nz, convDecimal2
01013   43A8             
01014   43A8             convDecimal3:
01015   43A8 79          		ld	a, c
01016   43A9 B0          		or	b
01017   43AA C9          		ret
01018   43AB             
01019   43AB             
01020   43AB             ;----------------------------------------------------
01021   43AB             ; Setup	menu
01022   43AB             ;----------------------------------------------------
01023   43AB             
01024   43AB             SetUpMenu:
01025   43AB CD DB 42    		call	setGfxMenu	; Carga	los graficos del logo del menu
01026   43AE AF          		xor	a
01027   43AF 32 0A E0    		ld	(gameLogoCnt), a
01028   43B2             
01029   43B2             loopDrawLogo:
01030   43B2 CD B8 43    		call	drawGameLogo
01031   43B5 38 FB       		jr	c, loopDrawLogo
01032   43B7 C9          		ret
01033   43B8             ;---------------------------------------------------
01034   43B8             ;
01035   43B8             ; Dibuja el logo de KING'S VALLEY del menu
01036   43B8             ; Lo hace pintando columna a columna cada palabra
01037   43B8             ;
01038   43B8             ;---------------------------------------------------
01039   43B8             
01040   43B8             drawGameLogo:
01041   43B8 21 0A E0    		ld	hl, gameLogoCnt	; Contador para	saber que parte	del logo del menu se esta pintado
01042   43BB 7E          		ld	a, (hl)
01043   43BC 34          		inc	(hl)
01044   43BD FE 16       		cp	16h		; Ha terminado de pintar KING'S VALLEY?
01045   43BF             
01046   43BF             copyProtect_:
01047   43BF D2 F0 43    		jp	nc, drawMenuEnd
01048   43C2 21 A7 38    		ld	hl, 38A7h	; Coordenadas de KING'S
01049   43C5 FE 09       		cp	9		; Ha terminado de pintar "KING'S"?
01050   43C7 38 03       		jr	c, drawGameLogo2
01051   43C9 21 04 39    		ld	hl, 3904h	; Coordenadas de VALLEY
01052   43CC             
01053   43CC             drawGameLogo2:
01054   43CC 4F          		ld	c, a
01055   43CD 85          		add	a, l
01056   43CE 6F          		ld	l, a
01057   43CF 79          		ld	a, c
01058   43D0 87          		add	a, a
01059   43D1 C6 9B       		add	a, 9Bh		; #9B es el primer patron que forma el logo. KING'S(#9B-#AC), VALLEY(#AD-C6)
01060   43D3 4F          		ld	c, a
01061   43D4 06 02       		ld	b, 2		; Numero de patrones a pintar por iteracion
01062   43D6             
01063   43D6             drawGameLogo3:
01064   43D6 79          		ld	a, c
01065   43D7 CD 4D 00    		call	WRTVRM
01066   43DA 3E 20       		ld	a, 20h		; Incrementa la	coordenada Y (siguiente	fila de	patrones)
01067   43DC CD 10 40    		call	ADD_A_HL
01068   43DF 0C          		inc	c
01069   43E0 10 F4       		djnz	drawGameLogo3
01070   43E2             
01071   43E2 7D          		ld	a, l
01072   43E3 D6 EC       		sub	0ECh		; Nametable + #EC = Parte de abajo de la G
01073   43E5 FE 02       		cp	2
01074   43E7 30 05       		jr	nc, drawGameLogo4
01075   43E9 C6 C7       		add	a, 0C7h		; Patron parte de abajo	de la G	de KING'S
01076   43EB CD 4D 00    		call	WRTVRM
01077   43EE             
01078   43EE             drawGameLogo4:
01079   43EE 37          		scf
01080   43EF C9          		ret
01081   43F0             
01082   43F0             drawMenuEnd:
01083   43F0 11 C1 47    		ld	de, TXT_MainMenu
01084   43F3 CD 55 40    		call	WriteDataVRAM	; Imprime "KONAMI 1985" y "PUSH SPACE KEY"
01085   43F6             
01086   43F6 11 BC 4A    		ld	de, GFX_PiramidLogo
01087   43F9 21 92 38    		ld	hl, 3892h	; Coordenadas
01088   43FC 01 06 03    		ld	bc, 306h	; Alto x ancho
01089   43FF CD C8 65    		call	DEtoVRAM_NXNY
01090   4402 AF          		xor	a
01091   4403 C9          		ret
01092   4404             
01093   4404             
01094   4404             ;----------------------------------------------------
01095   4404             ; Muestra informacion pantalla:	marcador, vidas
01096   4404             ;----------------------------------------------------
01097   4404             
01098   4404             renderHUD:
01099   4404 CD 6B 43    		call	drawPyramidNumber
01100   4407             
01101   4407             renderMarcador:
01102   4407 11 AA 47    		ld	de, TXT_Marcador ; "REST SCORE"
01103   440A CD 55 40    		call	WriteDataVRAM
01104   440D CD 85 43    		call	dibujaVidas
01105   4410 18 59       		jr	renderRecord
01106   4412             
01107   4412             ;----------------------------------------------------
01108   4412             ; Actualiza la puntuacion y el record
01109   4412             ;
01110   4412             ; DE = Puntos a	sumar
01111   4412             ; A los	10000 puntos vida extra
01112   4412             ; Luego	cada 20000
01113   4412             ;----------------------------------------------------
01114   4412             
01115   4412             SumaPuntos:
01116   4412 3A 02 E0    		ld	a, (controlPlayer) ; bit 6 = Prota controlado por el jugador
01117   4415 87          		add	a, a
01118   4416 F0          		ret	p		; Esta en modo demo, no	suma puntos
01119   4417             
01120   4417 21 49 E0    		ld	hl, score_0000xx
01121   441A 7E          		ld	a, (hl)
01122   441B 83          		add	a, e
01123   441C 27          		daa
01124   441D 77          		ld	(hl), a		; Actualiza unidades/decenas
01125   441E             
01126   441E 5F          		ld	e, a
01127   441F 2C          		inc	l
01128   4420 7E          		ld	a, (hl)
01129   4421 8A          		adc	a, d		; Suma el acarreo de la	anterior operacion
01130   4422 27          		daa
01131   4423 77          		ld	(hl), a		; Actualiza centenas/unidades de millar
01132   4424             
01133   4424 57          		ld	d, a
01134   4425 23          		inc	hl
01135   4426 30 2B       		jr	nc, setRecord	; No han cambiado la decenas de	millar
01136   4428             
01137   4428 7E          		ld	a, (hl)
01138   4429 C6 01       		add	a, 1		; Incrementa decenas de	millar x0000
01139   442B 27          		daa
01140   442C 77          		ld	(hl), a
01141   442D 30 0D       		jr	nc, chkExtraLife ; Comprueba si	obtiene	una vida extra
01142   442F             
01143   442F 01 99 99    		ld	bc, 9999h	; Maxima puntuacion posible
01144   4432 ED 43 43 E0 		ld	(record_0000xx), bc
01145   4436 ED 43 44 E0 		ld	(record_0000xx+1), bc ;	Recors = 999999
01146   443A 18 2F       		jr	renderRecord
01147   443C             
01148   443C             chkExtraLife:
01149   443C 3A 52 E0    		ld	a, (extraLifeCounter)
01150   443F BE          		cp	(hl)
01151   4440 30 11       		jr	nc, setRecord
01152   4442             
01153   4442 D5          		push	de
01154   4443 E5          		push	hl
01155   4444 C6 02       		add	a, 2		; Cada 20000 puntos
01156   4446 27          		daa
01157   4447 30 02       		jr	nc, chkExtraLife2
01158   4449 3E FF       		ld	a, 0FFh
01159   444B             
01160   444B             chkExtraLife2:
01161   444B 32 52 E0    		ld	(extraLifeCounter), a ;	Siguiente multiplo de 10.000 en	el que obtendra	una vida extra
01162   444E CD AC 6E    		call	VidaExtra	; Suma vida extra
01163   4451 E1          		pop	hl
01164   4452 D1          		pop	de
01165   4453             
01166   4453             setRecord:
01167   4453 3A 45 E0    		ld	a, (record_xx0000)
01168   4456 46          		ld	b, (hl)
01169   4457 90          		sub	b
01170   4458 38 09       		jr	c, setRecord2	; La puntuacion	es mayor que el	record actual. Actualiza el record
01171   445A             
01172   445A 20 18       		jr	nz, renderScore	; Es menor
01173   445C             
01174   445C 2A 43 E0    		ld	hl, (record_0000xx)
01175   445F ED 52       		sbc	hl, de
01176   4461 30 11       		jr	nc, renderScore
01177   4463             
01178   4463             setRecord2:
01179   4463 ED 53 43 E0 		ld	(record_0000xx), de
01180   4467 78          		ld	a, b
01181   4468 32 45 E0    		ld	(record_xx0000), a
01182   446B             
01183   446B             renderRecord:
01184   446B 11 45 E0    		ld	de, record_xx0000
01185   446E 21 11 38    		ld	hl, 3811h	; Coordenadas /	Direccion VRAM
01186   4471 CD 7A 44    		call	renderNumber
01187   4474             
01188   4474             renderScore:
01189   4474 21 07 38    		ld	hl, 3807h	; Coordenadas /	Direccion VRAM
01190   4477 11 4B E0    		ld	de, score_xx0000
01191   447A             
01192   447A             renderNumber:
01193   447A 06 03       		ld	b, 3		; Imprime 3 pares de numeros (cada byte	son dos	numeros)
01194   447C             
01195   447C             renderNumber2:
01196   447C 1A          		ld	a, (de)
01197   447D             
01198   447D             renderNumber3:
01199   447D C5          		push	bc
01200   447E CD 94 44    		call	AL_C__AH_B	; Copia	el nibble alto de A en B y el bajo en C
01201   4481 78          		ld	a, b
01202   4482 C6 10       		add	a, 10h		; Numero de patron que corresponde con el '0'
01203   4484 CD 4D 00    		call	WRTVRM
01204   4487             
01205   4487 23          		inc	hl		; Incrementa la	coordenada X
01206   4488 79          		ld	a, c
01207   4489 C6 10       		add	a, 10h		; Numero de patron que corresponde con el '0'
01208   448B CD 4D 00    		call	WRTVRM
01209   448E             
01210   448E 1B          		dec	de		; Siguiente pareja (byte)
01211   448F 23          		inc	hl		; Siguiente posicion VRAM
01212   4490 C1          		pop	bc
01213   4491 10 E9       		djnz	renderNumber2
01214   4493 C9          		ret
01215   4494             
01216   4494             
01217   4494             ;----------------------------------------------------
01218   4494             ; Copia	el nibble alto de A en B y el bajo en C
01219   4494             ;----------------------------------------------------
01220   4494             
01221   4494             AL_C__AH_B:
01222   4494 F5          		push	af		; Copia	el nibble alto de A en B y el bajo en C
01223   4495 1F          		rra
01224   4496 1F          		rra
01225   4497 1F          		rra
01226   4498 1F          		rra
01227   4499 E6 0F       		and	0Fh
01228   449B 47          		ld	b, a
01229   449C F1          		pop	af
01230   449D E6 0F       		and	0Fh
01231   449F 4F          		ld	c, a
01232   44A0 C9          		ret
01233   44A1             
01234   44A1             ;----------------------------------------------------
01235   44A1             ;
01236   44A1             ; Borra	la pantalla
01237   44A1             ;
01238   44A1             ; Oculta los sprites y borra la	tabla de nombres
01239   44A1             ;
01240   44A1             ;----------------------------------------------------
01241   44A1             
01242   44A1             clearScreen:
01243   44A1 CD 49 43    		call	HideSprites
01244   44A4 21 00 78    		ld	hl, 7800h	; Tabla	de nombres (#3800) VRAM	= 16K #0000-#3FFF
01245   44A7 01 00 03    		ld	bc, 300h	; Name table size
01246   44AA AF          		xor	a
01247   44AB             
01248   44AB             ;----------------------------------------------------
01249   44AB             ; Rellena la VRAM
01250   44AB             ; HL = Direccion VRAM
01251   44AB             ; A = Dato
01252   44AB             ; BC = Numero de bytes
01253   44AB             ;----------------------------------------------------
01254   44AB             
01255   44AB             setFillVRAM:
01256   44AB CD 36 45    		call	setVDPWrite
01257   44AE             
01258   44AE             fillVRAM:
01259   44AE 08          		ex	af, af'
01260   44AF             
01261   44AF             VRAM_write2:
01262   44AF 08          		ex	af, af'
01263   44B0 D9          		exx
01264   44B1 ED 79       		out	(c), a
01265   44B3 D9          		exx
01266   44B4 08          		ex	af, af'
01267   44B5 0B          		dec	bc
01268   44B6 78          		ld	a, b
01269   44B7 B1          		or	c
01270   44B8 20 F5       		jr	nz, VRAM_write2
01271   44BA 08          		ex	af, af'
01272   44BB C9          		ret
01273   44BC             
01274   44BC             ;----------------------------------------------------
01275   44BC             ; Rellena BC bytes de VRAM con el dato (DE)
01276   44BC             ;----------------------------------------------------
01277   44BC             
01278   44BC             fillVRAM_DE:
01279   44BC 1A          		ld	a, (de)
01280   44BD 13          		inc	de
01281   44BE 18 EE       		jr	fillVRAM
01282   44C0             
01283   44C0             ;----------------------------------------------------
01284   44C0             ;
01285   44C0             ; Transfiere datos desde la RAM	a la VRAM
01286   44C0             ; HL = Direccion de destino en la VRAM
01287   44C0             ; DE = Origen
01288   44C0             ; BC = Numero de datos
01289   44C0             ;
01290   44C0             ;----------------------------------------------------
01291   44C0             
01292   44C0             DEtoVRAMset:
01293   44C0 CD 36 45    		call	setVDPWrite
01294   44C3             
01295   44C3             
01296   44C3             ;----------------------------------------------------
01297   44C3             ;
01298   44C3             ; Transfiere datos desde la RAM	a la VRAM
01299   44C3             ; DE = Origen
01300   44C3             ; BC = Numero de datos
01301   44C3             ;
01302   44C3             ;----------------------------------------------------
01303   44C3             
01304   44C3             DEtoVRAM:
01305   44C3 1A          		ld	a, (de)
01306   44C4 D9          		exx
01307   44C5 ED 79       		out	(c), a
01308   44C7 D9          		exx
01309   44C8 13          		inc	de
01310   44C9 0B          		dec	bc
01311   44CA 78          		ld	a, b
01312   44CB B1          		or	c
01313   44CC 20 F5       		jr	nz, DEtoVRAM
01314   44CE C9          		ret
01315   44CF             
01316   44CF             
01317   44CF             ;----------------------------------------------------
01318   44CF             ; Carga	la fuente y rellena la tabla de	color
01319   44CF             ;----------------------------------------------------
01320   44CF             
01321   44CF             loadFont:
01322   44CF 11 7D 46    		ld	de, GFX_Font
01323   44D2 21 80 20    		ld	hl, 2080h	; Pattern generator table addres (pattern 16)
01324   44D5 CD F1 44    		call	UnpackPatterns
01325   44D8             
01326   44D8 3E F0       		ld	a, 0F0h		; Color	blanco sobre negro
01327   44DA 21 80 00    		ld	hl, 80h		; Color	table address (tile 16)
01328   44DD 01 80 01    		ld	bc, 180h	; Numero de bytes a rellenar
01329   44E0             
01330   44E0             fillVRAM3Bank:
01331   44E0 16 03       		ld	d, 3
01332   44E2             
01333   44E2             fillVRAM3Bank2:
01334   44E2 C5          		push	bc
01335   44E3 D5          		push	de
01336   44E4 CD AB 44    		call	setFillVRAM	; Rellena la tabla de color
01337   44E7 11 00 08    		ld	de, 800h	; Siguiente banco
01338   44EA 19          		add	hl, de
01339   44EB D1          		pop	de
01340   44EC C1          		pop	bc
01341   44ED 15          		dec	d
01342   44EE 20 F2       		jr	nz, fillVRAM3Bank2
01343   44F0 C9          		ret
01344   44F1             ;----------------------------------------------------
01345   44F1             ;
01346   44F1             ; Descomprime datos de la tabla	de patrones o de colores
01347   44F1             ; en los tres bancos de	la pantalla
01348   44F1             ;
01349   44F1             ;----------------------------------------------------
01350   44F1             
01351   44F1             UnpackPatterns:
01352   44F1 06 03       		ld	b, 3
01353   44F3             
01354   44F3             setPatternDatax_:
01355   44F3 C5          		push	bc
01356   44F4 D5          		push	de
01357   44F5 CD 1A 45    		call	unpackGFX
01358   44F8 11 00 08    		ld	de, 800h	; Siguiente banco
01359   44FB 19          		add	hl, de
01360   44FC D1          		pop	de
01361   44FD C1          		pop	bc
01362   44FE 10 F3       		djnz	setPatternDatax_
01363   4500 C9          		ret
01364   4501             
01365   4501             
01366   4501             ;----------------------------------------------------
01367   4501             ; (!?) Codigo no usado!!
01368   4501             ;----------------------------------------------------
01369   4501 D9          		exx
01370   4502 06 03       		ld	b, 3
01371   4504             
01372   4504             loc_4504:
01373   4504 D9          		exx
01374   4505 C5          		push	bc
01375   4506 D5          		push	de
01376   4507 CD C0 44    		call	DEtoVRAMset
01377   450A 11 00 08    		ld	de, 800h
01378   450D 19          		add	hl, de
01379   450E D1          		pop	de
01380   450F C1          		pop	bc
01381   4510 D9          		exx
01382   4511 10 F1       		djnz	loc_4504
01383   4513 C9          		ret
01384   4514             
01385   4514             ;----------------------------------------------------
01386   4514             ; DE:
01387   4514             ; +0 DW	direccion VRAM donde descomprimir
01388   4514             ;
01389   4514             ;----------------------------------------------------
01390   4514             
01391   4514             unpackGFXset:
01392   4514 EB          		ex	de, hl
01393   4515 5E          		ld	e, (hl)
01394   4516 23          		inc	hl
01395   4517 56          		ld	d, (hl)
01396   4518 EB          		ex	de, hl		; HL = Direccion de la VRAM
01397   4519 13          		inc	de
01398   451A             ;---------------------------------------------------------------
01399   451A             ; Interpreta los datos graficos
01400   451A             ;
01401   451A             ; DE = Datos a interpretar
01402   451A             ; HL = VRAM address
01403   451A             ;
01404   451A             ; +0: Numero de	veces a	repetir	un dato
01405   451A             ; +1: Dato a repetir
01406   451A             ;
01407   451A             ; Si el	bit7 del numero	de veces a repetir esta	activo:
01408   451A             ; +0: Cantidad de bytes	a transferir a VRAM
01409   451A             ; +1: Datos a transferir
01410   451A             ;
01411   451A             ; 0 = Fin de datos
01412   451A             ;---------------------------------------------------------------
01413   451A             
01414   451A             
01415   451A             unpackGFX:
01416   451A CD 36 45    		call	setVDPWrite
01417   451D             
01418   451D             unpackGFX2:
01419   451D 1A          		ld	a, (de)
01420   451E E6 7F       		and	7Fh
01421   4520 4F          		ld	c, a
01422   4521 1A          		ld	a, (de)
01423   4522 13          		inc	de
01424   4523 20 04       		jr	nz, unpackGFX3
01425   4525 B9          		cp	c
01426   4526 20 EC       		jr	nz, unpackGFXset ; Cambia a una	nueva posicion en la VRAM
01427   4528 C9          		ret
01428   4529             
01429   4529             unpackGFX3:
01430   4529 06 00       		ld	b, 0
01431   452B B9          		cp	c
01432   452C F5          		push	af
01433   452D C4 C3 44    		call	nz, DEtoVRAM	; Transfiere desde DE a	VRAM (BC bytes)
01434   4530 F1          		pop	af
01435   4531 CC BC 44    		call	z, fillVRAM_DE
01436   4534 18 E7       		jr	unpackGFX2
01437   4536             
01438   4536             ;----------------------------------------------------
01439   4536             ; Prepara el VDP para escritura
01440   4536             ;----------------------------------------------------
01441   4536             
01442   4536             setVDPWrite:
01443   4536 08          		ex	af, af'
01444   4537 CD 53 00    		call	SETWR
01445   453A D9          		exx
01446   453B 3A 06 00    		ld	a, (byte_6)
01447   453E 4F          		ld	c, a
01448   453F D9          		exx
01449   4540 08          		ex	af, af'
01450   4541 C9          		ret
01451   4542             
01452   4542             
01453   4542             ;----------------------------------------------------
01454   4542             ;(!?) Codigo no	usado
01455   4542             ;----------------------------------------------------
01456   4542 CD 50 00    		call	SETRD		; Prepara el VDP para lectura
01457   4545 D9          		exx
01458   4546 3A 07 00    		ld	a, (byte_7)
01459   4549 4F          		ld	c, a
01460   454A D9          		exx
01461   454B C9          		ret
01462   454C             
01463   454C             ;----------------------------------------------------
01464   454C             ; Invierte un sprite
01465   454C             ; HL = Direccion VRAM original
01466   454C             ; DE = Direccion VRAM invertido
01467   454C             ;----------------------------------------------------
01468   454C             
01469   454C             flipSprites:
01470   454C D5          		push	de
01471   454D             
01472   454D             flipSprite2:
01473   454D 06 10       		ld	b, 10h
01474   454F             
01475   454F             flipSprite3:
01476   454F CD 8F 45    		call	InviertePatron
01477   4552 23          		inc	hl
01478   4553 1C          		inc	e
01479   4554 10 F9       		djnz	flipSprite3
01480   4556             
01481   4556 7B          		ld	a, e
01482   4557 D6 20       		sub	20h
01483   4559 5F          		ld	e, a
01484   455A CB 63       		bit	4, e
01485   455C 28 EF       		jr	z, flipSprite2
01486   455E             
01487   455E D1          		pop	de
01488   455F 3E 20       		ld	a, 20h
01489   4561 CD 15 40    		call	ADD_A_DE
01490   4564 0D          		dec	c
01491   4565 20 E5       		jr	nz, flipSprites
01492   4567 C9          		ret
01493   4568             
01494   4568             ;----------------------------------------------------
01495   4568             ; Invierte patrones
01496   4568             ; HL = Direccion VRAM patrones originales
01497   4568             ; DE = Direccion VRAM patrones invertido
01498   4568             ; C = Numero de	patrones a invertir
01499   4568             ;----------------------------------------------------
01500   4568             
01501   4568             FlipPatrones:
01502   4568 06 03       		ld	b, 3		; Numero de bancos de tiles
01503   456A             
01504   456A             flipPatron2:
01505   456A C5          		push	bc
01506   456B E5          		push	hl
01507   456C D5          		push	de
01508   456D             
01509   456D             flipPatron3:
01510   456D 06 08       		ld	b, 8
01511   456F             
01512   456F             flipPatron4:
01513   456F CD 8F 45    		call	InviertePatron
01514   4572 23          		inc	hl
01515   4573 13          		inc	de
01516   4574 10 F9       		djnz	flipPatron4
01517   4576 0D          		dec	c
01518   4577 20 F4       		jr	nz, flipPatron3
01519   4579 E1          		pop	hl
01520   457A 11 00 08    		ld	de, 800h	; Distancia al siguiente banco
01521   457D 19          		add	hl, de
01522   457E EB          		ex	de, hl
01523   457F E1          		pop	hl
01524   4580 C1          		pop	bc
01525   4581 10 E7       		djnz	flipPatron2
01526   4583 C9          		ret
01527   4584             
01528   4584             ;----------------------------------------------------
01529   4584             ; Invierte un byte
01530   4584             ; In: A	= Byte a invertir
01531   4584             ; Out: A = byte	invertido
01532   4584             ;----------------------------------------------------
01533   4584             
01534   4584             invierteByte:
01535   4584 C5          		push	bc
01536   4585 4F          		ld	c, a
01537   4586 06 08       		ld	b, 8
01538   4588             
01539   4588             invierteByte2:
01540   4588 CB 19       		rr	c
01541   458A 17          		rla
01542   458B 10 FB       		djnz	invierteByte2
01543   458D C1          		pop	bc
01544   458E C9          		ret
01545   458F             
01546   458F             
01547   458F             ;----------------------------------------------------
01548   458F             ; Invierte un patron en	la VRAM
01549   458F             ; HL = Direccion patron	original
01550   458F             ; DE = Direccion patron	invertido
01551   458F             ;----------------------------------------------------
01552   458F             
01553   458F             InviertePatron:
01554   458F CD 4A 00    		call	RDVRM
01555   4592 CD 84 45    		call	invierteByte
01556   4595 EB          		ex	de, hl
01557   4596 CD 4D 00    		call	WRTVRM
01558   4599 EB          		ex	de, hl
01559   459A C9          		ret
01560   459B             
01561   459B             
01562   459B             ;----------------------------------------------------
01563   459B             ; Inicializa el	hardware
01564   459B             ; Silencia el PSG, borra la VRAM y pone	el modo	de video
01565   459B             ;----------------------------------------------------
01566   459B             
01567   459B             initHardware:
01568   459B 3E B8       		ld	a, 10111000b
01569   459D CD 2D 7B    		call	SetPSGMixer
01570   45A0             
01571   45A0 3E 20       		ld	a, 20h		; Silencio
01572   45A2 CD A9 7A    		call	setMusic
01573   45A5             
01574   45A5 11 00 00    		ld	de, 0		; (!?) No tendría que ser HL? Aunque la proteccion anticopia use DE, la rutina "setFillVRAM" usa HL
01575   45A8 01 00 40    		ld	bc, 4000h
01576   45AB AF          		xor	a
01577   45AC CD 9C 40    		call	VRAM_writeAC
01578   45AF             
01579   45AF             ;----------------------------------------------------
01580   45AF             ;
01581   45AF             ; Modo de video:
01582   45AF             ;
01583   45AF             ; Screen 2
01584   45AF             ; Sprites 16x16	unzoomed
01585   45AF             ; Pattern name table = #3800-#3AFF
01586   45AF             ; Pattern color	table =	#0000-#17FF
01587   45AF             ; Pattern generator table = #2000-#37FF
01588   45AF             ; Sprite atribute table	= #3b00-#3B7F
01589   45AF             ; Sprite generator table = #1800-#1FFF
01590   45AF             ; Background color = #E4 (Gris/Azul)
01591   45AF             ;----------------------------------------------------
01592   45AF             
01593   45AF             SetVideoMode:
01594   45AF 21 C0 45    		ld	hl, VDP_InitData
01595   45B2 16 08       		ld	d, 8
01596   45B4 0E 00       		ld	c, 0
01597   45B6             
01598   45B6             setVideoMode2:
01599   45B6 46          		ld	b, (hl)
01600   45B7 CD 47 00    		call	WRTVDP
01601   45BA 23          		inc	hl
01602   45BB 0C          		inc	c
01603   45BC 15          		dec	d
01604   45BD 20 F7       		jr	nz, setVideoMode2
01605   45BF C9          		ret
01606   45C0             
01607   45C0 02          VDP_InitData:	db 2
01608   45C1 E2          		db 0E2h
01609   45C2 0E          		db 0Eh
01610   45C3 7F          		db 7Fh
01611   45C4 07          		db 7
01612   45C5 76          		db 76h
01613   45C6 03          		db 3
01614   45C7 E4          		db 0E4h
01615   45C8             
01616   45C8             
01617   45C8             ;----------------------------------------------------
01618   45C8             ;
01619   45C8             ; Actualiza el estado de los controles
01620   45C8             ;
01621   45C8             ;----------------------------------------------------
01622   45C8             
01623   45C8             chkControls:
01624   45C8 21 02 E0    		ld	hl, controlPlayer ; bit	6 = Prota controlado por el jugador
01625   45CB CB 76       		bit	6, (hl)
01626   45CD 20 0C       		jr	nz, UpdateKeys	; No esta en modo demo
01627   45CF             
01628   45CF 3A 00 E0    		ld	a, (GameStatus)
01629   45D2 FE 05       		cp	5
01630   45D4 20 05       		jr	nz, UpdateKeys	; No esta en modo de juego
01631   45D6             
01632   45D6             ReplaySavedMov:
01633   45D6 CD 21 46    		call	ControlProtaDemo ; Lee los movimientos grabados	de la demo
01634   45D9 18 03       		jr	storeControls	; Actualiza el valor de	los controles
01635   45DB             
01636   45DB             UpdateKeys:
01637   45DB CD E8 45    		call	ReadKeys	; Lee el estado	de los cursores	y el joystick
01638   45DE             
01639   45DE             storeControls:
01640   45DE 21 09 E0    		ld	hl, KeyHold	; 1 = Arriba, 2	= Abajo, 4 = Izquierda,	8 = Derecha, #10 = Boton A, #20	=Boton B
01641   45E1             
01642   45E1             StoreKeyValues:
01643   45E1 4E          		ld	c, (hl)		; Lee valores anteriores
01644   45E2 77          		ld	(hl), a		; Guarda los nuevos en KeyHold
01645   45E3 A9          		xor	c		; Borra	las teclas que siguen pulsadas
01646   45E4 A6          		and	(hl)		; Se queda con las que se acaban de pulsar
01647   45E5 2B          		dec	hl
01648   45E6 77          		ld	(hl), a		; Lo guarda en KeyTrigger
01649   45E7 C9          		ret
01650   45E8             
01651   45E8             
01652   45E8             
01653   45E8             ;---------------------------------------------------------------------------
01654   45E8             ; Lee el estado	de los cursores	y del joystick
01655   45E8             ; 0: Arriba
01656   45E8             ; 1: Abajo
01657   45E8             ; 2: Izquierda
01658   45E8             ; 3: Derecha
01659   45E8             ; 4: Boton A / Space
01660   45E8             ; 5: Boton B / Select
01661   45E8             ;---------------------------------------------------------------------------
01662   45E8             
01663   45E8             ReadKeys:
01664   45E8 1E 8F       		ld	e, 8Fh
01665   45EA 3E 0F       		ld	a, 0Fh		; I/O port B
01666   45EC CD 93 00    		call	WRTPSG		; Write	PSG
01667   45EF 3E 0E       		ld	a, 0Eh
01668   45F1 F3          		di
01669   45F2 CD 96 00    		call	RDPSG		; Lee el estado	del joystick
01670   45F5 FB          		ei
01671   45F6 2F          		cpl
01672   45F7 E6 3F       		and	3Fh
01673   45F9             
01674   45F9 F5          		push	af
01675   45FA 3E 07       		ld	a, 7
01676   45FC CD 41 01    		call	SNSMAT		;  Read	keyboard row
01677   45FF 2F          		cpl
01678   4600 0F          		rrca
01679   4601 E6 20       		and	20h
01680   4603 5F          		ld	e, a		; SELECT
01681   4604             
01682   4604 3E 08       		ld	a, 8
01683   4606 CD 41 01    		call	SNSMAT		;  Read	keyboard row
01684   4609 2F          		cpl
01685   460A 0F          		rrca
01686   460B 0F          		rrca
01687   460C 47          		ld	b, a
01688   460D E6 04       		and	4
01689   460F B3          		or	e
01690   4610 4F          		ld	c, a
01691   4611 78          		ld	a, b
01692   4612 0F          		rrca
01693   4613 0F          		rrca
01694   4614 47          		ld	b, a
01695   4615 E6 18       		and	18h
01696   4617 B1          		or	c
01697   4618 4F          		ld	c, a
01698   4619 78          		ld	a, b
01699   461A 0F          		rrca
01700   461B E6 03       		and	3
01701   461D B1          		or	c
01702   461E C1          		pop	bc
01703   461F B0          		or	b
01704   4620 C9          		ret
01705   4621             
01706   4621             
01707   4621             ;----------------------------------------------------
01708   4621             ; Interpreta la	secuencia de pulsaciones grabada para la demo
01709   4621             ;----------------------------------------------------
01710   4621             
01711   4621             ControlProtaDemo:
01712   4621 21 82 E0    		ld	hl, KeyHoldCntDemo
01713   4624 35          		dec	(hl)		; decrementa tiempo de la pulsacion
01714   4625 46          		ld	b, (hl)
01715   4626             
01716   4626 2A 80 E0    		ld	hl, (keyPressDemo) ; Puntero a los controles grabados
01717   4629 7E          		ld	a, (hl)		; Controles pulsados
01718   462A             
01719   462A F5          		push	af
01720   462B 78          		ld	a, b
01721   462C B7          		or	a
01722   462D 20 13       		jr	nz, controlDemo2 ; Aun sigue la	tecla apretada
01723   462F             
01724   462F 23          		inc	hl
01725   4630 7E          		ld	a, (hl)		; Tiempo que hay que mantener las nuevas pulsaciones
01726   4631 FE FF       		cp	0FFh		; Ha terminado la demo?
01727   4633 20 06       		jr	nz, controlDemo1
01728   4635             
01729   4635 AF          		xor	a
01730   4636 32 53 E0    		ld	(flagVivo), a	; Fin de la demo
01731   4639 18 07       		jr	controlDemo2
01732   463B             
01733   463B             controlDemo1:
01734   463B 32 82 E0    		ld	(KeyHoldCntDemo), a ; Actualiza	el tiempo de pulsacion
01735   463E 23          		inc	hl
01736   463F 22 80 E0    		ld	(keyPressDemo),	hl ; Puntero a los controles grabados
01737   4642             
01738   4642             controlDemo2:
01739   4642 F1          		pop	af
01740   4643 C9          		ret
01741   4644             ;----------------------------------------------------------------------------
01742   4644             ;
01743   4644             ; Funcion que comprueba	si se pulsa una	tecla mientras no se esta jugando
01744   4644             ; Si se	pulsa, salta al	menu
01745   4644             ; Si ya	estaba en el menu comienza una partida.
01746   4644             ;
01747   4644             ;----------------------------------------------------------------------------
01748   4644             
01749   4644             chkPushAnyKey:
01750   4644 CD 3E 40    		call	ReadKeys_AC	; (!?) Cuidado
01751   4647 21 41 E0    		ld	hl, KeyHold2
01752   464A CD E1 45    		call	StoreKeyValues
01753   464D B7          		or	a
01754   464E C8          		ret	z		; No se	ha pulsado ninguna tecla
01755   464F             
01756   464F F5          		push	af
01757   4650 3E 20       		ld	a, 20h		; Silencio
01758   4652 CD A9 7A    		call	setMusic
01759   4655 F1          		pop	af
01760   4656             
01761   4656 47          		ld	b, a
01762   4657 AF          		xor	a
01763   4658 32 04 E0    		ld	(waitCounter), a
01764   465B 3E 01       		ld	a, 1		; Status menu
01765   465D 21 00 E0    		ld	hl, GameStatus
01766   4660 BE          		cp	(hl)
01767   4661 28 0A       		jr	z, StartGame_0	; Si esta en el	menu comienza una partida
01768   4663             
01769   4663 77          		ld	(hl), a		; Pone status de menu
01770   4664 CD A1 44    		call	clearScreen
01771   4667 CD C5 42    		call	setColor
01772   466A C3 AB 43    		jp	SetUpMenu
01773   466D             
01774   466D             StartGame_0:
01775   466D 78          		ld	a, b
01776   466E E6 30       		and	30h
01777   4670 C8          		ret	z		; No ha	pulsado	el disparo 1 o 2
01778   4671             
01779   4671 21 02 E0    		ld	hl, controlPlayer ; bit	6 = Prota controlado por el jugador
01780   4674 CB F6       		set	6, (hl)		; Control manual
01781   4676 21 03 00    		ld	hl, 3		; Game start status
01782   4679 22 00 E0    		ld	(GameStatus), hl ; Status parpadea PUSH	START
01783   467C C9          		ret
01784   467D             
01785   467D             
01786   467D             ;----------------------------------------------------
01787   467D             ; Graficos de la fuente
01788   467D             ;----------------------------------------------------
01789   467D             GFX_Font:	db 8Bh,	0, 1Ch,	22h, 63h, 63h, 63h, 22h, 1Ch, 0, 18h, 38h, 4, 18h, 0CEh, 7Eh
01789   467D 8B001C22636363221C0018380418CE7E
01790   468D             		db 0, 3Eh, 63h,	3, 0Eh,	3Ch, 70h, 7Fh, 0, 3Eh, 63h, 3, 0Eh, 3, 63h, 3Eh
01790   468D 003E63030E3C707F003E63030E03633E
01791   469D             		db 0, 0Eh, 1Eh,	36h, 66h, 66h, 7Fh, 6, 0, 7Fh, 60h, 7Eh, 63h, 3, 63h, 3Eh
01791   469D 000E1E3666667F06007F607E6303633E
01792   46AD             		db 0, 3Eh, 63h,	60h, 7Eh, 63h, 63h, 3Eh, 0, 7Fh, 63h, 6, 0Ch, 18h, 18h,	18h
01792   46AD 003E63607E63633E007F63060C181818
01793   46BD             		db 0, 3Eh, 63h,	63h, 3Eh, 63h, 63h, 3Eh, 0, 3Eh, 63h, 63h, 3Fh,	3, 63h,	3Eh
01793   46BD 003E63633E63633E003E63633F03633E
01794   46CD             		db 3Ch,	42h, 99h, 0A1h,	0A1h, 99h, 42h,	3Ch, 18h, 3Ch, 18h, 8, 10h, 27h, 0, 1
01794   46CD 3C4299A1A199423C183C180810270001
01795   46DD             		db 7Eh,	4, 0, 0C1h, 1Ch, 36h, 63h, 63h,	7Fh, 63h, 63h, 0, 7Eh, 63h, 63h, 7Eh
01795   46DD 7E0400C11C3663637F6363007E63637E
01796   46ED             		db 63h,	63h, 7Eh, 0, 3Eh, 63h, 60h, 60h, 60h, 63h, 3Eh,	0, 7Ch,	66h, 63h, 63h
01796   46ED 63637E003E63606060633E007C666363
01797   46FD             		db 63h,	66h, 7Ch, 0, 7Fh, 60h, 60h, 7Eh, 60h, 60h, 7Fh,	0, 7Fh,	60h, 60h, 7Eh
01797   46FD 63667C007F60607E60607F007F60607E
01798   470D             		db 60h,	60h, 60h, 0, 3Eh, 63h, 60h, 67h, 63h, 63h, 3Fh,	0, 63h,	63h, 63h, 7Fh
01798   470D 606060003E63606763633F006363637F
01799   471D             		db 63h,	63h, 63h, 0, 3Ch, 5, 18h, 83h, 3Ch, 0, 1Fh, 4, 6, 8Bh, 66h, 3Ch
01799   471D 636363003C0518833C001F04068B663C
01800   472D             		db 0, 63h, 66h,	6Ch, 78h, 7Ch, 6Eh, 67h, 0, 6, 60h, 93h, 7Fh, 0, 63h, 77h
01800   472D 0063666C787C6E67000660937F006377
01801   473D             		db 7Fh,	7Fh, 6Bh, 63h, 63h, 0, 63h, 73h, 7Bh, 7Fh, 6Fh,	67h, 63h, 0, 3Eh, 5
01801   473D 7F7F6B63630063737B7F6F6763003E05
01802   474D             		db 63h,	0A3h, 3Eh, 0, 7Eh, 63h,	63h, 63h, 7Eh, 60h, 60h, 0, 3Eh, 63h, 63h, 63h
01802   474D 63A33E007E6363637E6060003E636363
01803   475D             		db 6Fh,	66h, 3Dh, 0, 7Eh, 63h, 63h, 62h, 7Ch, 66h, 63h,	0, 3Eh,	63h, 60h, 3Eh
01803   475D 6F663D007E6363627C6663003E63603E
01804   476D             		db 3, 63h, 3Eh,	0, 7Eh,	6, 18h,	1, 0, 6, 63h, 82h, 3Eh,	0, 4, 63h
01804   476D 03633E007E061801000663823E000463
01805   477D             		db 0A4h, 36h, 1Ch, 8, 0, 63h, 63h, 6Bh,	6Bh, 7Fh, 77h, 22h, 0, 63h, 76h, 3Ch
01805   477D A4361C080063636B6B7F77220063763C
01806   478D             		db 1Ch,	1Eh, 37h, 63h, 0, 66h, 66h, 7Eh, 3Ch, 18h, 18h,	18h, 0,	7Fh, 7,	0Eh
01806   478D 1C1E37630066667E3C181818007F070E
01807   479D             		db 1Ch,	38h, 70h, 7Fh, 0, 3, 24h, 4, 0,	0
01807   479D 1C38707F000324040000
01808   47A7             
01809   47A7             ; Grafico del espacio en blanco
01810   47A7 08          GFX_Space:	db 8
01811   47A8 FF          		db 0FFh
01812   47A9 00          		db    0
01813   47AA             
01814   47AA             
01815   47AA             ;----------------------------------------------------
01816   47AA             ; Textos del marcador
01817   47AA             ; Formato:
01818   47AA             ; - Coordenadas/direccion VRAM (2 bytes)
01819   47AA             ; - Patrones
01820   47AA             ; - #FE	= Leer nuevas coordenadas y datos
01821   47AA             ; - #FF	= Fin
01822   47AA             ;----------------------------------------------------
01823   47AA 18 38       TXT_Marcador:	dw 3818h
01824   47AC 3225333420  		db  32h, 25h, 33h, 34h,	20h ; REST
01825   47B1 FE          		db 0FEh
01826   47B2             
01827   47B2             
01828   47B2 01 38       		dw 3801h
01829   47B4             		db 33h,	23h, 2Fh, 32h, 25h, 20h	; SCORE
01829   47B4 33232F322520
01830   47BA FE          		db 0FEh
01831   47BB             
01832   47BB             
01833   47BB 0E 38       		dw 380Eh
01834   47BD 28 29 20    		db 28h,	29h, 20h	; HI
01835   47C0 FF          		db 0FFh
01836   47C1             
01837   47C1             
01838   47C1             ;----------------------------------------------------
01839   47C1             ; Textos del menu principal
01840   47C1             ; "KONAMI 1985"
01841   47C1             ; "PUSH SPACE KEY"
01842   47C1             ;----------------------------------------------------
01843   47C1 AA 39       TXT_MainMenu:	dw 39AAh
01844   47C3             		db 1Ah,	2Bh, 2Fh, 2Eh, 21h, 2Dh, 29h, 0, 11h, 19h, 18h,	15h ; KONAMI 1985
01844   47C3 1A2B2F2E212D290011191815
01845   47CF FE          		db 0FEh
01846   47D0             
01847   47D0             
01848   47D0 49 3A       		dw 3A49h
01849   47D2             		db 30h,	35h, 33h, 28h, 0, 33h, 30h, 21h, 23h, 25h, 0, 2Bh, 25h,	39h ; PUSH SPACE KEY
01849   47D2 30353328003330212325002B2539
01850   47E0 FF          		db 0FFh
01851   47E1             
01852   47E1             ;----------------------------------------------------
01853   47E1             ; Texto	"PLAY START"
01854   47E1             ;----------------------------------------------------
01855   47E1 49 3A       TXT_PLAY_START:	dw 3A49h
01856   47E3             		db 0, 0, 30h, 2Ch, 21h,	39h, 0 ; PLAY
01856   47E3 0000302C213900
01857   47EA             
01858   47EA             
01859   47EA             		db 33h,	34h, 21h, 32h, 34h, 0, 0 ; START
01859   47EA 33342132340000
01860   47F1 FF          		db 0FFh
01861   47F2             
01862   47F2             ;----------------------------------------------------
01863   47F2             ; Mensaje de "GAME OVER"
01864   47F2             ;----------------------------------------------------
01865   47F2 6B 39       TXT_GameOver:	dw 396Bh
01866   47F4             		db  27h, 21h, 2Dh, 25h,	  0, 2Fh, 36h, 25h, 32h	; GAME OVER
01866   47F4 27212D25002F362532
01867   47FD FF          		db 0FFh
01868   47FE             
01869   47FE             
01870   47FE 4A 39       TXT_Sofware:	dw 394Ah
01871   4800 0C          		db 0Ch			; Longitud linea subrayado
01872   4801 7A          		db 7Ah			; Patron de subrayado
01873   4802 16          		db 16h			; Numero de espacios (para cuadrar SOFWARE debajo de la	raya)
01874   4803 00          		db 0			; Patron vacio
01875   4804 88          		db 88h			; Transferir 8 bytes a la posicion VRAM	actual
01876   4805             		db 33h,	2Fh, 26h, 34h, 37h, 21h, 32h, 25h ; texto:SOFTWARE
01876   4805 332F263437213225
01877   480D 00          		db 0			; Fin de los datos
01878   480E             
01879   480E             ;----------------------------------------------------
01880   480E             ; Texto	informacion "(C)KONAMI" "PYRAMID-"
01881   480E             ;----------------------------------------------------
01882   480E E1 3A       TXT_KONAMI_PYR:	dw 3AE1h
01883   4810 1A          		db  1Ah			; (C)
01884   4811             		db 2Bh,	2Fh, 2Eh, 21h, 2Dh, 29h	; KONAMI
01884   4811 2B2F2E212D29
01885   4817 FE          		db 0FEh			; Cambio de coordenadas
01886   4818             
01887   4818             
01888   4818 EB 3A       		dw 3AEBh		; Coordenadas
01889   481A             		db 30h,	39h, 32h, 21h, 2Dh, 29h, 24h, 20h ; texto: PYRAMID-
01889   481A 303932212D292420
01890   4822 FF          		db 0FFh
01891   4823             
01892   4823             
01893   4823             ;----------------------------------------------------
01894   4823             ;
01895   4823             ; Descomprime los patrones que forman el logo de Konami
01896   4823             ; y los	colorea	de blanco
01897   4823             ;
01898   4823             ;----------------------------------------------------
01899   4823             
01900   4823             loadKonamiLogo:
01901   4823 3E 0E       		ld	a, 0Eh
01902   4825 32 0A E0    		ld	(gameLogoCnt), a ; Filas que sube el logo
01903   4828             
01904   4828 21 AA 3A    		ld	hl, 3AAAh	; Coordenadas iniciales	del logo
01905   482B 22 0E E0    		ld	(CoordKonamiLogo), hl
01906   482E             
01907   482E 11 74 48    		ld	de, GFX_KonamiLogo
01908   4831 21 00 63    		ld	hl, 6300h	; #2300	Pattern	generator table	= Patter #60
01909   4834 CD F1 44    		call	UnpackPatterns
01910   4837             
01911   4837 21 00 03    		ld	hl, 300h	; Direccion de los atributos de	color del logo
01912   483A 01 D8 00    		ld	bc, 0D8h	; Tamaño
01913   483D 3E F0       		ld	a, 0F0h		; Blanco
01914   483F C3 E0 44    		jp	fillVRAM3Bank	; Colorea el logo
01915   4842             
01916   4842             
01917   4842             
01918   4842             ;----------------------------------------------------
01919   4842             ;
01920   4842             ; Dibuja el logo de Konami y lo	desplaza hacia arriba
01921   4842             ;
01922   4842             ; El logo esta formado por tres	filas:
01923   4842             ; - Parte superior de la "K"
01924   4842             ; - Parte central del logo
01925   4842             ; - Parte inferior
01926   4842             ;----------------------------------------------------
01927   4842             
01928   4842             dibujaLogo:
01929   4842 2A 0E E0    		ld	hl, (CoordKonamiLogo)
01930   4845 11 E0 FF    		ld	de, -20h
01931   4848 19          		add	hl, de
01932   4849 22 0E E0    		ld	(CoordKonamiLogo), hl ;	Lo desplaza hacia arriba una fila
01933   484C             
01934   484C 3E 60       		ld	a, 60h		; Primer patron	del logo de Konami
01935   484E 06 03       		ld	b, 3		; Tres patrones	de la parte alta de la "K"
01936   4850 CD 66 48    		call	drawLogoRow	; Dibuja fila superior
01937   4853             
01938   4853 01 0C 0B    		ld	bc, 0B0Ch
01939   4856 CD 66 48    		call	drawLogoRow	; Dibuja fila central
01940   4859             
01941   4859 41          		ld	b, c
01942   485A CD 66 48    		call	drawLogoRow	; Dibuja fila inferior
01943   485D             
01944   485D AF          		xor	a
01945   485E CD AB 44    		call	setFillVRAM	; Borra	rasto inferior
01946   4861 21 0A E0    		ld	hl, gameLogoCnt
01947   4864 35          		dec	(hl)		; Decrementa el	numero de iteraciones restantes
01948   4865 C9          		ret
01949   4866             
01950   4866             ;----------------------------------------------------
01951   4866             ; Dibuja una fila del logo y desplaza el puntero a la siguiente	fila
01952   4866             ;
01953   4866             ; A = Patron inicial de	la fila
01954   4866             ; B = Numero de	patrones a dibujar
01955   4866             ;----------------------------------------------------
01956   4866             
01957   4866             drawLogoRow:
01958   4866 E5          		push	hl
01959   4867             
01960   4867             drawLogoRow2:
01961   4867 CD 4D 00    		call	WRTVRM
01962   486A 23          		inc	hl
01963   486B 3C          		inc	a
01964   486C 10 F9       		djnz	drawLogoRow2
01965   486E D1          		pop	de
01966   486F 21 20 00    		ld	hl, 20h
01967   4872 19          		add	hl, de		; Siguiente fila del logo
01968   4873 C9          		ret
01969   4874             
01970   4874             ;----------------------------------------------------
01971   4874             ;
01972   4874             ; Graficos del logo de Konami
01973   4874             ;
01974   4874             ;----------------------------------------------------
01975   4874             GFX_KonamiLogo:	db 0Fh,	0, 1, 1, 6, 0, 82h, 0FFh, 0FEh,	8, 0Fh,	84h, 0C3h, 0C7h, 0CFh, 0DFh
01975   4874 0F000101060082FFFE080F84C3C7CFDF
01976   4884             		db 3, 0FFh, 89h, 0FEh, 0FCh, 0F8h, 0F0h, 0E0h, 0C0h, 80h, 7, 7,	5, 0, 83h, 3
01976   4884 03FF89FEFCF8F0E0C080070705008303
01977   4894             		db 0CFh, 0DFh, 5, 0, 83h, 0E1h,	0F9h, 7Dh, 5, 0, 83h, 0EFh, 0FFh, 0F7h,	5, 0
01977   4894 CFDF050083E1F97D050083EFFFF70500
01978   48A4             		db 83h,	7, 8Fh,	9Eh, 5,	0, 83h,	0F0h, 0F8h, 78h, 5, 0, 83h, 0F7h, 0FFh,	0FBh
01978   48A4 83078F9E050083F0F878050083F7FFFB
01979   48B4             		db 5, 0, 8Bh, 8Fh, 0DFh, 0F7h, 0Ch, 1Eh, 1Eh, 0Ch, 0, 1Eh, 9Eh,	9Eh, 8,	0Fh
01979   48B4 05008B8FDFF70C1E1E0C001E9E9E080F
01980   48C4             		db 90h,	0FFh, 0FFh, 0DFh, 0CFh,	0C7h, 0C3h, 0C1h, 0C0h,	7, 87h,	0C7h, 0EFh, 0FFh, 0FFh,	0FFh
01980   48C4 90FFFFDFCFC7C3C1C00787C7EFFFFFFF
01981   48D4             		db 0FCh, 4, 0DEh, 84h, 9Eh, 9Fh, 0Fh, 3, 5, 3Dh, 83h, 7Dh, 0F9h, 0E1h, 8, 0E3h
01981   48D4 FC04DE849E9F0F03053D837DF9E108E3
01982   48E4             		db 90h,	0DCh, 0C0h, 0C7h, 0DEh,	0DCh, 0DEh, 0CFh, 0C3h,	3Ch, 7Ch, 0FCh,	3Ch, 3Ch, 7Ch, 0FCh
01982   48E4 90DCC0C7DEDCDECFC33C7CFC3C3C7CFC
01983   48F4             		db 0DEh, 8, 0F1h, 8, 0E3h, 8, 0DEh, 88h, 38h, 44h, 0BAh, 0AAh, 0B2h, 0AAh, 44h,	38h
01983   48F4 DE08F108E308DE883844BAAAB2AA4438
01984   4904             		db 3, 0, 1, 0FFh, 4, 0,	0
01984   4904 030001FF040000
01985   490B             
01986   490B             
01987   490B             ;----------------------------------------------------
01988   490B             ;
01989   490B             ; Grafico del logo de King's Valley y piramide del menu
01990   490B             ;
01991   490B             ;----------------------------------------------------
01992   490B             GFX_Menu:	db 0ACh, 0, 3, 7, 0, 1Fh, 3Fh, 7Fh, 0, 0, 3, 7,	0Fh, 0,	0, 0
01992   490B AC000307001F3F7F000003070F000000
01993   491B             		db 0FFh, 0, 0FFh, 0FFh,	0FFh, 0, 0, 1, 0FFh, 1,	3, 1, 0Eh, 3, 3Eh, 7
01993   491B FF00FFFFFF000001FF0103010E033E07
01994   492B             		db 0FCh, 0Fh, 0FCh, 0F8h, 1Fh, 0F0h, 0F0h, 0E0h, 3Fh, 7Fh, 0C0h, 0C0h, 80h, 4, 0FFh, 94h
01994   492B FC0FFCF81FF0F0E03F7FC0C08004FF94
01995   493B             		db 80h,	0C0h, 0E0h, 0, 0F8h, 0,	0FEh, 0, 0FFh, 0, 0, 0FFh, 0, 0, 0, 0FFh
01995   493B 80C0E000F800FE00FF0000FF000000FF
01996   494B             		db 80h,	0, 0, 0F0h, 3, 0, 2, 0FFh, 3, 0, 4, 0FFh, 8Dh, 80h, 0, 0
01996   494B 800000F0030002FF030004FF8D800000
01997   495B             		db 0, 0F8h, 0FCh, 0FEh,	0FFh, 3Fh, 6Fh,	37h, 17h, 0Fh, 9, 7, 97h, 0Fh, 1Fh, 0C7h
01997   495B 00F8FCFEFF3F6F37170F0907970F1FC7
01998   496B             		db 83h,	7, 0Eh,	3Ch, 0F8h, 0F0h, 7Ch, 1Eh, 1Eh,	0Eh, 0Fh, 0Fh, 0Fh, 8Fh, 0C7h, 87h
01998   496B 83070E3CF8F07C1E1E0E0F0F0F8FC787
01999   497B             		db 0Fh,	7, 0, 0Fh, 8, 7, 88h, 87h, 0EFh, 0CFh, 0, 80h, 0, 1Fh, 9Eh, 3
01999   497B 0F07000F08078887EFCF0080001F9E03
02000   498B             		db 0Fh,	6, 0Eh,	89h, 8Fh, 9Fh, 0, 0, 0,	78h, 0FCh, 0DEh, 8Eh, 7, 0Eh, 89h
02000   498B 0F060E898F9F00000078FCDE8E070E89
02001   499B             		db 1Fh,	0BFh, 0, 0, 0, 0Fh, 1Fh, 38h, 30h, 4, 60h, 8Eh,	70h, 70h, 3Fh, 1Fh
02001   499B 1FBF0000000F1F383004608E70703F1F
02002   49AB             		db 0Fh,	0, 0, 0, 0F9h, 0F3h, 0F3h, 71h,	70h, 71h, 3, 70h, 3, 0F0h, 0ADh, 0E0h
02002   49AB 0F000000F9F3F3717071037003F0ADE0
02003   49BB             		db 0, 0, 3, 8Fh, 0DEh, 0DFh, 8Fh, 87h, 1, 0, 38h, 1Ch, 3Eh, 3Fh, 1Fh, 0Fh
02003   49BB 0000038FDEDF8F870100381C3E3F1F0F
02004   49CB             		db 0, 0, 0F0h, 0FCh, 0Eh, 6, 0C0h, 0F0h, 0F8h, 7Ch, 1Ch, 1Eh, 3Eh, 0FEh, 0FCh, 0F8h
02004   49CB 0000F0FC0E06C0F0F87C1C1E3EFEFCF8
02005   49DB             		db 7Fh,	0F1h, 7Bh, 11h,	7, 1Fh,	7, 7, 3, 3, 1, 1, 4, 0,	0A9h, 0C3h
02005   49DB 7FF17B11071F0707030301010400A9C3
02006   49EB             		db 8Fh,	3Bh, 61h, 1, 3,	3, 86h,	86h, 0CCh, 0D8h, 0F8h, 0F0h, 0F0h, 60h,	60h, 8Fh
02006   49EB 8F3B610103038686CCD8F8F0F060608F
02007   49FB             		db 0DBh, 0DFh, 87h, 8Eh, 0Eh, 1Fh, 1Eh,	38h, 30h, 30h, 74h, 7Ch, 7Ch, 3Ch, 18h,	0FEh
02007   49FB DBDF878E0E1F1E383030747C7C3C18FE
02008   4A0B             		db 0F3h, 77h, 3Eh, 7Ch,	0FCh, 9Eh, 1Eh,	1Eh, 3,	0Fh, 3,	7, 83h,	0Fh, 7,	3
02008   4A0B F3773E7CFC9E1E1E030F0307830F0703
02009   4A1B             		db 9, 1, 86h, 3, 87h, 8Ch, 0CDh, 0E7h, 0E0h, 6,	0C0h, 3, 0C3h, 88h, 0E1h, 0C0h
02009   4A1B 09018603878CCDE7E006C003C388E1C0
02010   4A2B             		db 8Eh,	3Fh, 0FFh, 0FFh, 0Fh, 7, 8, 3, 87h, 83h, 87h, 0CFh, 0C8h, 0CBh,	8Fh, 0C0h
02010   4A2B 8E3FFFFF0F070803878387CFC8CB8FC0
02011   4A3B             		db 6, 80h, 3, 86h, 0AEh, 0C3h, 81h, 1Dh, 7Fh, 0FFh, 0FFh, 3Fh, 1Fh, 0Fh, 0Fh, 0Fh
02011   4A3B 06800386AEC3811D7FFFFF3F1F0F0F0F
02012   4A4B             		db 0Eh,	0Dh, 0Dh, 0Eh, 0Fh, 0Fh, 0Fh, 8Fh, 9Fh,	0BFh, 1Fh, 0FFh, 7, 1Eh, 38h, 60h
02012   4A4B 0E0D0D0E0F0F0F8F9FBF1FFF071E3860
02013   4A5B             		db 0C0h, 18h, 7Ch, 0CCh, 0, 0, 1, 83h, 0FFh, 0FFh, 0FEh, 3Fh, 73h, 2Fh,	0Fh, 7
02013   4A5B C0187CCC00000183FFFFFE3F732F0F07
02014   4A6B             		db 3, 1, 1, 4, 0, 8Ch, 80h, 80h, 1, 3, 8Fh, 7Bh, 3, 87h, 0CEh, 0DCh
02014   4A6B 03010104008C808001038F7B0387CEDC
02015   4A7B             		db 0F8h, 0F8h, 6, 0F0h,	85h, 0F8h, 0FCh, 80h, 0C0h, 80h, 0Eh, 0, 84h, 60h, 70h,	3Fh
02015   4A7B F8F806F085F8FC80C0800E008460703F
02016   4A8B             		db 3Fh,	3, 0, 85h, 70h,	70h, 0F0h, 0E0h, 0C0h, 3, 0, 0
02016   4A8B 3F0300857070F0E0C0030000
02017   4A97             
02018   4A97             
02019   4A97             ;----------------------------------------------------
02020   4A97             ; Atributos de la piramide del menu
02021   4A97             ;----------------------------------------------------
02022   4A97             ATTRIB_Menu:	db 1Ch,	0E0h, 88h, 0F0h, 0E0h, 0F0h, 0E0h, 0F0h, 0E0h
02022   4A97 1CE088F0E0F0E0F0E0
02023   4AA0             		db 0E0h, 0F0h, 3, 0E0h,	2, 0F0h, 3, 0E0h, 2Ch, 0F0h, 0
02023   4AA0 E0F003E002F003E02CF000
02024   4AAB             
02025   4AAB             ;----------------------------------------------------
02026   4AAB             ;
02027   4AAB             ; Colores del logo KING'S VALLEY
02028   4AAB             ;
02029   4AAB             ;----------------------------------------------------
02030   4AAB             COLORES_LOGO:	db 3, 60h, 8Dh,	80h, 80h, 90h, 90h, 0A0h, 0B0h,	0E0h, 30h
02030   4AAB 03608D80809090A0B0E030
02031   4AB6             		db 70h,	50h, 50h, 40h, 40h, 0
02031   4AB6 705050404000
02032   4ABC             
02033   4ABC             
02034   4ABC             ;----------------------------------------------------
02035   4ABC             ;
02036   4ABC             ; Tabla	de nombres de la piramide del menu
02037   4ABC             ;
02038   4ABC             ;----------------------------------------------------
02039   4ABC             GFX_PiramidLogo:db    0,   0, 93h, 96h,	  0,   0
02039   4ABC 000093960000
02040   4AC2             		db    0, 90h, 94h, 97h,	98h,   0
02040   4AC2 009094979800
02041   4AC8             		db  91h, 92h, 95h, 99h,	99h, 9Ah
02041   4AC8 91929599999A
02042   4ACE             
02043   4ACE             ;----------------------------------------------------
02044   4ACE             ;
02045   4ACE             ; Pulsaciones de teclas	de la demo
02046   4ACE             ;
02047   4ACE             ;----------------------------------------------------
02048   4ACE 08 98       DemoKeyData:	db    8, 98h
02049   4AD0 06 38       		db    6, 38h
02050   4AD2 08 68       		db    8, 68h
02051   4AD4 05 08       		db    5,   8
02052   4AD6 14 80       		db  14h, 80h
02053   4AD8 04 08       		db    4,   8
02054   4ADA 14 48       		db  14h, 48h
02055   4ADC 08 48       		db    8, 48h
02056   4ADE 05 30       		db    5, 30h
02057   4AE0 08 40       		db    8, 40h
02058   4AE2 05 30       		db    5, 30h
02059   4AE4 08 40       		db    8, 40h
02060   4AE6 05 90       		db    5, 90h
02061   4AE8 09 38       		db    9, 38h
02062   4AEA 04 08       		db    4,   8
02063   4AEC 14 68       		db  14h, 68h
02064   4AEE 04 08       		db    4,   8
02065   4AF0 14 10       		db  14h, 10h
02066   4AF2 04 08       		db    4,   8
02067   4AF4 14 48       		db  14h, 48h
02068   4AF6 08 48       		db    8, 48h
02069   4AF8 05 A0       		db    5,0A0h
02070   4AFA 09 08       		db    9,   8
02071   4AFC 18 40       		db  18h, 40h
02072   4AFE 08 08       		db    8,   8
02073   4B00 18 90       		db  18h, 90h
02074   4B02 09 48       		db    9, 48h
02075   4B04 04 58       		db    4, 58h
02076   4B06 08 08       		db    8,   8
02077   4B08 18 80       		db  18h, 80h
02078   4B0A 06 FF       		db    6,0FFh
02079   4B0C             
02080   4B0C             
02081   4B0C             ;----------------------------------------------------
02082   4B0C             ;
02083   4B0C             ; Logica del juego (jugando)
02084   4B0C             ;
02085   4B0C             ;----------------------------------------------------
02086   4B0C             
02087   4B0C             tickGame:
02088   4B0C 21 33 E1    		ld	hl, flagStageClear
02089   4B0F 7E          		ld	a, (hl)
02090   4B10 B7          		or	a		; Ha cogido todas la gemas?
02091   4B11 28 10       		jr	z, tickGame2	; No
02092   4B13             
02093   4B13 3A 12 E0    		ld	a, (musicCh1)
02094   4B16 47          		ld	b, a
02095   4B17 3A 20 E0    		ld	a, (musicCh2)
02096   4B1A B0          		or	b		; Esta sonando algo?
02097   4B1B 20 06       		jr	nz, tickGame2	; Si
02098   4B1D             
02099   4B1D 77          		ld	(hl), a
02100   4B1E 3E 8B       		ld	a, 8Bh		; Ingame music
02101   4B20 CD A9 7A    		call	setMusic	; Hace sonar de	nuevo la musica	del juego tras la fanfarria de fase completada
02102   4B23             
02103   4B23             tickGame2:
02104   4B23 CD 75 4B    		call	updateSprites	; Actualiza los	sprites	RAM->VRAM
02105   4B26 CD BC 4B    		call	chkScroll	; Comprueba si el prota	se sale	de la pantalla e indica	que hay	que hacer scroll
02106   4B29 CD E4 4B    		call	drawBrilloGemas	; Cambia el color del brillo de	las gemas y de la palanca de la	puerta
02107   4B2C             
02108   4B2C 3A 32 E1    		ld	a, (flagEntraSale) ; 1 = Entrando o saliendo de	la piramide. Ejecuta una logica	especial para este caso
02109   4B2F A7          		and	a		; Esta entrando	o saliendo de la piramide?
02110   4B30 C2 F0 6D    		jp	nz, escalerasEntrada ; Ejecuta logica especial para este caso
02111   4B33             
02112   4B33 CD 11 4C    		call	chkPause	; Comprueba si se pausa	el juego o ya esta pausado
02113   4B36 CD 64 6F    		call	AI_Momias	; Mueve	a las momias
02114   4B39 CD 32 65    		call	AI_Gemas	; Si se	coge una se borra de la	pantalla y del mapa
02115   4B3C CD 59 4C    		call	AI_Prota	; Logica del prota
02116   4B3F CD FF 57    		call	AI_Cuchillos	; Logica de los	cuchillos
02117   4B42 CD AD 5B    		call	chkCogeKnife	; Comprueba si el prota	coge un	cuchillo del suelo
02118   4B45 CD 1F 5C    		call	chkCogeGema	; Comprueba si el prota	coge una gema
02119   4B48 CD EA 65    		call	AI_Salidas	; Logica de las	puertas	de la piramide
02120   4B4B CD 0B 68    		call	MurosTrampa	; Logica de los	muros trampa que se cierran al pasar el	prota
02121   4B4E CD 51 5C    		call	chkCogePico	; Comprueba si el prota	coge un	pico
02122   4B51 CD A8 5C    		call	chkTocaMomia	; Comprueba si el prota	toca a una momia
02123   4B54 CD 4B 69    		call	spiningDoors	; Logica de las	puerta giratorias
02124   4B57             
02125   4B57             
02126   4B57             ; Comprueba si se suicida pulsando F2
02127   4B57             
02128   4B57 3A 02 E0    		ld	a, (controlPlayer) ; bit 6 = Prota controlado por el jugador
02129   4B5A CB 77       		bit	6, a
02130   4B5C C8          		ret	z		; Esta en modo demo, no	comprueba si se	suicida	pulsado	F2
02131   4B5D             
02132   4B5D 3E 06       		ld	a, 6		; Si se	pulsa F2 se suicida
02133   4B5F CD 41 01    		call	SNSMAT		;  Read	keyboard row
02134   4B62 2F          		cpl
02135   4B63 CB 77       		bit	6, a		; F2 key
02136   4B65 28 0D       		jr	z, doNothing2
02137   4B67             
02138   4B67 AF          		xor	a
02139   4B68 32 53 E0    		ld	(flagVivo), a
02140   4B6B 3C          		inc	a
02141   4B6C 32 5E E0    		ld	(flagMuerte), a
02142   4B6F 3E 1D       		ld	a, 1Dh		; Musica muerte
02143   4B71 CD A9 7A    		call	setMusic
02144   4B74             
02145   4B74             doNothing2:
02146   4B74 C9          		ret
02147   4B75             
02148   4B75             ;-----------------------------------------------------------------------------------------------------------
02149   4B75             ;
02150   4B75             ; Actualiza los	atributos de los sprites RAM ->	VRAM
02151   4B75             ; Al prota y al	cacho de puerta	los pinta siempre en los mismos	planos
02152   4B75             ; A los	enemigos los cambia de plano para evitar que desaparezcan si coinciden mas de 5	sprites	en la misma Y
02153   4B75             ;
02154   4B75             ;-----------------------------------------------------------------------------------------------------------
02155   4B75             
02156   4B75             updateSprites:
02157   4B75 11 B0 E0    		ld	de, sprAttrib	; Tabla	de atributos de	los sprites en RAM (Y, X, Spr, Col)
02158   4B78 21 00 3B    		ld	hl, 3B00h	; Tabla	de atributos de	los sprites
02159   4B7B 01 18 00    		ld	bc, 18h		; 6 sprites (6*4)
02160   4B7E CD C0 44    		call	DEtoVRAMset
02161   4B81             
02162   4B81 21 61 E0    		ld	hl, offsetPlanoSpr ; Contador que modifica el plano en el que son pintados los sprites,	asi se consigue	que parpaden en	vez de desaparecer
02163   4B84 34          		inc	(hl)		; Incrementa el	desplazamiento de plano	de los enemigos
02164   4B85 7E          		ld	a, (hl)
02165   4B86 E6 03       		and	3		; Rango	de 0-3 (4 enemigos max.)
02166   4B88 4F          		ld	c, a		; C = indice de	desplazamiento
02167   4B89 87          		add	a, a
02168   4B8A 87          		add	a, a		; x4 (sprite attribute size)
02169   4B8B 11 C8 E0    		ld	de, enemyAttrib	; Tabla	de atributos de	los enemigos en	RAM
02170   4B8E CD 15 40    		call	ADD_A_DE	; Calcula el plano que le corresponde a	ese desplazamiento
02171   4B91 21 18 3B    		ld	hl, 3B18h	; Direccion VRAM de los	atributos de los sprites de los	enemigos
02172   4B94 06 04       		ld	b, 4		; Numero de enemigos/planos a rotar
02173   4B96             
02174   4B96             setSprAttrib2:
02175   4B96 C5          		push	bc
02176   4B97 01 04 00    		ld	bc, 4
02177   4B9A CD C0 44    		call	DEtoVRAMset	; Actualiza los	atributos de un	sprite/momia
02178   4B9D C1          		pop	bc
02179   4B9E 3E 04       		ld	a, 4
02180   4BA0 CD 10 40    		call	ADD_A_HL	; Siguiente momia
02181   4BA3 0C          		inc	c		; Incrementa el	indice de desplazamiento
02182   4BA4 79          		ld	a, c
02183   4BA5 FE 04       		cp	4		; Comprueba si ha llegado al ultimo plano reservado para enemigos
02184   4BA7 20 05       		jr	nz, setSprAttrib3
02185   4BA9             
02186   4BA9 11 C8 E0    		ld	de, enemyAttrib	; Apunta al comienzo de	la tabla de atributos de los enemigos
02187   4BAC 0E 00       		ld	c, 0		; Resetea el indice
02188   4BAE             
02189   4BAE             setSprAttrib3:
02190   4BAE 10 E6       		djnz	setSprAttrib2
02191   4BB0             
02192   4BB0 11 D8 E0    		ld	de, unk_E0D8	; Attributos del resto de sprites del juego
02193   4BB3 21 28 3B    		ld	hl, 3B28h
02194   4BB6 01 58 00    		ld	bc, 58h		; Attrib. size
02195   4BB9 C3 C0 44    		jp	DEtoVRAMset	; Actualiza VRAM
02196   4BBC             
02197   4BBC             
02198   4BBC             ;----------------------------------------------------
02199   4BBC             ; Comprueba si el prota	llega a	los limites laterales de la pantalla
02200   4BBC             ; Si es	asi, indica que	hay que	realizar scroll	y quita	los sprites
02201   4BBC             ;----------------------------------------------------
02202   4BBC             
02203   4BBC             
02204   4BBC             chkScroll:
02205   4BBC 3A 36 E1    		ld	a, (sentidoProta) ; 1 =	Izquierda, 2 = Derecha
02206   4BBF 1F          		rra
02207   4BC0 3A 39 E1    		ld	a, (ProtaX)
02208   4BC3 30 05       		jr	nc, chkScroll2
02209   4BC5 FE 02       		cp	2		; Limite parte derecha
02210   4BC7 D0          		ret	nc
02211   4BC8 38 03       		jr	c, chkScroll3
02212   4BCA             
02213   4BCA             chkScroll2:
02214   4BCA FE F4       		cp	0F4h		; Limite parte izquierda
02215   4BCC D8          		ret	c
02216   4BCD             
02217   4BCD             chkScroll3:
02218   4BCD 3E 20       		ld	a, 20h
02219   4BCF 32 04 E0    		ld	(waitCounter), a ; Numero de desplazamientos o tiles a moverse
02220   4BD2 3E 01       		ld	a, 1
02221   4BD4 32 47 E1    		ld	(flagScrolling), a ; Se	esta realizando	el scroll
02222   4BD7 CD 49 43    		call	HideSprites	; Borra	sprites	dela VRAM
02223   4BDA CD 56 43    		call	hideSprAttrib	; Borra	sprites	de la RAM
02224   4BDD 3E 09       		ld	a, 9		; Scroll mode
02225   4BDF 32 00 E0    		ld	(GameStatus), a
02226   4BE2 E1          		pop	hl
02227   4BE3 C9          		ret
02228   4BE4             
02229   4BE4             
02230   4BE4             ;----------------------------------------------------
02231   4BE4             ; Cambia el color de los destellos de las gemas
02232   4BE4             ; y de la palanca de la	puerta
02233   4BE4             ;----------------------------------------------------
02234   4BE4             
02235   4BE4             drawBrilloGemas:
02236   4BE4 3A 03 E0    		ld	a, (timer)
02237   4BE7 1F          		rra
02238   4BE8 E6 03       		and	3		; Indice de color a usar
02239   4BEA             
02240   4BEA F5          		push	af
02241   4BEB 21 09 4C    		ld	hl, coloresBrillo ; Colores de los destellos de	las gemas
02242   4BEE 11 88 02    		ld	de, 288h	; Color	table address (destellos)
02243   4BF1 01 18 00    		ld	bc, 18h		; Numero de bytes (3 destellos por 8 bytes)
02244   4BF4 CD 01 4C    		call	chgColorBrillo	; Cambia el color de los destellos de las gemas
02245   4BF7 F1          		pop	af
02246   4BF8             
02247   4BF8 01 03 00    		ld	bc, 3		; Numero de bytes a cambiar
02248   4BFB 11 E5 02    		ld	de, 2E5h	; Color	table address de la parte inferior de la palanca de la puerta
02249   4BFE 21 0D 4C    		ld	hl, ColoresPalanca ; Colores de	la palanca de la puerta
02250   4C01             
02251   4C01             chgColorBrillo:
02252   4C01 CD 10 40    		call	ADD_A_HL
02253   4C04 7E          		ld	a, (hl)
02254   4C05 EB          		ex	de, hl
02255   4C06 C3 E0 44    		jp	fillVRAM3Bank
02256   4C09             
02257   4C09 10 F0 A0 A0 coloresBrillo:	db 10h,	0F0h, 0A0h, 0A0h
02258   4C0D             					; Colores de los destellos de las gemas
02259   4C0D             
02260   4C0D 16 F6 A6 A6 ColoresPalanca:	db 16h,	0F6h, 0A6h, 0A6h
02261   4C11             					; Colores de la	palanca	de la puerta
02262   4C11             
02263   4C11             
02264   4C11             
02265   4C11             ;----------------------------------------------------
02266   4C11             ;
02267   4C11             ; Comprueba si se pulsa	F1 para	pausar el juego
02268   4C11             ; Si se	pausa, muestra el texto	PAUSING	en la esquina inferior derecha del mapa
02269   4C11             ;
02270   4C11             ;----------------------------------------------------
02271   4C11             
02272   4C11             chkPause:
02273   4C11 3A 02 E0    		ld	a, (controlPlayer) ; bit 6 = Prota controlado por el jugador
02274   4C14 CB 77       		bit	6, a
02275   4C16 C8          		ret	z		; Esta en modo demo
02276   4C17             
02277   4C17 3E 06       		ld	a, 6		; F3 F2	F1 CODE	CAPS GRAPH CTRL	SHIFT
02278   4C19 CD 41 01    		call	SNSMAT		;  Read	keyboard row
02279   4C1C 2F          		cpl
02280   4C1D 21 65 E0    		ld	hl, keyHoldMap
02281   4C20 CD E1 45    		call	StoreKeyValues
02282   4C23 CB 6F       		bit	5, a		; keyTrigger F1
02283   4C25 23          		inc	hl
02284   4C26 23          		inc	hl
02285   4C27 7E          		ld	a, (hl)		; Flag que indica si esta pausado
02286   4C28 20 07       		jr	nz, chkPause2	; Se ha	pulsado	F1
02287   4C2A A7          		and	a		; Esta pausado?
02288   4C2B C8          		ret	z		; No
02289   4C2C             
02290   4C2C CD 38 4C    		call	blinkPausing	; Muestra el cartel de "PAUSING" parpadeando
02291   4C2F E1          		pop	hl
02292   4C30 C9          		ret
02293   4C31             
02294   4C31             chkPause2:
02295   4C31 EE 01       		xor	1
02296   4C33 77          		ld	(hl), a		; Invierte el flag de pausa
02297   4C34 A7          		and	a
02298   4C35 28 0F       		jr	z, erasePausing	; Se acaba de quitar la	pusa, borra el letrero
02299   4C37 C9          		ret
02300   4C38             
02301   4C38             blinkPausing:
02302   4C38 3A 03 E0    		ld	a, (timer)
02303   4C3B 47          		ld	b, a
02304   4C3C E6 07       		and	7
02305   4C3E C0          		ret	nz		; El parpadeo dura 8 frames
02306   4C3F             
02307   4C3F CB 60       		bit	4, b		; Cada 8 frames	muestra	el texto o lo borra
02308   4C41 11 52 4C    		ld	de, txtPAUSING
02309   4C44 28 03       		jr	z, printPause
02310   4C46             
02311   4C46             erasePausing:
02312   4C46 11 8A 65    		ld	de, eraseData
02313   4C49             
02314   4C49             printPause:
02315   4C49 21 F6 3A    		ld	hl, 3AF6h	; Coordenadas de pantalla
02316   4C4C 01 07 00    		ld	bc, 7
02317   4C4F C3 C0 44    		jp	DEtoVRAMset
02318   4C52             
02319   4C52             
02320   4C52             txtPAUSING:	db 30h,	21h, 35h, 33h, 29h, 2Eh, 27h
02320   4C52 30213533292E27
02321   4C59             					; PAUSING
02322   4C59             
02323   4C59             
02324   4C59             
02325   4C59             ;----------------------------------------------------
02326   4C59             ;
02327   4C59             ; Logica del prota
02328   4C59             ;
02329   4C59             ;----------------------------------------------------
02330   4C59             
02331   4C59             AI_Prota:
02332   4C59 21 FA 4C    		ld	hl, setAttribProta ; Actualiza atributos de los	sprites	del prota
02333   4C5C E5          		push	hl		; Mete en la pila la funcion que actualiza los atributos del prota
02334   4C5D 3A 34 E1    		ld	a, (protaStatus) ; Obtiene el estado actual del	prota
02335   4C60 A7          		and	a
02336   4C61 28 04       		jr	z, AI_Prota2	; Estado 0 = Andando
02337   4C63             
02338   4C63 FE 03       		cp	3
02339   4C65 20 12       		jr	nz, AI_Prota3	; Estado 2 = Cayendo. No comprueba los controles
02340   4C67             
02341   4C67             AI_Prota2:
02342   4C67 21 35 E1    		ld	hl, protaControl ; 1 = Arriba, 2 = Abajo, 4 = Izquierda, 8 = Derecha, #10 = Boton A, #20 =Boton	B
02343   4C6A 3A 09 E0    		ld	a, (KeyHold)	; 1 = Arriba, 2	= Abajo, 4 = Izquierda,	8 = Derecha, #10 = Boton A, #20	=Boton B
02344   4C6D 77          		ld	(hl), a		; Copia	los controles/teclas pulsados al control del prota
02345   4C6E A7          		and	a
02346   4C6F 28 08       		jr	z, AI_Prota3	; No hay ninguna tecla pulsada
02347   4C71             
02348   4C71 1F          		rra
02349   4C72 1F          		rra
02350   4C73 E6 03       		and	3
02351   4C75 28 02       		jr	z, AI_Prota3	; No esta pulsado ni DERECHA ni	IZQUIERDA
02352   4C77             
02353   4C77 23          		inc	hl
02354   4C78 77          		ld	(hl), a		; Sentido del prota
02355   4C79             
02356   4C79             AI_Prota3:
02357   4C79 3A 34 E1    		ld	a, (protaStatus) ; Estado del prota
02358   4C7C CD 4B 40    		call	jumpIndex
02359   4C7F 8D 4C       		dw protaAnda		; 0 = Andar
02360   4C81 6D 4D       		dw protaSalta		; 1 = Realiza el salto y comprueba si choca con	algo
02361   4C83 97 4D       		dw protaCayendo		; 2 = Cayendo
02362   4C85 A1 4D       		dw protaEscaleras	; 3 = Mueve al prota por las escaleras y comprueba si llega al final de	estas
02363   4C87 1E 4E       		dw protaLanzaKnife	; 4 = Anima al prota para hacer	la animacion de	lanzamiento. Al	terminar restaura el sprite y pasa al estado de	andar
02364   4C89 78 4E       		dw protaPicando		; 5 = Animacion	del prota picando y rompiendo los ladrillos
02365   4C8B B8 4F       		dw protaGiratoria	; 6 = Pasando por una puerta giratoria
02366   4C8D             
02367   4C8D             ;----------------------------------------------------
02368   4C8D             ; Prota	status 0: Andar
02369   4C8D             ;----------------------------------------------------
02370   4C8D             
02371   4C8D             protaAnda:
02372   4C8D 3A 08 E0    		ld	a, (KeyTrigger)
02373   4C90 CB 67       		bit	4, a		; Acaba	de pulsar FIRE1	/ Boton	A?
02374   4C92 28 10       		jr	z, protaAnda2	; No
02375   4C94             
02376   4C94 3A 44 E1    		ld	a, (objetoCogido) ; #10	= Cuchillo, #20	= Pico
02377   4C97 E6 F0       		and	0F0h		; Tiene	algun objeto el	prota?
02378   4C99 CA 50 4D    		jp	z, setProtaSalta ; No, intenta saltar
02379   4C9C             
02380   4C9C FE 10       		cp	10h		; Es un	cuchillo?
02381   4C9E C2 C1 4E    		jp	nz, chkProtaPica ; No, es un pico. Intenta hacer un agujero
02382   4CA1             
02383   4CA1 C3 BF 4D    		jp	setLanzaKnife	; Lanza	el cuchillo
02384   4CA4             
02385   4CA4             protaAnda2:
02386   4CA4 CD 95 50    		call	chkProtaCae	; Hay suelo bajo el prota?
02387   4CA7 DA 8E 4D    		jp	c, setProtaCae	; No hay suelo
02388   4CAA             
02389   4CAA AF          		xor	a
02390   4CAB 32 4D E1    		ld	(modoSentEsc), a ; Si es 0 guarda en "sentidoEscalera" el tipo de escalera que se coge el prota. 0 = \, 1 = /
02391   4CAE CD 30 51    		call	chkCogeEscalera	; Comprueba si coge una	escalera para subir o bajar
02392   4CB1 C8          		ret	z		; si, la ha cogido
02393   4CB2             
02394   4CB2 21 35 E1    		ld	hl, protaControl ; 1 = Arriba, 2 = Abajo, 4 = Izquierda, 8 = Derecha, #10 = Boton A, #20 =Boton	B
02395   4CB5 7E          		ld	a, (hl)
02396   4CB6 E6 0C       		and	1100b		; Se queda solo	con los	controles DERECHA e IZQUIERDA
02397   4CB8 CA 39 4D    		jp	z, protaQuieto	; No se	mueve hacia los	lados
02398   4CBB             
02399   4CBB 21 3E E1    		ld	hl, protaMovCnt	; Contador usado cada vez que se mueve el prota. (!?) No se usa	su valor
02400   4CBE 34          		inc	(hl)		; Incrementa el	contador de movimientos
02401   4CBF             
02402   4CBF CD D2 51    		call	chkChocaAndar
02403   4CC2 30 2C       		jr	nc, protaAnda3	; No choca
02404   4CC4             
02405   4CC4 7E          		ld	a, (hl)		; HL apunta al tile del	mapa contra el que ha chocado
02406   4CC5 E6 F0       		and	0F0h		; Se queda con el tipo de tile/familia
02407   4CC7 FE 50       		cp	50h		; Es una puerta	giratoria?
02408   4CC9 20 2C       		jr	nz, protaAnda5	; No
02409   4CCB             
02410   4CCB 7E          		ld	a, (hl)
02411   4CCC E6 0F       		and	0Fh		; Tipo de tile de puerta giratoria
02412   4CCE D6 01       		sub	1
02413   4CD0 FE 02       		cp	2		; Ha choacado contra la	parte azul de la puerta?
02414   4CD2 38 23       		jr	c, protaAnda5	; No
02415   4CD4             
02416   4CD4 21 46 E1    		ld	hl, timerEmpuja	; Timer	usado para saber el tiempo que se empuja una puerta giratoria
02417   4CD7 34          		inc	(hl)		; Incrementa tiempo de empuje
02418   4CD8 3E 10       		ld	a, 10h		; Tiempo necesario de empuje para que se mueva la puerta
02419   4CDA BE          		cp	(hl)
02420   4CDB C2 F7 4C    		jp	nz, protaAnda5	; Aun no ha empujado lo	suficiente
02421   4CDE             
02422   4CDE 3E 06       		ld	a, 6		; Estado: Pasando por una puerta giratoria
02423   4CE0 32 34 E1    		ld	(protaStatus), a ; Actualiza el	estado del prota
02424   4CE3 3E 20       		ld	a, 20h
02425   4CE5 32 45 E1    		ld	(accionWaitCnt), a ; Contador usado para controlar la animacion	y duracion de la accion	(lanzar	cuchillo, cavar, pasar puerta giratoria)
02426   4CE8             
02427   4CE8 3E 03       		ld	a, 3		; Puerta giratoria
02428   4CEA CD A9 7A    		call	setMusic
02429   4CED C3 DC 69    		jp	chkGiratorias	; Identifia la puerta que esta empujando
02430   4CF0             
02431   4CF0             protaAnda3:
02432   4CF0 AF          		xor	a
02433   4CF1 32 46 E1    		ld	(timerEmpuja), a ; Resetea contador de empuje
02434   4CF4             
02435   4CF4             protaAnda4:
02436   4CF4 CD FB 73    		call	mueveProta	; Actualiza las	coordenadas del	prota
02437   4CF7             
02438   4CF7             protaAnda5:
02439   4CF7 C3 2E 4D    		jp	calcFrame	; Actualiza el fotograma de la animacion
02440   4CFA             
02441   4CFA             ;----------------------------------------------------
02442   4CFA             ; Actualiza los	atributos de los dos sprite del	prota en RAM
02443   4CFA             ; segun	sus coordenadas
02444   4CFA             ;----------------------------------------------------
02445   4CFA             
02446   4CFA             setAttribProta:
02447   4CFA 21 37 E1    		ld	hl, ProtaY	; Actualiza atributos de los sprites del prota
02448   4CFD 4E          		ld	c, (hl)		; Y prota
02449   4CFE 23          		inc	hl
02450   4CFF 23          		inc	hl		; X prota
02451   4D00 46          		ld	b, (hl)		; BC = XY
02452   4D01 3A 3F E1    		ld	a, (protaFrame)
02453   4D04 21 C0 E0    		ld	hl, protaAttrib
02454   4D07 0D          		dec	c
02455   4D08 0D          		dec	c
02456   4D09 CB 47       		bit	0, a		; El frame es par o impar?
02457   4D0B 28 01       		jr	z, setAttribProta2
02458   4D0D 0C          		inc	c		; Los frames pares los mueve un	pixel hacia arriba
02459   4D0E             
02460   4D0E             setAttribProta2:
02461   4D0E 11 46 4D    		ld	de, framesProta	; Sprite a usar	segun el frame
02462   4D11 CD 15 40    		call	ADD_A_DE
02463   4D14 1A          		ld	a, (de)		; Numero de sprite
02464   4D15 57          		ld	d, a
02465   4D16 CD 19 4D    		call	setAttribProta3
02466   4D19             
02467   4D19             setAttribProta3:			; Y
02468   4D19 71          		ld	(hl), c
02469   4D1A 23          		inc	hl
02470   4D1B 70          		ld	(hl), b		; X
02471   4D1C 23          		inc	hl
02472   4D1D 3A 36 E1    		ld	a, (sentidoProta) ; 1 =	Izquierda, 2 = Derecha
02473   4D20 1F          		rra			; En que sentido mira?
02474   4D21 7A          		ld	a, d
02475   4D22 30 02       		jr	nc, setAttribProta4 ; Derecha
02476   4D24 C6 60       		add	a, 60h		; Distancia a sprites girados a	la izquierda
02477   4D26             
02478   4D26             setAttribProta4:
02479   4D26 77          		ld	(hl), a		; Sprite
02480   4D27 7A          		ld	a, d
02481   4D28 C6 04       		add	a, 4		; Siguiente sprite 16x16
02482   4D2A 57          		ld	d, a
02483   4D2B 23          		inc	hl		; Color
02484   4D2C 23          		inc	hl		; Atributos del	siguiente sprite
02485   4D2D C9          		ret
02486   4D2E             
02487   4D2E             
02488   4D2E             ;----------------------------------------------------
02489   4D2E             ; Pone el frame	del elemento segun su contador de movimientos
02490   4D2E             ; Cada 4 movimientos se	incrementa en 1	el numero de frame
02491   4D2E             ; El rango de valores es de 0 a	7
02492   4D2E             ;----------------------------------------------------
02493   4D2E             
02494   4D2E             calcFrame:
02495   4D2E 21 3E E1    		ld	hl, protaMovCnt	; Contador usado cada vez que se mueve el prota. (!?) No se usa	su valor
02496   4D31             
02497   4D31             calcFrame2:
02498   4D31 7E          		ld	a, (hl)
02499   4D32 1F          		rra
02500   4D33 1F          		rra
02501   4D34 E6 07       		and	7
02502   4D36 23          		inc	hl
02503   4D37 77          		ld	(hl), a
02504   4D38 C9          		ret
02505   4D39             
02506   4D39             protaQuieto:
02507   4D39 AF          		xor	a
02508   4D3A 32 45 E1    		ld	(accionWaitCnt), a ; Contador usado para controlar la animacion	y duracion de la accion	(lanzar	cuchillo, cavar, pasar puerta giratoria)
02509   4D3D 3C          		inc	a		; Pies juntos
02510   4D3E 18 02       		jr	setProtaFrame
02511   4D40             
02512   4D40             
02513   4D40 3E 02       		ld	a, 2		; (!?) Esto no se ejecuta nunca!
02514   4D42             
02515   4D42             setProtaFrame:
02516   4D42 32 3F E1    		ld	(protaFrame), a
02517   4D45 C9          		ret
02518   4D46             
02519   4D46             
02520   4D46             ;----------------------------------------------------
02521   4D46             ; Numero de sprite a usar en cada frame	del prota
02522   4D46             ;----------------------------------------------------
02523   4D46 08          framesProta:	db    8
02524   4D47 00          		db    0			; 1 = Pies juntos
02525   4D48 10          		db  10h			; 2 = Saltando
02526   4D49 08          		db    8			; 3 = Andando
02527   4D4A 00          		db    0			; 4 = Pies juntos
02528   4D4B 10          		db  10h			; 5 = Pies separados
02529   4D4C 00          		db    0			; 6 = Pies juntos
02530   4D4D 10          		db  10h			; 7 = Pies separados
02531   4D4E 18          		db  18h			; 8 = Frame 1 accion (cavando, lanzando)
02532   4D4F 20          		db  20h			; 9 = Frame 2 accion
02533   4D50             
02534   4D50             
02535   4D50             ;----------------------------------------------------
02536   4D50             ; Se ha	pulsado	el boton de salto
02537   4D50             ; El prota intenta saltar
02538   4D50             ;----------------------------------------------------
02539   4D50             
02540   4D50             setProtaSalta:
02541   4D50 21 37 E1    		ld	hl, ProtaY
02542   4D53 7E          		ld	a, (hl)
02543   4D54 A7          		and	a
02544   4D55 C8          		ret	z		; No salta. El prota esta en la	parte superior de la pantalla, pegado arriba del todo
02545   4D56             
02546   4D56 CD 34 74    		call	chkSaltar	; Comprueba si puede saltar o hay algun	obstaculo que se lo impide
02547   4D59 D0          		ret	nc		; Choca	contra algo. No	puede saltar
02548   4D5A             
02549   4D5A EB          		ex	de, hl
02550   4D5B 7E          		ld	a, (hl)		; Puntero al mapa
02551   4D5C E6 F0       		and	0F0h
02552   4D5E FE 10       		cp	10h		; Es una plataforma o muro?
02553   4D60 C8          		ret	z		; Si
02554   4D61             
02555   4D61             setProtaSalta_:
02556   4D61 3A 09 E0    		ld	a, (KeyHold)	; 1 = Arriba, 2	= Abajo, 4 = Izquierda,	8 = Derecha, #10 = Boton A, #20	=Boton B
02557   4D64 32 43 E1    		ld	(sentidoEscalera), a ; Guarda el estado	de las teclas al saltar
02558   4D67 21 34 E1    		ld	hl, protaStatus	; Puntero a los	datos del prota
02559   4D6A C3 D7 70    		jp	Salta
02560   4D6D             
02561   4D6D             ;----------------------------------------------------
02562   4D6D             ; Prota	status 1: Saltar
02563   4D6D             ; Actualiza sus	coordenadas y comprueba	si choca con al	al saltar
02564   4D6D             ; Si choca, pasa al estado de cayendo
02565   4D6D             ;----------------------------------------------------
02566   4D6D             
02567   4D6D             protaSalta:
02568   4D6D 21 36 E1    		ld	hl, sentidoProta ; 1 = Izquierda, 2 = Derecha
02569   4D70 CD F4 74    		call	doSalto		; Actualiza la posicion	del prota al saltar
02570   4D73 21 34 E1    		ld	hl, protaStatus	; Puntero a los	datos del prota
02571   4D76 E5          		push	hl
02572   4D77 DD E1       		pop	ix
02573   4D79 CD 84 74    		call	chkChocaSalto	; Comprueba si choca con algo en el salto
02574   4D7C C0          		ret	nz		; No ha	chocado	con nada
02575   4D7D             
02576   4D7D 3E 03       		ld	a, 3
02577   4D7F 32 34 E1    		ld	(protaStatus), a ; (!?)	Para que pone esto! Seguido se cambia a	estatus	cayendo
02578   4D82 18 13       		jr	protaCayendo
02579   4D84             
02580   4D84             ;----------------------------------------------------
02581   4D84             ; El prota ha llegado al suelo
02582   4D84             ; Pone estado de andar/normal y	reproduce efecto de aterrizaje
02583   4D84             ;----------------------------------------------------
02584   4D84             
02585   4D84             protaAterriza:
02586   4D84 3E 02       		ld	a, 2		; SFX choca suelo
02587   4D86 CD A9 7A    		call	setMusic
02588   4D89 AF          		xor	a
02589   4D8A 32 34 E1    		ld	(protaStatus), a ; Pone	estado de andar
02590   4D8D C9          		ret
02591   4D8E             
02592   4D8E             
02593   4D8E             ;----------------------------------------------------
02594   4D8E             ; Pone al prota	en estado de caida
02595   4D8E             ;----------------------------------------------------
02596   4D8E             
02597   4D8E             setProtaCae:
02598   4D8E AF          		xor	a
02599   4D8F 32 3B E0    		ld	(flagSetCaeSnd), a ; Si	es 0 hay que inicializar los datos del sonido de caida
02600   4D92 3E 01       		ld	a, 1
02601   4D94 CD A9 7A    		call	setMusic	; SFX caer
02602   4D97             
02603   4D97             ;----------------------------------------------------
02604   4D97             ; Prota	status 2: Caer
02605   4D97             ; Actualiza las	coordenadas del	prota debido a la caida
02606   4D97             ; Pone estado de caida
02607   4D97             ; Comprueba si llega al	suelo
02608   4D97             ;----------------------------------------------------
02609   4D97             
02610   4D97             protaCayendo:
02611   4D97 21 34 E1    		ld	hl, protaStatus	; Puntero al estado del	prota
02612   4D9A CD 64 75    		call	cayendo		; Pone estado de cayendo y comprueba si	llega al suelo
02613   4D9D D2 84 4D    		jp	nc, protaAterriza ; Ha llegado al suelo
02614   4DA0 C9          		ret
02615   4DA1             
02616   4DA1             
02617   4DA1             ;----------------------------------------------------
02618   4DA1             ; Prota	status 3: Escaleras
02619   4DA1             ; Mueve	al prota por las escaleras y comprueba si llega	al final
02620   4DA1             ; Si llega al final pasa al estado de andar
02621   4DA1             ;----------------------------------------------------
02622   4DA1             
02623   4DA1             protaEscaleras:
02624   4DA1 21 35 E1    		ld	hl, protaControl ; 1 = Arriba, 2 = Abajo, 4 = Izquierda, 8 = Derecha, #10 = Boton A, #20 =Boton	B
02625   4DA4 7E          		ld	a, (hl)
02626   4DA5 E6 0C       		and	0Ch
02627   4DA7 C8          		ret	z		; No esta pulsado DERECHA ni IZQUIERDA
02628   4DA8             
02629   4DA8 06 01       		ld	b, 1		; Velocidad del	prota en las escaleras (mascara	aplicada al timer)
02630   4DAA AF          		xor	a
02631   4DAB 32 5F E0    		ld	(quienEscalera), a ; (!?) Se usa esto? Quien esta en una escalera 0 = Prota. 1 = Momia
02632   4DAE CD 7D 75    		call	andaEscalera	; Mueve	al prota por la	escalera y comprueba si	llega al final
02633   4DB1 28 03       		jr	z, protaEscaleras2 ;  Ha llegado al final de las escaleras
02634   4DB3 C3 2E 4D    		jp	calcFrame	; Actualiaza el	frame de la animacion
02635   4DB6             
02636   4DB6             protaEscaleras2:
02637   4DB6 AF          		xor	a		; Estado: andar
02638   4DB7 18 02       		jr	protaEscaleras3
02639   4DB9             
02640   4DB9             
02641   4DB9             
02642   4DB9 3E 03       		ld	a, 3		; (!?) Este codigo no se ejecuta nunca!
02643   4DBB             
02644   4DBB             protaEscaleras3:
02645   4DBB 32 34 E1    		ld	(protaStatus), a ; Esto	solo se	usa para poner al prota	en estado de andar al terminar una escalera
02646   4DBE C9          		ret
02647   4DBF             
02648   4DBF             ;----------------------------------------------------
02649   4DBF             ; El prota lanza un cuchillo
02650   4DBF             ;----------------------------------------------------
02651   4DBF             
02652   4DBF             setLanzaKnife:
02653   4DBF             	IF	(VERSION2)
02654   4DBF AF          		xor	a
02655   4DC0 21 F4 E1    		ld	hl,ElemEnProceso
02656   4DC3 77          		ld	(hl),a
02657   4DC4             chkPuertaMov:		
02658   4DC4 E5          		push	hl
02659   4DC5 3E 04       		ld	a,04
02660   4DC7 CD 5B 67    		call	getExitDat	; Obtiene puntero al estatus de la puerta que se está procesando
02661   4DCA E6 F0       		and	#F0		; Se queda con el status (nibble alto)
02662   4DCC FE 30       		cp	#30		; Se esta abriendo?
02663   4DCE E1          		pop	hl
02664   4DCF C8          		ret	z		; Impide lanzar el cuchillo mientras la puerta se abre para impedir que se corrompan los tiles al pasar el cuchillo sobre la puerta
02665   4DD0 34          		inc	(hl)
02666   4DD1 3E 04       		ld	a,04		; Numero máximo de cuchillos
02667   4DD3 BE          		cp	(hl)
02668   4DD4 20 EE       		jr	nz,chkPuertaMov ; Aún quedan cuchillos por comprobar
02669   4DD6             	ENDIF
02670   4DD6             
02671   4DD6 AF          		xor	a
02672   4DD7 32 31 E1    		ld	(lanzamFallido), a ; 1 = El cuchillo se	ha lanzado contra un muro y directamente sale rebotando
02673   4DDA             
02674   4DDA 21 36 E1    		ld	hl, sentidoProta ; 1 = Izquierda, 2 = Derecha
02675   4DDD 7E          		ld	a, (hl)
02676   4DDE 23          		inc	hl		; Apunta a la Y
02677   4DDF 1F          		rra
02678   4DE0 01 00 FF    		ld	bc, 0FF00h	; X-1
02679   4DE3 38 02       		jr	c, setLanzaKnife2 ;  Lo	lanza a	la izquierda
02680   4DE5 06 12       		ld	b, 12h		; X+18
02681   4DE7             
02682   4DE7             setLanzaKnife2:
02683   4DE7 C5          		push	bc
02684   4DE8 CD B7 50    		call	chkTocaMuro	; Lo esta intentando lanzar pegado a un	muro?
02685   4DEB C1          		pop	bc
02686   4DEC 28 15       		jr	z, setLanzaKnife4 ; Si,	asi no se puede	a no ser que haya un hueco un tile por encima
02687   4DEE             
02688   4DEE             	IF	(VERSION2)
02689   4DEE C5          		push	bc
02690   4DEF 1A          		ld	a,(de)		; Tile del mapa contra el que ha chocado
02691   4DF0 CD C8 5A    		call	chkKnifeChoca	; Comprueba el tipo de tile que es
02692   4DF3 C1          		pop	bc
02693   4DF4 28 0D       		jr	z,setLanzaKnife4 ; Es un muro, cuchillo, gema o pico
02694   4DF6             
02695   4DF6             	ENDIF
02696   4DF6             
02697   4DF6             setLanzaKnife3:
02698   4DF6 3E 15       		ld	a, 15h
02699   4DF8 32 45 E1    		ld	(accionWaitCnt), a ; Contador usado para controlar la animacion	y duracion de la accion	(lanzar	cuchillo, cavar, pasar puerta giratoria)
02700   4DFB 3E 04       		ld	a, 4
02701   4DFD 32 34 E1    		ld	(protaStatus), a ; Cambia el estado del	prota a	"lanzando cuchillo"
02702   4E00 C3 67 4E    		jp	setFrameLanzar	; Pone fotograma de lanzar cuchillo
02703   4E03             
02704   4E03             ; Comprueba si al lanzar un cuchillo contra un muro
02705   4E03             ; hay un hueco sobre este para que caiga el cuchillo
02706   4E03             ; Por ejemplo: el prota	esta en	un agujero pero	a los lados sobre su cabeza hay	sitio libre
02707   4E03             
02708   4E03             setLanzaKnife4:
02709   4E03             
02710   4E03             	IF	(VERSION2)
02711   4E03 FE 10       		cp	#10		; Es un muro?
02712   4E05 C0          		ret	nz		; No
02713   4E06             	ENDIF
02714   4E06             
02715   4E06 0D          		dec	c		; El tile que esta una fila por	encima del prota
02716   4E07 21 39 E1    		ld	hl, ProtaX
02717   4E0A 7E          		ld	a, (hl)		; X prota
02718   4E0B E6 07       		and	7
02719   4E0D FE 04       		cp	4		; En medio de un tile?
02720   4E0F C0          		ret	nz		; No
02721   4E10             
02722   4E10 2B          		dec	hl
02723   4E11 2B          		dec	hl		; Apunta a la Y
02724   4E12 CD B7 50    		call	chkTocaMuro	; Z = choca
02725   4E15 79          		ld	a, c		; Tile comprobado
02726   4E16 B7          		or	a		; Es cero?
02727   4E17 C0          		ret	nz		; No esta libre
02728   4E18             
02729   4E18 21 31 E1    		ld	hl, lanzamFallido ; 1 =	El cuchillo se ha lanzado contra un muro y directamente	sale rebotando
02730   4E1B 34          		inc	(hl)
02731   4E1C 18 D8       		jr	setLanzaKnife3
02732   4E1E             
02733   4E1E             ;----------------------------------------------------
02734   4E1E             ; Prota	status 4: El prota esta	lanzando un cuchillo
02735   4E1E             ; Aqui llega el	prota con el frame 1 de	lanzar puesto
02736   4E1E             ; Tras unas iteraciones	pasa al	frame 2	de la animacion
02737   4E1E             ; Al terminar la animacion/espera, se restaura el sprite normal	(sin objeto en las manos) y el estado de andar
02738   4E1E             ;----------------------------------------------------
02739   4E1E             
02740   4E1E             protaLanzaKnife:
02741   4E1E 21 45 E1    		ld	hl, accionWaitCnt ; Contador usado para	controlar la animacion y duracion de la	accion (lanzar cuchillo, cavar,	pasar puerta giratoria)
02742   4E21 CB 66       		bit	4, (hl)		; Es menor de #10?
02743   4E23 28 48       		jr	z, chkLanzaEnd
02744   4E25             
02745   4E25 35          		dec	(hl)
02746   4E26 7E          		ld	a, (hl)
02747   4E27 E6 0F       		and	0Fh		; Al llegar lanzaWaitCnt a #10 pone el segundo frame de	la animacion de	lanzar
02748   4E29 C0          		ret	nz
02749   4E2A             
02750   4E2A 21 61 E2    		ld	hl, IDcuchilloCoge ; Cuchillo que coge el prota
02751   4E2D 7E          		ld	a, (hl)
02752   4E2E 23          		inc	hl
02753   4E2F 77          		ld	(hl), a		; Cuchillo en proceso
02754   4E30             
02755   4E30 AF          		xor	a
02756   4E31 CD 17 5B    		call	getKnifeData
02757   4E34 36 04       		ld	(hl), 4		; Estado: lanzamiento
02758   4E36             
02759   4E36 3A 36 E1    		ld	a, (sentidoProta) ; 1 =	Izquierda, 2 = Derecha
02760   4E39 E6 03       		and	3
02761   4E3B 23          		inc	hl
02762   4E3C 77          		ld	(hl), a		; Pone al cuchillo el mismo sentido que	tiene el prota
02763   4E3D             
02764   4E3D 3A 31 E1    		ld	a, (lanzamFallido) ; 1 = El cuchillo se	ha lanzado contra un muro y directamente sale rebotando
02765   4E40 B7          		or	a		; Sale directamente rebotando contra el	muro?
02766   4E41 28 1F       		jr	z, setFrameLanzar2 ; Pone frame	2 del lanzamiento: brazo abajo
02767   4E43             
02768   4E43             
02769   4E43             ; El cuchillo directamente sale	rebotando para caer sobre el muro que esta delante
02770   4E43             
02771   4E43 2B          		dec	hl
02772   4E44 36 07       		ld	(hl), 7		; estado: rebotando
02773   4E46 23          		inc	hl		; sentido
02774   4E47 23          		inc	hl		; Y
02775   4E48             
02776   4E48 11 37 E1    		ld	de, ProtaY
02777   4E4B 1A          		ld	a, (de)		; Y del	prota
02778   4E4C D6 08       		sub	8
02779   4E4E 77          		ld	(hl), a		; Y del	cuchillo 8 pixeles por encima del prota
02780   4E4F             
02781   4E4F 23          		inc	hl		; X decimales
02782   4E50 23          		inc	hl		; X cuchillo
02783   4E51 13          		inc	de		; X decimales
02784   4E52 13          		inc	de		; X prota
02785   4E53             
02786   4E53 1A          		ld	a, (de)		; X prota
02787   4E54 C6 04       		add	a, 4
02788   4E56 77          		ld	(hl), a		; X del	cuchillo igual a X prota + 4
02789   4E57 23          		inc	hl
02790   4E58 13          		inc	de
02791   4E59 1A          		ld	a, (de)		; Habitacion prota
02792   4E5A 77          		ld	(hl), a		; Habitacion cuchillo
02793   4E5B             
02794   4E5B 3E 04       		ld	a, 4
02795   4E5D CD 10 40    		call	ADD_A_HL
02796   4E60 36 00       		ld	(hl), 0
02797   4E62             
02798   4E62             setFrameLanzar2:
02799   4E62 3E 09       		ld	a, 9		; Frame	2 de lanzar cuchillo (accion frame 2)
02800   4E64 C3 69 4E    		jp	setFrameProta
02801   4E67             
02802   4E67             setFrameLanzar:
02803   4E67 3E 08       		ld	a, 8		; Frame	de lanzar cuchillo (accion frame 1)
02804   4E69             
02805   4E69             setFrameProta:
02806   4E69 32 3F E1    		ld	(protaFrame), a
02807   4E6C C9          		ret
02808   4E6D             
02809   4E6D             ;----------------------------------------------------
02810   4E6D             ; Comprueba si termina el lanzamiento para restaurar el	sprite y el estado de andar
02811   4E6D             ;----------------------------------------------------
02812   4E6D             
02813   4E6D             chkLanzaEnd:
02814   4E6D 21 45 E1    		ld	hl, accionWaitCnt ; Contador usado para	controlar la animacion y duracion de la	accion (lanzar cuchillo, cavar,	pasar puerta giratoria)
02815   4E70 35          		dec	(hl)
02816   4E71 C0          		ret	nz
02817   4E72             
02818   4E72 AF          		xor	a
02819   4E73 32 34 E1    		ld	(protaStatus), a ; Pone	estado de andar
02820   4E76 18 42       		jr	quitaObjeto	; Carga	sprites	normales (sin objeto)
02821   4E78             
02822   4E78             
02823   4E78             
02824   4E78             ;----------------------------------------------------
02825   4E78             ; Status 5: Prota picando
02826   4E78             ; Animacion del	prota picando y	rompiendo los ladrillos
02827   4E78             ;----------------------------------------------------
02828   4E78             
02829   4E78             protaPicando:
02830   4E78 21 45 E1    		ld	hl, accionWaitCnt ; Contador usado para	controlar la animacion y duracion de la	accion (lanzar cuchillo, cavar,	pasar puerta giratoria)
02831   4E7B 35          		dec	(hl)
02832   4E7C 7E          		ld	a, (hl)
02833   4E7D E6 0F       		and	0Fh
02834   4E7F 28 0B       		jr	z, protaPicando3
02835   4E81             
02836   4E81 7E          		ld	a, (hl)
02837   4E82 CB 67       		bit	4, a
02838   4E84 3E 09       		ld	a, 9		; Frame	2 de la	accion de picar
02839   4E86 28 01       		jr	z, protaPicando2
02840   4E88 3D          		dec	a		; Frame	1 de la	accion de picar
02841   4E89             
02842   4E89             protaPicando2:
02843   4E89 C3 42 4D    		jp	setProtaFrame
02844   4E8C             
02845   4E8C             protaPicando3:
02846   4E8C 7E          		ld	a, (hl)		; Contador de la accion	de picar
02847   4E8D CB 67       		bit	4, a		; Es multiplo de #20
02848   4E8F 06 04       		ld	b, 4		; Frames con el	pico abajo
02849   4E91 20 0F       		jr	nz, protaPicando4
02850   4E93             
02851   4E93 06 08       		ld	b, 8		; Frames con el	pico arriba
02852   4E95 C5          		push	bc
02853   4E96 E5          		push	hl
02854   4E97 21 48 E1    		ld	hl, agujeroCnt	; Al comenzar a	pica vale #15
02855   4E9A 35          		dec	(hl)
02856   4E9B 35          		dec	(hl)
02857   4E9C 35          		dec	(hl)
02858   4E9D CD F7 68    		call	drawAgujero	; Dibuja la animacion de como se rompen	los ladrillos al picar y los borra del mapa
02859   4EA0 E1          		pop	hl
02860   4EA1 C1          		pop	bc
02861   4EA2             
02862   4EA2             protaPicando4:
02863   4EA2 7E          		ld	a, (hl)		; AccionWaitCnt
02864   4EA3 E6 F0       		and	0F0h
02865   4EA5 B0          		or	b		; Numero de frames que se mantiene en la posicion actual
02866   4EA6 EE 10       		xor	10h
02867   4EA8 77          		ld	(hl), a
02868   4EA9             
02869   4EA9 3A 48 E1    		ld	a, (agujeroCnt)	; Al comenzar a	pica vale #15
02870   4EAC A7          		and	a
02871   4EAD C0          		ret	nz		; No ha	terminado de hacer el agujero
02872   4EAE             
02873   4EAE CD CF 4F    		call	chkIncrust	; Comprueba que	al terminar el agujero el prota	no este	incrustado (?)
02874   4EB1             
02875   4EB1 3E 01       		ld	a, 1
02876   4EB3 CD 42 4D    		call	setProtaFrame	; Pone frame con los pies juntos
02877   4EB6             
02878   4EB6 AF          		xor	a
02879   4EB7 32 34 E1    		ld	(protaStatus), a ; Restaura estado de andar
02880   4EBA             
02881   4EBA             ;----------------------------------------------------
02882   4EBA             ; Quita	el objeto que se tiene.
02883   4EBA             ; Actualiza los	sprites	dependiendo de que se lleve en las manos
02884   4EBA             ;----------------------------------------------------
02885   4EBA             
02886   4EBA             quitaObjeto:
02887   4EBA AF          		xor	a
02888   4EBB             
02889   4EBB             cogeObjeto:
02890   4EBB 32 44 E1    		ld	(objetoCogido),	a ; #10	= Cuchillo, #20	= Pico
02891   4EBE C3 56 50    		jp	loadAnimation	; Actualiza los	sprites	del prota
02892   4EC1             
02893   4EC1             
02894   4EC1             ;----------------------------------------------------
02895   4EC1             ; Prota	usa pico
02896   4EC1             ; Comprueba si	el prota puede hacer un	agujero	con el pico
02897   4EC1             ; Para ello tiene que estar sobre suelo	firme (plataforma de piedra)
02898   4EC1             ; y que	debajo de la plataforma	no haya	una puerta giratoria
02899   4EC1             ; Tambien comprueba que	sobre el lugar del agujero no haya un cuchillo o una gema
02900   4EC1             ;----------------------------------------------------
02901   4EC1             
02902   4EC1             chkProtaPica:
02903   4EC1 21 37 E1    		ld	hl, ProtaY
02904   4EC4 CD AD 50    		call	chkPisaSuelo
02905   4EC7 C0          		ret	nz		; El prota no esta sobre suelo firme
02906   4EC8             
02907   4EC8 2B          		dec	hl
02908   4EC9 E5          		push	hl		; Apunta al sentido
02909   4ECA CD DA 51    		call	chkChocaAndar3
02910   4ECD E1          		pop	hl
02911   4ECE 30 0C       		jr	nc, chkProtaPica2 ; No choca
02912   4ED0             
02913   4ED0 7E          		ld	a, (hl)		; Sentido
02914   4ED1 EE 03       		xor	3		; Invierte el sentido
02915   4ED3 47          		ld	b, a		; Lo guarda en B para pasarselo	a la funcion
02916   4ED4 E5          		push	hl
02917   4ED5 CD DB 51    		call	chkChocaAndar4
02918   4ED8 E1          		pop	hl
02919   4ED9 DA 6C 4F    		jp	c, picaLateral	; Si esta atrapado en un agujero pica uno de los muros lateralmente
02920   4EDC             
02921   4EDC             chkProtaPica2:
02922   4EDC 5E          		ld	e, (hl)		; Sentido
02923   4EDD 23          		inc	hl
02924   4EDE 7E          		ld	a, (hl)		; Y prota
02925   4EDF C6 10       		add	a, 10h		; Le suma el alto del prota
02926   4EE1 57          		ld	d, a		; Guarda en D la Y del suelo bajo los pies
02927   4EE2 23          		inc	hl
02928   4EE3 23          		inc	hl
02929   4EE4 7E          		ld	a, (hl)		; X prota
02930   4EE5 01 10 00    		ld	bc, 10h		; Offset X: izquierda =	0, derecha = 16
02931   4EE8 E6 07       		and	7
02932   4EEA FE 05       		cp	5		; Calcula la posicion relativa respecto	al tile
02933   4EEC 38 02       		jr	c, chkProtaPica3
02934   4EEE             
02935   4EEE             	IF	(VERSION2)
02936   4EEE 06 08       		ld	b,#08
02937   4EF0             	ELSE
02938   4EF0~            		ld	bc, 810h	; Offset: izquierda = 8, derecha = 16
02939   4EF0             	ENDIF
02940   4EF0             	
02941   4EF0             chkProtaPica3:
02942   4EF0 7B          		ld	a, e		; Sentido
02943   4EF1 1F          		rra
02944   4EF2 78          		ld	a, b		; Offset picando a la izquierda
02945   4EF3 38 01       		jr	c, chkProtaPica4
02946   4EF5 79          		ld	a, c		; Offset picando a la derecha
02947   4EF6             
02948   4EF6             chkProtaPica4:
02949   4EF6 86          		add	a, (hl)		; Suma el desplazamiento a la X	del prota
02950   4EF7 5F          		ld	e, a
02951   4EF8 E6 F8       		and	0F8h
02952   4EFA C8          		ret	z		; Demasiado pegado a la	izquierda
02953   4EFB             
02954   4EFB FE F8       		cp	0F8h
02955   4EFD C8          		ret	z		; Demasiado pegado a la	derecha
02956   4EFE             
02957   4EFE 21 49 E1    		ld	hl, agujeroDat	; Y, X,	habitacion
02958   4F01 E5          		push	hl
02959   4F02 72          		ld	(hl), d		; Y agujero
02960   4F03 23          		inc	hl
02961   4F04 23          		inc	hl
02962   4F05 73          		ld	(hl), e		; X agujero
02963   4F06 13          		inc	de
02964   4F07 23          		inc	hl
02965   4F08 3A 3A E1    		ld	a, (ProtaRoom)	; Parte	alta de	la coordenada X. Indica	la habitacion de la piramide
02966   4F0B 77          		ld	(hl), a		; Habitacion del agujero
02967   4F0C E1          		pop	hl
02968   4F0D CD D6 50    		call	getMapOffset00	; Obtiene en HL	el puntero al mapa de las coordenadas apuntada por HL
02969   4F10 E6 F0       		and	0F0h		; Se queda con el tipo de tile
02970   4F12 FE 10       		cp	10h		; Es una plataforma, ladrillo o	muro?
02971   4F14 C0          		ret	nz		; No
02972   4F15             
02973   4F15 7E          		ld	a, (hl)
02974   4F16 E6 0F       		and	0Fh		; Se queda con el tipo de ladrillo
02975   4F18 FE 04       		cp	4		; Es ladrillo de muro o	plataforma?
02976   4F1A             
02977   4F1A             	IF	(VERSION2)
02978   4F1A 38 03       		jr	c,chkProtaPica4b
02979   4F1C FE 09       		cp	9		; Es un ladrillo de un muro trampa?
02980   4F1E C0          		ret	nz
02981   4F1F             	ELSE
02982   4F1F~            		ret	nc		; No
02983   4F1F             	ENDIF
02984   4F1F             	
02985   4F1F             chkProtaPica4b:	
02986   4F1F 3E 60       		ld	a, 60h		; Desplazamiento a una fila inferior
02987   4F21 CD 10 40    		call	ADD_A_HL
02988   4F24 7E          		ld	a, (hl)		; Tile del mapa	que esta por debajo del	anterior
02989   4F25 E6 F0       		and	0F0h		; Tipo de tile
02990   4F27 FE 50       		cp	50h		; Es una puerta	giratoria?
02991   4F29 C8          		ret	z		; Si, aqui no se puede hacer un	agujero	(que nos cargamos la puerta!)
02992   4F2A             
02993   4F2A             
02994   4F2A             ; Esta comprobacion evita que se haga un agujero debajo	de un cuchillo, pico o una gema
02995   4F2A             
02996   4F2A 01 40 FF    		ld	bc, -0C0h	; Desplazamiento 2 filas mas arriba. Justo un tile por encima del suelo
02997   4F2D 09          		add	hl, bc
02998   4F2E 7E          		ld	a, (hl)		; Lee tile del mapa
02999   4F2F E6 F0       		and	0F0h		; Esta vacio?
03000   4F31 28 01       		jr	z, chkProtaPica5+1 ; (!?) Esto salta y ejecuta "JR NZ,#4ED1" Claro que nunca sera NZ si salta siendo Z
03001   4F33             
03002   4F33             chkProtaPica5:
03003   4F33 FE 20       		cp	20h		; Es una escalera?
03004   4F35 C0          		ret	nz		; Si, se puede hacer un	agujero	a los pies de una escalera
03005   4F36             
03006   4F36 21 34 E1    		ld	hl, protaStatus	; Puntero al estado del	prota
03007   4F39 36 05       		ld	(hl), 5		; Estado: Picando
03008   4F3B             
03009   4F3B 23          		inc	hl
03010   4F3C 23          		inc	hl
03011   4F3D 7E          		ld	a, (hl)		; Sentido del prota
03012   4F3E 1F          		rra
03013   4F3F 23          		inc	hl
03014   4F40 23          		inc	hl
03015   4F41 23          		inc	hl
03016   4F42 7E          		ld	a, (hl)		; X
03017   4F43 30 10       		jr	nc, chkProtaPica7 ; Mira a la derecha
03018   4F45             
03019   4F45 E6 07       		and	7		; Posicion relativa al tile
03020   4F47 FE 05       		cp	5		; Esta en los 4	pixeles	derechos del tile?
03021   4F49 7E          		ld	a, (hl)		; X
03022   4F4A 38 06       		jr	c, chkProtaPica6 ; No
03023   4F4C C6 04       		add	a, 4		; Pasa al siguiente tile
03024   4F4E E6 F8       		and	0F8h		; Lo ajusta a la X del tile
03025   4F50 C6 02       		add	a, 2		; Le suma 2
03026   4F52             
03027   4F52             chkProtaPica6:
03028   4F52 77          		ld	(hl), a		; Actualiza la X del prota
03029   4F53 18 0C       		jr	setPicarStatus
03030   4F55             
03031   4F55             ; El prota esta	haciendo el agujero hacia la derecha
03032   4F55             
03033   4F55             chkProtaPica7:
03034   4F55 E6 07       		and	7		; Posicion X relativa al tile
03035   4F57 D6 01       		sub	1
03036   4F59 FE 03       		cp	3		; Esta en la parte derecha o izquierda del tile?
03037   4F5B 7E          		ld	a, (hl)
03038   4F5C 38 02       		jr	c, chkProtaPica8
03039   4F5E E6 FC       		and	0FCh		; Ajusta la X del prota	a la X del tile
03040   4F60             
03041   4F60             chkProtaPica8:
03042   4F60 77          		ld	(hl), a		; Actualiza la X del prota
03043   4F61             
03044   4F61             setPicarStatus:
03045   4F61 3E 15       		ld	a, 15h
03046   4F63 32 48 E1    		ld	(agujeroCnt), a	; Al comenzar a	pica vale #15
03047   4F66 3E 05       		ld	a, 5
03048   4F68 32 34 E1    		ld	(protaStatus), a ; Pone	estado de picando
03049   4F6B C9          		ret
03050   4F6C             
03051   4F6C             
03052   4F6C             ;----------------------------------------------------
03053   4F6C             ; Cuando el prota esta atrapado	entre dos muros	en vez de
03054   4F6C             ; picar	en el suelo, pica en la	pared
03055   4F6C             ;----------------------------------------------------
03056   4F6C             
03057   4F6C             picaLateral:
03058   4F6C 11 49 E1    		ld	de, agujeroDat	; Y, X,	habitacion
03059   4F6F 23          		inc	hl
03060   4F70 7E          		ld	a, (hl)		; Y del	prota
03061   4F71 12          		ld	(de), a		; Y del	agujero
03062   4F72 23          		inc	hl
03063   4F73 13          		inc	de
03064   4F74 13          		inc	de
03065   4F75 23          		inc	hl
03066   4F76 3A 36 E1    		ld	a, (sentidoProta) ; 1 =	Izquierda, 2 = Derecha
03067   4F79 1F          		rra
03068   4F7A 7E          		ld	a, (hl)		; X del	prota
03069   4F7B 38 02       		jr	c, picaLateral2	; Va a pizar hacia la izquierda
03070   4F7D C6 10       		add	a, 10h		; Pica hacia la	derecha, asi que le suma a la X	el ancho del prota (16 pixeles)
03071   4F7F             
03072   4F7F             picaLateral2:
03073   4F7F 12          		ld	(de), a		; X del	agujero
03074   4F80 E6 F8       		and	0F8h
03075   4F82 C8          		ret	z		; Esta picando el muro izquierdo que delimita la habitacion
03076   4F83             
03077   4F83 FE F8       		cp	0F8h
03078   4F85 C8          		ret	z		; Esta intentando picar	el muro	derecho	que delimita la	habitacion
03079   4F86             
03080   4F86 23          		inc	hl
03081   4F87 13          		inc	de
03082   4F88 7E          		ld	a, (hl)		; Habitacion prota
03083   4F89 12          		ld	(de), a		; Habitacion agujero
03084   4F8A CD 61 4F    		call	setPicarStatus	; Pone al prota	en estado de picar
03085   4F8D             
03086   4F8D 3E 02       		ld	a, 2
03087   4F8F 32 45 E1    		ld	(accionWaitCnt), a ; Contador usado para controlar la animacion	y duracion de la accion	(lanzar	cuchillo, cavar, pasar puerta giratoria)
03088   4F92 21 37 E1    		ld	hl, ProtaY
03089   4F95 CD D6 50    		call	getMapOffset00	; Obtiene en HL	el puntero al mapa de las coodenadas apuntada por HL
03090   4F98             
03091   4F98 3A 36 E1    		ld	a, (sentidoProta) ; 1 =	Izquierda, 2 = Derecha
03092   4F9B 1F          		rra
03093   4F9C 38 02       		jr	c, picaLateral3	; Izquierda
03094   4F9E             
03095   4F9E 23          		inc	hl
03096   4F9F 23          		inc	hl		; Apunta al tile que esta a la derecha del prota
03097   4FA0             
03098   4FA0             picaLateral3:
03099   4FA0 7E          		ld	a, (hl)		; Tile del mapa
03100   4FA1 E6 F0       		and	0F0h
03101   4FA3 FE 10       		cp	10h		; Es un	muro/plataforma?
03102   4FA5 28 0C       		jr	z, picaLateral4	; Si
03103   4FA7             
03104   4FA7             
03105   4FA7             ; Si a la altura de la cabeza del prota	no hay muro, comienza a	picar un tile mas abajo
03106   4FA7             
03107   4FA7 21 49 E1    		ld	hl, agujeroDat	; Y, X,	habitacion
03108   4FAA 7E          		ld	a, (hl)
03109   4FAB C6 08       		add	a, 8
03110   4FAD 77          		ld	(hl), a		; Desplaza el orgigen del agujero un tile mas abajo
03111   4FAE 3E 09       		ld	a, 9		; Como solo va a picar un tile la duracion es la mitad
03112   4FB0 32 48 E1    		ld	(agujeroCnt), a	; Al comenzar a	pica vale #15
03113   4FB3             
03114   4FB3             picaLateral4:
03115   4FB3 3E 45       		ld	a, 45h		; SFX picar
03116   4FB5 C3 A9 7A    		jp	setMusic
03117   4FB8             
03118   4FB8             
03119   4FB8             ;----------------------------------------------------
03120   4FB8             ; Status 6: Prota pasando por una puerta giratoria
03121   4FB8             ;----------------------------------------------------
03122   4FB8             
03123   4FB8             protaGiratoria:
03124   4FB8 3A 03 E0    		ld	a, (timer)
03125   4FBB E6 01       		and	1
03126   4FBD C0          		ret	nz		; Procesa uno de cada dos frames
03127   4FBE             
03128   4FBE 21 45 E1    		ld	hl, accionWaitCnt ; Contador usado para	controlar la animacion y duracion de la	accion (lanzar cuchillo, cavar,	pasar puerta giratoria)
03129   4FC1 35          		dec	(hl)		; Ha terminado de pasar	la puerta?
03130   4FC2 28 07       		jr	z, setProtaAndar ; si
03131   4FC4             
03132   4FC4 21 3E E1    		ld	hl, protaMovCnt	; Contador usado cada vez que se mueve el prota. (!?) No se usa	su valor
03133   4FC7 34          		inc	(hl)		; Incrementa contardor de movimiento y animacion
03134   4FC8 C3 F4 4C    		jp	protaAnda4	; Mueve	y anima	al prota
03135   4FCB             
03136   4FCB             setProtaAndar:
03137   4FCB 32 34 E1    		ld	(protaStatus), a ; Pone	el estado 0 (andar) en el prota
03138   4FCE C9          		ret
03139   4FCF             
03140   4FCF             ;----------------------------------------------------
03141   4FCF             ; Comprueba si el prota	esta incrustado	despues	de hacer un agujero con	el pico
03142   4FCF             ; (Por si le baja un muro trampa?)
03143   4FCF             ;----------------------------------------------------
03144   4FCF             
03145   4FCF             chkIncrust:
03146   4FCF 21 37 E1    		ld	hl, ProtaY
03147   4FD2 01 0C 04    		ld	bc, 40Ch	; Offset X+4, Y+12
03148   4FD5 CD 4D 74    		call	chkIncrustUp
03149   4FD8 06 04       		ld	b, 4
03150   4FDA 30 09       		jr	nc, chkIncrust2
03151   4FDC             
03152   4FDC 01 0C 0B    		ld	bc, 0B0Ch	; offset X+11, Y+12
03153   4FDF CD 4D 74    		call	chkIncrustUp
03154   4FE2 D8          		ret	c
03155   4FE3 06 00       		ld	b, 0
03156   4FE5             
03157   4FE5             chkIncrust2:
03158   4FE5 21 39 E1    		ld	hl, ProtaX
03159   4FE8 7E          		ld	a, (hl)		; X prota
03160   4FE9 80          		add	a, b		; Le suma el desplazamiento
03161   4FEA E6 FC       		and	0FCh		; Ajusta la coordenada X del prota a multiplo de 4
03162   4FEC 77          		ld	(hl), a		; Actualiza la X del prota
03163   4FED C9          		ret
03164   4FEE             ;----------------------------------------------------
03165   4FEE             ;
03166   4FEE             ; Carga	los graficos y sprites del juego y
03167   4FEE             ; crea copias invertidas de algunos de ellos
03168   4FEE             ;
03169   4FEE             ;----------------------------------------------------
03170   4FEE             
03171   4FEE             loadGameGfx:
03172   4FEE 21 30 E1    		ld	hl, statusEntrada
03173   4FF1 11 31 E1    		ld	de, lanzamFallido ; 1 =	El cuchillo se ha lanzado contra un muro y directamente	sale rebotando
03174   4FF4 01 00 05    		ld	bc, 500h
03175   4FF7 AF          		xor	a
03176   4FF8 77          		ld	(hl), a
03177   4FF9 ED B0       		ldir			; Borra	RAM
03178   4FFB             
03179   4FFB 21 00 22    		ld	hl, 2200h	; Destino = Patron #40 de la tabla
03180   4FFE 11 38 56    		ld	de, GFX_InGame
03181   5001 CD F1 44    		call	UnpackPatterns
03182   5004             
03183   5004 21 28 02    		ld	hl, 228h	; Tabla	de colores de los patrones del juego
03184   5007 11 79 57    		ld	de, COLOR_InGame
03185   500A CD F1 44    		call	UnpackPatterns
03186   500D             
03187   500D 21 40 23    		ld	hl, 2340h	; Origen = Patron #68 (Puerta)
03188   5010 11 B8 23    		ld	de, 23B8h	; Destino = Patron #77
03189   5013 0E 0F       		ld	c, 0Fh		; Numero de patrones a invertir
03190   5015 CD 68 45    		call	FlipPatrones	; Invierte algunos graficos como las escaleras y las puertas
03191   5018             
03192   5018 11 DD 57    		ld	de, COLOR_Flipped
03193   501B 21 B8 03    		ld	hl, 3B8h
03194   501E CD F1 44    		call	UnpackPatterns	; Pone color a los patrones invertidos
03195   5021             
03196   5021 06 06       		ld	b, 6		; Numero de gemas
03197   5023 21 30 24    		ld	hl, 2430h	; Destino = Patron #96 de la tabla (Gemas)
03198   5026             
03199   5026             UnpackGema:
03200   5026 11 6F 57    		ld	de, GFX_GEMA
03201   5029 E5          		push	hl
03202   502A C5          		push	bc
03203   502B CD F1 44    		call	UnpackPatterns
03204   502E C1          		pop	bc
03205   502F E1          		pop	hl
03206   5030 11 08 00    		ld	de, 8
03207   5033 19          		add	hl, de
03208   5034 10 F0       		djnz	UnpackGema
03209   5036             
03210   5036             
03211   5036 11 F2 57    		ld	de, COLOR_GEMAS
03212   5039 21 30 04    		ld	hl, 430h
03213   503C CD F1 44    		call	UnpackPatterns
03214   503F             
03215   503F 11 96 55    		ld	de, GFX_SPRITES2
03216   5042 CD 14 45    		call	unpackGFXset
03217   5045             
03218   5045 11 36 55    		ld	de, GFX_MOMIA
03219   5048 CD 14 45    		call	unpackGFXset
03220   504B             
03221   504B 21 40 19    		ld	hl, 1940h	; Datos	GFX momia (Sprite generatos table address)
03222   504E 11 50 1C    		ld	de, 1C50h	; Direccion SGT	de la momia invertida
03223   5051 0E 03       		ld	c, 3
03224   5053 CD 4C 45    		call	flipSprites
03225   5056             
03226   5056             ; Carga	los sprites que	corresponden al	estado del personaje
03227   5056             ; Nada en las manos, llevando un cuchillo o llevando un	pico
03228   5056             
03229   5056             loadAnimation:
03230   5056 3A 44 E1    		ld	a, (objetoCogido) ; #10	= Cuchillo, #20	= Pico
03231   5059 1F          		rra
03232   505A 1F          		rra
03233   505B 1F          		rra
03234   505C E6 1E       		and	1Eh
03235   505E 21 75 50    		ld	hl, IndexSprites
03236   5061 CD 49 6D    		call	getIndexHL_A
03237   5064 EB          		ex	de, hl
03238   5065 21 00 18    		ld	hl, 1800h
03239   5068 E5          		push	hl
03240   5069 CD 14 45    		call	unpackGFXset
03241   506C E1          		pop	hl		; Recupera la direccion	de los sprites en VRAM
03242   506D 11 10 1B    		ld	de, 1B10h	; Destino sprites invertidos (#60-#61)
03243   5070 0E 0A       		ld	c, 0Ah		; Numero de sprites a invertir
03244   5072 C3 4C 45    		jp	flipSprites
03245   5075             
03246   5075             
03247   5075             
03248   5075 0E 52       IndexSprites:	dw GFX_Prota
03249   5077 CA 52       		dw GFX_ProtaKnife
03250   5079 FD 53       		dw GFX_ProtaPico
03251   507B             
03252   507B             
03253   507B 21 37 E1    		ld	hl, ProtaY	; (!?) Este codigo no se ejecuta nunca!
03254   507E             
03255   507E             ;----------------------------------------------------
03256   507E             ; Comprueba si choca contra el suelo
03257   507E             ; Out:
03258   507E             ;   Z =	Ha chocado
03259   507E             ;   C =	No ha chocado
03260   507E             ;----------------------------------------------------
03261   507E             
03262   507E             chkChocaSuelo:
03263   507E E5          		push	hl
03264   507F 2B          		dec	hl
03265   5080 7E          		ld	a, (hl)		; Sentido
03266   5081 23          		inc	hl
03267   5082 01 0F 05    		ld	bc, 50Fh	; Parte	inferior izquierda
03268   5085 1F          		rra
03269   5086 38 02       		jr	c, chkChocaSuelo2 ; Va hacia la	izquierda
03270   5088 06 0B       		ld	b, 0Bh		; Parte	inferior derecha
03271   508A             
03272   508A             chkChocaSuelo2:
03273   508A CD E1 50    		call	getMapOffset	; Obtiene en HL	la direccion del mapa que corresponde a	las coordenadas
03274   508D E1          		pop	hl
03275   508E E6 F0       		and	0F0h		; Se queda con la familia de tiles
03276   5090 FE 10       		cp	10h		; Es una plataforma?
03277   5092 C8          		ret	z		; Si, ha chocado
03278   5093             
03279   5093 37          		scf
03280   5094 C9          		ret
03281   5095             
03282   5095             
03283   5095             ;----------------------------------------------------
03284   5095             ; Comprueba si hay suelo bajo los pies del prota
03285   5095             ; Out:
03286   5095             ;    Z = Hay suelo
03287   5095             ;    C = No hay	suelo
03288   5095             ;----------------------------------------------------
03289   5095             
03290   5095             chkProtaCae:
03291   5095 21 37 E1    		ld	hl, ProtaY
03292   5098             
03293   5098             chkCae:	
03294   5098 CD AD 50    		call	chkPisaSuelo
03295   509B C8          		ret	z		; Esta pisando suelo
03296   509C             
03297   509C 23          		inc	hl
03298   509D 23          		inc	hl
03299   509E 7E          		ld	a, (hl)		; X del	elemento
03300   509F E6 07       		and	7
03301   50A1 FE 04       		cp	4		; Se encuentra en los 4	primeros pixeles de un tile?
03302   50A3 7E          		ld	a, (hl)
03303   50A4 30 02       		jr	nc, chkCae2	; Dependiendo del lado por el que se cae, mueve	el elemento 4 pixeles en esa direccion para separarlo de la plataforma
03304   50A6             
03305   50A6 C6 04       		add	a, 4		; Desplaza el elemento 4 pixeles a la derecha
03306   50A8             
03307   50A8             chkCae2:
03308   50A8 E6 FC       		and	0FCh		; Ajusta la X a	multiplo de 4
03309   50AA 77          		ld	(hl), a		; Actualiza la X
03310   50AB 37          		scf
03311   50AC C9          		ret
03312   50AD             
03313   50AD             ;----------------------------------------------------
03314   50AD             ; Comprueba si el elemento actual esta pisando suelo
03315   50AD             ; Tanto	el prota como las momias tienen	una altura de 16
03316   50AD             ; por lo que sumando 17	a su altura se miran lo	que hay	justo
03317   50AD             ; debajo de sus	pies
03318   50AD             ; Out:
03319   50AD             ;   DE = Puntero al tile del mapa
03320   50AD             ;    Z = Choca
03321   50AD             ;----------------------------------------------------
03322   50AD             
03323   50AD             chkPisaSuelo:
03324   50AD 01 11 06    		ld	bc, 611h	; Coordenadas X	+ 6, Y + 17
03325   50B0 CD B7 50    		call	chkTocaMuro	; Z = choca
03326   50B3 C8          		ret	z		; Esta sobre una plataforma
03327   50B4             
03328   50B4 01 11 0A    		ld	bc, 0A11h	; X + 10, Y + 17
03329   50B7             
03330   50B7             chkTocaMuro:
03331   50B7 E5          		push	hl		; Z = choca
03332   50B8 CD E1 50    		call	getMapOffset	; Obtiene en HL	la direccion del mapa que corresponde a	las coordenadas
03333   50BB EB          		ex	de, hl
03334   50BC E1          		pop	hl
03335   50BD             
03336   50BD 2B          		dec	hl
03337   50BE 2B          		dec	hl
03338   50BF 2B          		dec	hl
03339   50C0             
03340   50C0 46          		ld	b, (hl)		; Status
03341   50C1 23          		inc	hl
03342   50C2 23          		inc	hl
03343   50C3 23          		inc	hl
03344   50C4 E6 F0       		and	0F0h		; Se queda con la familia a la que corresponde el tile del mapa
03345   50C6 4F          		ld	c, a
03346   50C7 FE 10       		cp	10h		; Plataformas
03347   50C9 C8          		ret	z		; Esta tocando una plataforma
03348   50CA             
03349   50CA 78          		ld	a, b		; Status
03350   50CB FE 02       		cp	2		; Cayendo?
03351   50CD 79          		ld	a, c		; Recupera el tipo de tile que toca
03352   50CE 28 03       		jr	z, noTocaMuro
03353   50D0             
03354   50D0 FE 50       		cp	50h		; Puerta giratoria
03355   50D2 C9          		ret
03356   50D3             
03357   50D3             noTocaMuro:
03358   50D3 79          		ld	a, c		; (!?) No hace falta
03359   50D4 05          		dec	b		; Set NZ
03360   50D5 C9          		ret
03361   50D6             
03362   50D6             getMapOffset00:
03363   50D6 D5          		push	de		; Obtiene en HL	el puntero al mapa de las coodenadas apuntada por HL
03364   50D7 C5          		push	bc
03365   50D8 01 00 00    		ld	bc, 0
03366   50DB CD E1 50    		call	getMapOffset	; Obtiene en HL	la direccion del mapa que corresponde a	las coordenadas
03367   50DE C1          		pop	bc
03368   50DF D1          		pop	de
03369   50E0 C9          		ret
03370   50E1             
03371   50E1             ;----------------------------------------------------
03372   50E1             ; Obtiene el tile del mapa que hay en la coordenadas a
03373   50E1             ; las que apunta HL.
03374   50E1             ;
03375   50E1             ; In:
03376   50E1             ;  HL =	Puntero	a coordenadas (Y, X decimales, X, Habitacion)
03377   50E1             ;   B =	Offset X (puede	tener valores negativos)
03378   50E1             ;   C =	Offset Y
03379   50E1             ; Out:
03380   50E1             ;  HL =	Puntero	a la posicion del mapa de esas coordenadas
03381   50E1             ;   A =	Patron del mapa	que hay	en esas	coordenadas
03382   50E1             ;----------------------------------------------------
03383   50E1             
03384   50E1             getMapOffset:
03385   50E1 7E          		ld	a, (hl)		; Y
03386   50E2 81          		add	a, c		; Le suma el desplazamiento Y para poder comprobar un punto determinado
03387   50E3             					; del elemento distinto	de sus coordendas de origen
03388   50E3 1F          		rra
03389   50E4 1F          		rra
03390   50E5 1F          		rra
03391   50E6 E6 1F       		and	1Fh		; Ajusta la coordenada Y a patrones (/8)
03392   50E8             
03393   50E8 5F          		ld	e, a
03394   50E9 16 00       		ld	d, 0
03395   50EB EB          		ex	de, hl
03396   50EC 29          		add	hl, hl
03397   50ED 29          		add	hl, hl
03398   50EE 29          		add	hl, hl
03399   50EF 29          		add	hl, hl
03400   50F0 29          		add	hl, hl		; x32
03401   50F1             
03402   50F1 C5          		push	bc
03403   50F2 44          		ld	b, h
03404   50F3 4D          		ld	c, l
03405   50F4 29          		add	hl, hl
03406   50F5 09          		add	hl, bc		; x96 (#60) Tres pantallas en horizontal
03407   50F6 C1          		pop	bc
03408   50F7             
03409   50F7 EB          		ex	de, hl		; DE = Desplazamiento en el mapa correspondiente a la Y	(Y * 96)
03410   50F8             					; HL = Datos del elemento (coordenadas)
03411   50F8 23          		inc	hl		; Decimales X
03412   50F9 23          		inc	hl
03413   50FA 7E          		ld	a, (hl)		; X
03414   50FB 23          		inc	hl
03415   50FC 66          		ld	h, (hl)		; Pantalla (0-2)
03416   50FD 6F          		ld	l, a		; HL = Coordenada X global (Pantalla + X local)
03417   50FE C5          		push	bc
03418   50FF 48          		ld	c, b
03419   5100 06 00       		ld	b, 0
03420   5102 CB 79       		bit	7, c		; Es negativo el offset	X?
03421   5104 28 01       		jr	z, getMapOff2	; No
03422   5106 05          		dec	b		; Convierte el valor en	negativo
03423   5107             
03424   5107             getMapOff2:
03425   5107 09          		add	hl, bc		; Offset X
03426   5108 7D          		ld	a, l
03427   5109 C1          		pop	bc
03428   510A CB 3C       		srl	h
03429   510C 1F          		rra
03430   510D CB 3C       		srl	h
03431   510F 1F          		rra
03432   5110 CB 3C       		srl	h
03433   5112 1F          		rra
03434   5113 6F          		ld	l, a		; Divide HL entre 8 para ajustar a patrones
03435   5114 19          		add	hl, de		; Le suma el desplazamiento Y calculado	anteriormente
03436   5115 11 00 E7    		ld	de, MapaRAMRoot	; La primera fila del mapa no se usa (ocupada por el marcador).	Tambien	usado como inicio de la	pila
03437   5118 19          		add	hl, de		; Calcula puntero a la posicion	de mapa
03438   5119 7E          		ld	a, (hl)		; Lee el contenido actual de esas coordenadas
03439   511A C9          		ret
03440   511B             
03441   511B 37          		scf			; (!?) Este codigo no se ejecuta nunca!
03442   511C C9          		ret
03443   511D             
03444   511D             ;----------------------------------------------------
03445   511D             ; Comprueba si ha llegado al final de la escalera
03446   511D             ; Out:
03447   511D             ;   Z =	Ha llegado al final
03448   511D             ;  NZ =	No ha llegado al final
03449   511D             ;----------------------------------------------------
03450   511D             
03451   511D             chkFinEscalera:
03452   511D 7E          		ld	a, (hl)
03453   511E E6 07       		and	7
03454   5120 C0          		ret	nz		; La Y no es multiplo de 8
03455   5121             
03456   5121 C5          		push	bc
03457   5122 01 10 08    		ld	bc, 810h	; Offset parte central abajo (8,16)
03458   5125 CD E1 50    		call	getMapOffset	; Obtiene el tile que esta en los pies
03459   5128 E6 F0       		and	0F0h		; Se queda con la familia o tipo
03460   512A FE 10       		cp	10h		; Es una plataforma o incio de escalera?
03461   512C C1          		pop	bc
03462   512D C8          		ret	z		; Si
03463   512E             
03464   512E A7          		and	a		; No
03465   512F C9          		ret
03466   5130             
03467   5130             ;----------------------------------------------------
03468   5130             ; Comprueba si coge una	escalera
03469   5130             ; Lo primero que se comprueba es si estan los controles	de ARRIBA o ABAJO pulsados
03470   5130             ; Dependiendo de la posicion relativa X	respecto al tile del mapa se comprueba si sube a la derecha (0-3) o a la izquierda (4-7)
03471   5130             ; Luego	se mira	el tile	que hay	en los pies del	personaje y se compara con el tipo de escalera anterior
03472   5130             ; Out:
03473   5130             ;    NZ	= No la	coge
03474   5130             ;----------------------------------------------------
03475   5130             
03476   5130             chkCogeEscalera:
03477   5130 21 35 E1    		ld	hl, protaControl ; 1 = Arriba, 2 = Abajo, 4 = Izquierda, 8 = Derecha, #10 = Boton A, #20 =Boton	B
03478   5133             
03479   5133             chkCogeEsc2:
03480   5133 7E          		ld	a, (hl)		; Controles
03481   5134 E6 03       		and	3		; Arriba o abajo?
03482   5136 28 5D       		jr	z, noCogeEscalera ; No
03483   5138             
03484   5138 1F          		rra
03485   5139 30 5D       		jr	nc, chkBajaEscalera ; Abajo
03486   513B             
03487   513B 23          		inc	hl
03488   513C 23          		inc	hl
03489   513D 23          		inc	hl
03490   513E 23          		inc	hl
03491   513F 7E          		ld	a, (hl)		; X
03492   5140 E6 07       		and	7
03493   5142 28 51       		jr	z, noCogeEscalera ; No esta "dentro" del tile de escalera
03494   5144             
03495   5144 D6 05       		sub	5		; Dependiendo de la posicion relativa X	respecto al tile del mapa se compruba si sube a	la derecha (0-3) o a la	izquierda (4-7)
03496   5146 06 22       		ld	b, 22h		; Escaleras suben derecha
03497   5148 38 01       		jr	c, chkCogeEsc3
03498   514A 05          		dec	b		; Escaleras suben izquierda
03499   514B             
03500   514B             chkCogeEsc3:
03501   514B 2B          		dec	hl
03502   514C 2B          		dec	hl		; Apunta a la Y
03503   514D E5          		push	hl
03504   514E CD D6 50    		call	getMapOffset00	; Obtiene en HL	el puntero al mapa de las coodenadas apuntada por HL
03505   5151 3E 61       		ld	a, 61h		; 3 pantallas +	1 (tile	abajo a	la derecha = Piernas del elemento)
03506   5153 CD 10 40    		call	ADD_A_HL
03507   5156             
03508   5156 7E          		ld	a, (hl)		; Tile del mapa	que esta en las	piernas	del elemento
03509   5157 4F          		ld	c, a
03510   5158 E1          		pop	hl		; Apunta a la Y
03511   5159 B8          		cp	b		; Es una escalera?
03512   515A 28 09       		jr	z, chkSubeEsc2	; si
03513   515C             
03514   515C             ; Comprueba si hay un cuchillo sobre el	primer peldaño de la escalera
03515   515C             
03516   515C F5          		push	af
03517   515D 78          		ld	a, b
03518   515E C6 10       		add	a, 10h		; B = #32 o #31? (tiles	cuchillo sobre escalera)
03519   5160 47          		ld	b, a
03520   5161 F1          		pop	af
03521   5162 B8          		cp	b
03522   5163 20 30       		jr	nz, noCogeEscalera
03523   5165             
03524   5165             chkSubeEsc2:
03525   5165 E6 01       		and	1
03526   5167 EE 01       		xor	1
03527   5169 47          		ld	b, a		; 1 = Escaleras	a la derecha, 0	= A la izquierda
03528   516A             
03529   516A 3A 4D E1    		ld	a, (modoSentEsc) ; Si es 0 guarda en "sentidoEscalera" el tipo de escalera que se coge el prota. 0 = \, 1 = /
03530   516D A7          		and	a
03531   516E 20 04       		jr	nz, chkSubeEsc3	; No guarda en sentidoEscalera el sentido de la	escalera
03532   5170             
03533   5170 78          		ld	a, b
03534   5171 32 43 E1    		ld	(sentidoEscalera), a ; 0 = \, 1	= /
03535   5174             					; Tambien usado	para saber si el salto fue en vertical (guarda el estado de las	teclas en el momento del salto.
03536   5174             
03537   5174             chkSubeEsc3:
03538   5174 23          		inc	hl
03539   5175 23          		inc	hl
03540   5176 7E          		ld	a, (hl)		; X
03541   5177 2B          		dec	hl
03542   5178 2B          		dec	hl		; Apunta a la Y
03543   5179 11 8D 51    		ld	de, distPeldano
03544   517C E6 07       		and	7		; Se queda con la X relativa del personaje respecto al tile de la escalera
03545   517E CD 15 40    		call	ADD_A_DE
03546   5181 1A          		ld	a, (de)		; Desplazamiento vertical
03547   5182 86          		add	a, (hl)		; Se lo	suma a la Y
03548   5183 77          		ld	(hl), a
03549   5184 2B          		dec	hl
03550   5185 2B          		dec	hl
03551   5186 2B          		dec	hl
03552   5187 36 03       		ld	(hl), 3		; Status: subiendo o bajando escalera
03553   5189             
03554   5189 AF          		xor	a
03555   518A FE 00       		cp	0		; Set Z, NC
03556   518C C9          		ret
03557   518D             
03558   518D             ;----------------------------------------------------
03559   518D             ; Tabla	con las	distancias al primer peldaño dependiendo
03560   518D             ; de la	posicion del personaje respecto	al tile	del peldaño
03561   518D             ;
03562   518D             ;----------------------------------------------------
03563   518D 00          distPeldano:	db 0
03564   518E FF          		db -1
03565   518F FE          		db -2
03566   5190 FD          		db -3
03567   5191 FC          		db -4
03568   5192 FD          		db -3
03569   5193 FE          		db -2
03570   5194 FF          		db -1
03571   5195             
03572   5195             noCogeEscalera:
03573   5195 AF          		xor	a
03574   5196 3D          		dec	a
03575   5197 C9          		ret
03576   5198             
03577   5198             
03578   5198             ;----------------------------------------------------
03579   5198             ; Comprueba si hay escaleras para bajar	bajo los pies del personaje
03580   5198             ; Out:
03581   5198             ;    NC/Z = Baja escaleras
03582   5198             ;----------------------------------------------------
03583   5198             
03584   5198             chkBajaEscalera:
03585   5198 23          		inc	hl
03586   5199 23          		inc	hl
03587   519A 23          		inc	hl
03588   519B 23          		inc	hl
03589   519C 7E          		ld	a, (hl)		; X
03590   519D E6 07       		and	7
03591   519F FE 04       		cp	4
03592   51A1 20 F2       		jr	nz, noCogeEscalera ; No	esta justo en la mitad del tile	de la escalera
03593   51A3             
03594   51A3 2B          		dec	hl
03595   51A4 2B          		dec	hl
03596   51A5 E5          		push	hl		; Apunta a Y
03597   51A6 CD D6 50    		call	getMapOffset00	; Obtiene en HL	el puntero al mapa de las coodenadas apuntada por HL
03598   51A9 3E C1       		ld	a, 0C1h		; Fila de patrones por debajo del personaje, justo bajo	sus pies
03599   51AB             					; #60 por fila * 2 (16 de altura) + 1 (8 pixeles) = justo bajo los pies
03600   51AB CD 10 40    		call	ADD_A_HL
03601   51AE 7E          		ld	a, (hl)		; Tile del mapa	bajo los pies
03602   51AF 4F          		ld	c, a
03603   51B0 E1          		pop	hl
03604   51B1 FE 16       		cp	16h		; Tile incio de	escaleras que bajan a la derecha
03605   51B3 28 04       		jr	z, chkBajaEsc2
03606   51B5             
03607   51B5 FE 17       		cp	17h		; Tile inicio de escaleras que bajan a la izquierda
03608   51B7 20 DC       		jr	nz, noCogeEscalera
03609   51B9             
03610   51B9             chkBajaEsc2:
03611   51B9 3A 4D E1    		ld	a, (modoSentEsc) ; Si es 0 guarda en "sentidoEscalera" el tipo de escalera que se coge el prota. 0 = \, 1 = /
03612   51BC A7          		and	a
03613   51BD 20 06       		jr	nz, chkBajaEsc3
03614   51BF             
03615   51BF 79          		ld	a, c
03616   51C0 E6 01       		and	1		;  0 = \, 1 = /
03617   51C2 32 43 E1    		ld	(sentidoEscalera), a ; 0 = \, 1	= /
03618   51C5             					; Tambien usado	para saber si el salto fue en vertical (guarda el estado de las	teclas en el momento del salto.
03619   51C5             
03620   51C5             chkBajaEsc3:
03621   51C5 7E          		ld	a, (hl)		; Y
03622   51C6 C6 04       		add	a, 4
03623   51C8 77          		ld	(hl), a		; Desplaza al personaje	4 pixeles hacia	abajo
03624   51C9 2B          		dec	hl
03625   51CA 2B          		dec	hl
03626   51CB 2B          		dec	hl
03627   51CC 36 03       		ld	(hl), 3		; Estado: Escaleras
03628   51CE AF          		xor	a
03629   51CF FE 00       		cp	0		; Set Z, NC
03630   51D1 C9          		ret
03631   51D2             
03632   51D2             ;----------------------------------------------------
03633   51D2             ; Comprueba si choca contra un muro o puerta giratoria al andar
03634   51D2             ; No hace la comprobacion si no	se pulsad DERECHA o IZQUIERDA
03635   51D2             ; Si la	X del elemento es multiplo de 8	comprueba si choca contra una puerta giratoria
03636   51D2             ; Si la	X esta en los 4	pixeles	de la derecha del tile comprueba los muros
03637   51D2             ; Out:
03638   51D2             ;    Z = No choca
03639   51D2             ;    C = Choca
03640   51D2             ;----------------------------------------------------
03641   51D2             
03642   51D2             chkChocaAndar:
03643   51D2 21 35 E1    		ld	hl, protaControl ; 1 = Arriba, 2 = Abajo, 4 = Izquierda, 8 = Derecha, #10 = Boton A, #20 =Boton	B
03644   51D5             
03645   51D5             chkChocaAndar2:
03646   51D5 7E          		ld	a, (hl)
03647   51D6 E6 0C       		and	1100b		; Esta pulsado DERECHA o IZQUIERDA?
03648   51D8 C8          		ret	z		; No
03649   51D9             
03650   51D9 23          		inc	hl
03651   51DA             
03652   51DA             chkChocaAndar3:
03653   51DA 46          		ld	b, (hl)		; Sentido
03654   51DB             
03655   51DB             chkChocaAndar4:
03656   51DB 23          		inc	hl		; Y
03657   51DC 54          		ld	d, h
03658   51DD 5D          		ld	e, l
03659   51DE CD D6 50    		call	getMapOffset00	; Obtiene en HL	el puntero al mapa de las coodenadas apuntada por HL
03660   51E1 13          		inc	de
03661   51E2 13          		inc	de
03662   51E3 1A          		ld	a, (de)		; X
03663   51E4 E6 07       		and	7
03664   51E6 0E 50       		ld	c, 50h		; Puerta giratoria (tipo de tiles)
03665   51E8 28 06       		jr	z, chkChocaAndar5 ; Es multiplo	de 8
03666   51EA             
03667   51EA FE 04       		cp	4
03668   51EC 0E 10       		ld	c, 10h		; Plataformas (tipo de tiles)
03669   51EE 20 1C       		jr	nz, noChocaAndar
03670   51F0             
03671   51F0             chkChocaAndar5:
03672   51F0 CB 40       		bit	0, b		; Sentido: 1 = Izquierda, 2 = derecha
03673   51F2 20 05       		jr	nz, chkChocaAndar6 ; Va	a la izquierda
03674   51F4             
03675   51F4 23          		inc	hl		; X tile mapa +	1
03676   51F5 A7          		and	a		; La coordenada	X del elemento es multiplo de 8
03677   51F6 28 01       		jr	z, chkChocaAndar6
03678   51F8             
03679   51F8 23          		inc	hl		; Incrementa en	1 la X del tile	del mapa a comprobar
03680   51F9             
03681   51F9             chkChocaAndar6:
03682   51F9 7E          		ld	a, (hl)		; Tile del mapa
03683   51FA E6 F0       		and	0F0h		; Se queda con la familia o tipo de tile
03684   51FC B9          		cp	c		; Es una puerta	giratoria o muro?
03685   51FD 28 0B       		jr	z, chocaAndar	; Choca
03686   51FF             
03687   51FF 3E 60       		ld	a, 60h		; Distancia al tile que	esta justo debajo (Y + 1)
03688   5201 CD 10 40    		call	ADD_A_HL
03689   5204 7E          		ld	a, (hl)		; Obtiene tile del mapa
03690   5205 E6 F0       		and	0F0h		; Se queda con el tipo de tile
03691   5207 B9          		cp	c
03692   5208 20 02       		jr	nz, noChocaAndar ; No choca
03693   520A             
03694   520A             chocaAndar:
03695   520A 37          		scf
03696   520B C9          		ret
03697   520C             
03698   520C             noChocaAndar:
03699   520C A7          		and	a
03700   520D C9          		ret
03701   520E             
03702   520E             
03703   520E             
03704   520E             ;----------------------------------------------------
03705   520E             ;
03706   520E             ; Sprite prota sin nada	en las manos
03707   520E             ;
03708   520E             ;----------------------------------------------------
03709   520E             GFX_Prota:	db 0, 18h, 86h,	0, 1, 3, 0, 7, 8, 3, 0,	8Dh, 1,	2, 2, 1	; ...
03709   520E 00188600010300070803008D01020201
03710   521E             		db 0, 0, 1, 0, 0C0h, 0E0h, 0, 0F0h, 8, 3, 0, 87h, 0C0h
03710   521E 00000100C0E000F008030087C0
03711   522B             		db 60h,	0, 0C0h, 0, 0, 0C0h, 3,	0, 8Ch,	3, 0, 3, 7, 3
03711   522B 6000C00000C003008C0300030703
03712   5239             		db 1, 0, 1, 1, 0, 1, 1,	4, 0, 93h, 0E0h, 0, 0F0h, 0E0h
03712   5239 01000101000101040093E000F0E0
03713   5247             		db 0F0h, 0C0h, 0, 80h, 0E0h, 0,	80h, 80h, 0, 0,	1, 3, 0
03713   5247 F0C00080E00080800000010300
03714   5254             		db 7, 8, 3, 0, 3, 3, 2,	9, 3, 0, 85h, 0C0h, 0E0h, 0, 0F0h
03714   5254 0708030003030209030085C0E000F0
03715   5263             		db 8, 3, 0, 87h, 0C0h, 0, 0C0h,	0C0h, 0, 0, 0E0h, 3, 0
03715   5263 08030087C000C0C00000E00300
03716   5270             		db 86h,	3, 0, 3, 7, 3, 1, 3, 0,	2, 6, 5, 0, 93h, 0E0h
03716   5270 8603000307030103000206050093E0
03717   527F             		db 0, 0F0h, 0F0h, 0E0h,	0C0h, 0, 0E0h, 0, 0, 0C0h, 0C0h
03717   527F 00F0F0E0C000E00000C0C0
03718   528A             		db 0, 0, 1, 3, 0, 7, 8,	3, 0, 2, 3, 2, 1, 89h, 0, 0Ch
03718   528A 0000010300070803000203020189000C
03719   529A             		db 8, 0, 0C0h, 0E0h, 0,	0F0h, 8, 3, 0, 86h, 60h, 0C0h
03719   529A 0800C0E000F00803008660C0
03720   52A6             		db 0C0h, 0C8h, 88h, 18h, 4, 0, 8Ch, 3, 0, 3, 7,	3, 1, 4
03720   52A6 C0C8881804008C03000307030104
03721   52B4             		db 0Ch,	4, 2, 7, 2, 4, 0, 8Bh, 0E0h, 0,	0F0h, 0F0h, 0E0h
03721   52B4 0C0402070204008BE000F0F0E0
03722   52C1             		db 0C0h, 80h, 30h, 20h,	0, 70h,	1, 0, 0
03722   52C1 C08030200070010000
03723   52CA             
03724   52CA             ;----------------------------------------------------
03725   52CA             ;
03726   52CA             ; Sprite prota con cuchillo
03727   52CA             ;
03728   52CA             ;----------------------------------------------------
03729   52CA             GFX_ProtaKnife:	db 0, 18h, 86h,	0, 1, 3, 0, 7, 8, 3, 0,	8Ch, 1,	3, 3, 1	; ...
03729   52CA 00188600010300070803008C01030301
03730   52DA             		db 0, 0, 1, 0, 0C0h, 0E4h, 0Ch,	0FCh, 4, 0Ch, 87h, 0D6h
03730   52DA 00000100C0E40CFC040C87D6
03731   52E6             		db 0F0h, 84h, 0CAh, 0, 0, 0C0h,	3, 0, 86h, 3, 0, 3, 7
03731   52E6 F084CA0000C003008603000307
03732   52F3             		db 3, 1, 4, 0, 2, 1, 4,	0, 93h,	0E0h, 0, 0F0h, 0F0h, 0E0h
03732   52F3 030104000201040093E000F0F0E0
03733   5301             		db 0C0h, 8, 0Ch, 70h, 0, 80h, 80h, 0, 0, 1, 3, 0, 7, 8
03733   5301 C0080C7000808000000103000708
03734   530F             		db 3, 0, 3, 3, 2, 9, 3,	0, 84h,	0C8h, 0D8h, 18h, 0F8h
03734   530F 030003030209030084C8D818F8
03735   531C             		db 4, 18h, 87h,	7Ch, 0,	0D4h, 0C0h, 0, 0, 0E0h,	3, 0, 86h
03735   531C 0418877C00D4C00000E0030086
03736   5329             		db 3, 0, 3, 7, 3, 1, 3,	0, 2, 6, 5, 0, 82h, 0E0h, 0, 3
03736   5329 03000307030103000206050082E00003
03737   5339             		db 0E0h, 8Eh, 0C0h, 80h, 0F8h, 0, 0, 0C0h, 0C0h, 0, 0
03737   5339 E08EC080F80000C0C00000
03738   5344             		db 1, 3, 0, 7, 8, 3, 0,	2, 3, 2, 1, 92h, 0, 0Ch, 8, 0
03738   5344 010300070803000203020192000C0800
03739   5354             		db 0C2h, 0E6h, 6, 0F6h,	0Eh, 6,	6, 0Fh,	60h, 0E5h, 0C0h
03739   5354 C2E606F60E06060F60E5C0
03740   535F             		db 0C8h, 88h, 18h, 4, 0, 8Ch, 3, 0, 3, 7, 3, 1,	4, 0Ch
03740   535F C8881804008C030003070301040C
03741   536D             		db 8, 2, 7, 2, 4, 0, 96h, 0E0h,	0, 0F0h, 0F0h, 0E0h, 0C0h
03741   536D 08020702040096E000F0F0E0C0
03742   537A             		db 9Eh,	18h, 0,	0, 70h,	0, 0, 0C0h, 0E1h, 77h, 30h, 3
03742   537A 9E180000700000C0E1773003
03743   5386             		db 20h,	4, 2, 1, 3, 3, 3, 0, 91h, 0Eh, 0, 0C0h,	0E0h, 0
03743   5386 2004020103030300910E00C0E000
03744   5394             		db 0F0h, 88h, 50h, 20h,	0, 0E0h, 0C0h, 80h, 80h, 0, 0
03744   5394 F088502000E0C080800000
03745   539F             		db 38h,	3, 0, 86h, 0Bh,	1Ch, 0Fh, 1Bh, 1Dh, 0Eh, 3, 0
03745   539F 380300860B1C0F1B1D0E0300
03746   53AB             		db 83h,	3, 7, 6, 4, 0, 8Ch, 0E0h, 0, 70h, 0A0h,	0C0h, 0E0h
03746   53AB 8303070604008CE00070A0C0E0
03747   53B8             		db 0, 0, 60h, 70h, 30h,	30h, 3,	0, 8Ah,	1, 3, 4, 8, 4
03747   53B8 00006070303003008A0103040804
03748   53C6             		db 0, 3, 2, 7, 3, 3, 0,	8Dh, 0Eh, 0, 0,	0C0h, 0E0h, 10h
03748   53C6 000302070303008D0E0000C0E010
03749   53D4             		db 8, 10h, 20h,	40h, 0,	80h, 40h, 3, 0,	81h, 70h, 4, 0
03749   53D4 08102040008040030081700400
03750   53E1             		db 8Bh,	3, 7, 3, 1, 0, 1, 0, 4,	6, 6, 0Ch, 5, 0, 8Ch, 0E0h
03750   53E1 8B030703010001000406060C05008CE0
03751   53F1             		db 0F0h, 0E0h, 0C0h, 80h, 0E0h,	70h, 90h, 0E0h,	60h, 60h
03751   53F1 F0E0C080E07090E06060
03752   53FB 00 00       		db 0, 0
03753   53FD             
03754   53FD             ;----------------------------------------------------
03755   53FD             ;
03756   53FD             ; Sprite prota con el pico
03757   53FD             ;
03758   53FD             ;----------------------------------------------------
03759   53FD             GFX_ProtaPico:	db 0, 18h, 96h,	0, 1, 3, 0, 67h, 4, 18h, 0Ch, 6, 1, 3
03759   53FD 001896000103006704180C060103
03760   540B             		db 3, 1, 0, 0, 1, 0, 0C0h, 0E0h, 0, 0F0h, 8, 3,	0, 2, 0C0h
03760   540B 030100000100C0E000F008030002C0
03761   541A             		db 8Fh,	80h, 0C0h, 0, 0, 0C0h, 0, 8, 10h, 3, 10h, 33h
03761   541A 8F80C00000C0000810031033
03762   5426             		db 27h,	23h, 21h, 2, 3,	0, 2, 1, 4, 0, 96h, 0E0h, 0, 0F0h
03762   5426 2723210203000201040096E000F0
03763   5434             		db 0F0h, 0E0h, 0C0h, 20h, 10h, 78h, 0, 80h, 80h, 0, 0
03763   5434 F0E0C02010780080800000
03764   543F             		db 1, 3, 0, 7, 60h, 20h, 8, 4, 3, 3, 2,	9, 3, 0, 85h, 0C0h
03764   543F 010300076020080403030209030085C0
03765   544F             		db 0E0h, 0, 0F0h, 8, 3,	0, 95h,	0C0h, 0, 0C0h, 0C0h, 0
03765   544F E000F008030095C000C0C000
03766   545B             		db 0, 0E0h, 0, 0, 8, 1Bh, 10h, 13h, 17h, 63h, 41h, 40h
03766   545B 00E00000081B101317634140
03767   5467             		db 0, 0, 6, 6, 5, 0, 97h, 0E0h,	0, 0F0h, 0F0h, 0E0h, 0C0h
03767   5467 00000606050097E000F0F0E0C0
03768   5474             		db 0, 0E0h, 0, 0, 0C0h,	0C0h, 0, 0, 1, 3, 0, 7,	48h, 80h
03768   5474 00E00000C0C00000010300074880
03769   5482             		db 18h,	0Eh, 3,	3, 1, 89h, 0, 0Ch, 8, 0, 0C0h, 0E0h, 0
03769   5482 180E03030189000C0800C0E000
03770   548F             		db 0F0h, 8, 3, 0, 86h, 60h, 0E8h, 0C0h,	0C8h, 88h, 18h
03770   548F F00803008660E8C0C88818
03771   549A             		db 3, 0, 8Dh, 10h, 33h,	20h, 23h, 67h, 0E3h, 81h, 84h
03771   549A 03008D1033202367E38184
03772   54A5             		db 8Ch,	8, 2, 7, 2, 4, 0, 8Bh, 0E0h, 0,	0F0h, 0F0h, 0E0h
03772   54A5 8C0802070204008BE000F0F0E0
03773   54B2             		db 0C0h, 90h, 10h, 0, 0, 70h, 3, 0, 85h, 1, 3, 0, 7, 8
03773   54B2 C090100000700300850103000708
03774   54C0             		db 3, 0, 3, 3, 3, 0, 91h, 0Eh, 0, 0, 0F0h, 10h,	0F0h, 10h
03774   54C0 030003030300910E0000F010F010
03775   54CE             		db 10h,	0, 20h,	0A0h, 40h, 80h,	80h, 0,	0, 1Ch,	3, 0, 86h
03775   54CE 100020A040808000001C030086
03776   54DB             		db 3, 0, 3, 0Fh, 7, 3, 3, 0, 93h, 3, 7,	6, 0, 10h, 0F8h
03776   54DB 0300030F07030300930307060010F8
03777   54EA             		db 4, 0E2h, 0, 0E0h, 0E0h, 0F0h, 0D0h, 40h, 80h, 60h, 60h
03777   54EA 04E200E0E0F0D040806060
03778   54F5             		db 30h,	18h, 3,	0, 9Eh,	1, 3, 4, 8, 4, 0, 3, 2,	7, 3, 0
03778   54F5 301803009E0103040804000302070300
03779   5505             		db 0, 8, 0Eh, 0, 0, 0C0h, 0E0h,	10h, 8,	10h, 20h, 80h
03779   5505 00080E0000C0E01008102080
03780   5511             		db 40h,	0A0h, 50h, 18h,	8, 0, 60h, 4, 0, 8Bh, 3, 7, 3
03780   5511 40A0501808006004008B030703
03781   551E             		db 1, 0, 1, 0, 4, 6, 4,	4, 5, 0, 8Ch, 0E0h, 0F0h, 0E0h
03781   551E 010001000406040405008CE0F0E0
03782   552C             		db 0C0h, 0, 80h, 40h, 0A2h, 0C2h, 42h, 46h, 0Ch, 0
03782   552C C0008040A2C242460C00
03783   5536             
03784   5536             ;----------------------------------------------------
03785   5536             ; Graficos de la momia
03786   5536             ;----------------------------------------------------
03787   5536             GFX_MOMIA:	db 40h,	19h, 82h, 0, 3,	4, 7, 86h, 3, 3, 7, 4, 7, 7, 4
03787   5536 401982000304078603030704070704
03788   5545             		db 3, 92h, 0, 0C0h, 0E0h, 40h, 0E0h, 0E0h, 0C0h, 80h, 0E0h
03788   5545 039200C0E040E0E0C080E0
03789   5550             		db 80h,	60h, 80h, 80h, 0, 0, 80h, 0, 3,	4, 7, 8Eh, 3, 3
03789   5550 80608080000080000304078E0303
03790   555E             		db 7, 4, 7, 7, 1Fh, 1Eh, 11h, 1, 0, 0C0h, 0E0h,	40h, 3
03790   555E 070407071F1E110100C0E04003
03791   556B             		db 0E0h, 8Bh, 0C0h, 80h, 0E0h, 0B0h, 0C0h, 0C0h, 80h, 80h
03791   556B E08BC080E0B0C0C08080
03792   5575             		db 0C0h, 0, 3, 4, 7, 9Ah, 3, 3,	7, 6, 5, 1, 3, 7, 0Eh
03792   5575 C0000304079A03030706050103070E
03793   5584             		db 8, 0, 0C0h, 0E0h, 40h, 0E0h,	0, 0E0h, 0C0h, 0E0h, 78h
03793   5584 0800C0E040E000E0C0E078
03794   558F             		db 48h,	0C0h, 0E8h, 0F8h, 18h, 0, 0
03794   558F 48C0E8F8180000
03795   5596             
03796   5596             ;----------------------------------------------------------------------------
03797   5596             ;
03798   5596             ; Sprites secundarios:
03799   5596             ; Destello, muro, exploxion, cuchillo
03800   5596             ;
03801   5596             ;----------------------------------------------------------------------------
03802   5596             GFX_SPRITES2:	db 0A0h, 1Eh, 2, 0, 8Dh, 20h, 0, 8, 4, 0, 0, 0B0h, 0, 0	; ...
03802   5596 A01E02008D200008040000B00000
03803   55A4             		db 4, 8, 0, 20h, 3, 0, 8Dh, 82h, 0, 88h, 90h, 0, 0, 0Dh
03803   55A4 0408002003008D8200889000000D
03804   55B2             		db 0, 0, 90h, 88h, 0, 82h, 0Ah,	0, 2, 44h, 85h,	7Eh, 10h
03804   55B2 0000908800820A000244857E10
03805   55BF             		db 10h,	7Eh, 44h, 18h, 0, 8, 0FFh, 10h,	0, 8Fh,	44h, 7Eh
03805   55BF 107E44180008FF10008F447E
03806   55CB             		db 10h,	10h, 7Eh, 44h, 44h, 7Eh, 10h, 10h, 7Eh,	44h, 44h
03806   55CB 10107E44447E10107E4444
03807   55D6             		db 7Eh,	10h, 11h, 0, 10h, 0FFh,	12h, 0,	8Ch, 1,	0Ah, 1Fh
03807   55D6 7E10110010FF12008C010A1F
03808   55E2             		db 1Fh,	0Fh, 17h, 3Fh, 1Fh, 7, 0Fh, 0Bh, 6, 4, 0, 8Ch
03808   55E2 1F0F173F1F070F0B0604008C
03809   55EE             		db 80h,	0E0h, 0F0h, 0F0h, 0E0h,	0F0h, 0E8h, 0F8h, 0F8h
03809   55EE 80E0F0F0E0F0E8F8F8
03810   55F7             		db 0D0h, 0F0h, 0C0h, 6,	0, 87h,	2, 7, 3, 5, 7, 3, 1, 9
03810   55F7 D0F0C00600870207030507030109
03811   5605             		db 0, 86h, 0C0h, 0A0h, 0F0h, 0D0h, 0E0h, 0A0h, 6, 0, 87h
03811   5605 0086C0A0F0D0E0A0060087
03812   5610             		db 0C0h, 0E0h, 74h, 38h, 1Ch, 2Eh, 4, 19h, 0, 87h, 3, 7
03812   5610 C0E074381C2E041900870307
03813   561C             		db 2Eh,	1Ch, 38h, 74h, 20h, 19h, 0, 87h, 40h, 0E8h, 70h
03813   561C 2E1C38742019008740E870
03814   5627             		db 38h,	5Ch, 0Eh, 6, 19h, 0, 87h, 2, 17h, 0Eh, 1Ch, 3Ah
03814   5627 385C0E0619008702170E1C3A
03815   5633 7060190000  		db 70h,	60h, 19h, 0, 0
03816   5638             
03817   5638             ;----------------------------------------------------------------------------
03818   5638             ;
03819   5638             ; Graficos del juego (plataformas, escaleras, cuchillo,	gemas...)
03820   5638             ;
03821   5638             ;----------------------------------------------------------------------------
03822   5638             GFX_InGame:	db 3, 0FEh, 81h, 0, 3, 0EFh, 83h, 0, 0FFh, 0FFh, 6, 0
03822   5638 03FE810003EF8300FFFF0600
03823   5644             		db 3, 0FFh, 5, 0, 84h, 80h, 0C1h, 63h, 0, 3, 0F7h, 82h
03823   5644 03FF05008480C1630003F782
03824   5650             		db 0, 81h, 4, 0, 89h, 0C1h, 0E3h, 0, 0C0h, 0E0h, 74h, 38h
03824   5650 0081040089C1E300C0E07438
03825   565C             		db 1Ch,	28h, 6,	0, 92h,	5, 3, 7, 2, 0, 0, 60h, 0E0h, 0C0h
03825   565C 1C2806009205030702000060E0C0
03826   566A             		db 80h,	0, 80h,	50h, 0E0h, 70h,	0B8h, 1Ch, 0Ch,	4, 0, 8Ch
03826   566A 80008050E070B81C0C04008C
03827   5676             		db 1, 0, 1, 3, 7, 6, 0,	0, 40h,	0E0h, 0C0h, 0A0h, 3, 0
03827   5676 010001030706000040E0C0A00300
03828   5684             		db 84h,	24h, 18h, 18h, 7Eh, 3, 18h, 88h, 20h, 18h, 0Ch
03828   5684 842418187E03188820180C
03829   568F             		db 0Ch,	1Ah, 33h, 61h, 0C0h, 26h, 0, 0A2h, 49h,	2Ah, 2
03829   568F 0C1A3361C02600A2492A02
03830   569A             		db 1, 4, 2, 0, 6, 0, 0,	40h, 80h, 20h, 40h, 0, 60h, 0
03830   569A 0104020006000040802040006000
03831   56A8             		db 0, 0FFh, 80h, 0EEh, 0EEh, 80h, 0BBh,	0BBh, 80h, 0FFh
03831   56A8 00FF80EEEE80BBBB80FF
03832   56B2             		db 1, 0EFh, 0EFh, 1, 0BBh, 0BBh, 1, 30h, 0, 82h, 7Eh, 81h
03832   56B2 01EFEF01BBBB013000827E81
03833   56BE             		db 3, 18h, 2, 3Ch, 85h,	18h, 7Eh, 0E7h,	0C3h, 0C3h, 3
03833   56BE 0318023C85187EE7C3C303
03834   56C9             		db 0E7h, 83h, 0FFh, 81h, 7Eh, 6, 0, 5, 0F0h, 83h, 0B0h
03834   56C9 E783FF817E060005F083B0
03835   56D4             		db 10h,	0D0h, 4, 0Fh, 2, 0Eh, 84h, 8, 0Bh, 70h,	70h, 6
03835   56D4 10D0040F020E84080B707006
03836   56E0             		db 0F0h, 8, 0Fh, 81h, 0FFh, 4, 0, 87h, 0FCh, 0F0h, 0C0h
03836   56E0 F0080F81FF040087FCF0C0
03837   56EB             		db 0FFh, 0FCh, 0F0h, 0C0h, 8, 0, 2, 1, 2, 0Fh, 2, 0, 3
03837   56EB FFFCF0C008000201020F020003
03838   56F8             		db 1Fh,	8Dh, 0FFh, 0, 0, 0FFh, 0, 0FFh,	0, 0, 0FFh, 0
03838   56F8 1F8DFF0000FF00FF0000FF00
03839   5704             		db 0, 0Ah, 0Ah,	4, 0Eh,	2, 0Ah,	2, 0E0h, 4, 0A0h, 2, 0E0h
03839   5704 000A0A040E020A02E004A002E0
03840   5711             		db 8, 3Fh, 8, 70h, 0B0h, 0FFh, 0DDh, 0DDh, 81h,	0F7h, 0F7h
03840   5711 083F0870B0FFDDDD81F7F7
03841   571C             		db 81h,	0DDh, 0DDh, 81h, 0F7h, 0F7h, 81h, 0DDh,	0DDh, 81h
03841   571C 81DDDD81F7F781DDDD81
03842   5726             		db 0F7h, 0F7h, 81h, 0DDh, 0DDh,	81h, 0F7h, 0FFh, 0Fh, 0Dh
03842   5726 F7F781DDDD81F7FF0F0D
03843   5730             		db 0Dh,	8, 0Fh,	0Fh, 8,	0Dh, 0Dh, 8, 0Fh, 0Fh, 8, 0Dh
03843   5730 0D080F0F080D0D080F0F080D
03844   573C             		db 0Dh,	8, 0D0h, 10h, 70h, 70h,	10h, 0D0h, 0D0h, 10h, 3
03844   573C 0D08D010707010D0D01003
03845   5747             		db 0Fh,	9Dh, 8,	0Dh, 0Dh, 8, 0Fh, 0F9h,	3, 0, 6Eh, 2Eh
03845   5747 0F9D080D0D080FF903006E2E
03846   5753             		db 0, 0Eh, 6, 0F9h, 3, 0, 0F0h,	0, 0E0h, 0E0h, 0EFh, 0
03846   5753 000E06F90300F000E0E0EF00
03847   575F             		db 0EEh, 6Eh, 2Eh, 0, 0Eh, 6, 2, 3, 0, 85h, 0F0h, 0, 0E0h
03847   575F EE6E2E000E0602030085F000E0
03848   576C E0 EF 00    		db 0E0h, 0EFh, 0
03849   576F             
03850   576F             
03851   576F             GFX_GEMA:	db 88h,	0, 3Ch,	7Eh, 0BFh, 9Fh,	0DFh, 7Eh, 3Ch,	0
03851   576F 88003C7EBF9FDF7E3C00
03852   5779             ;----------------------------------------------------
03853   5779             ;
03854   5779             ; Colores de los patrones del juego
03855   5779             ;
03856   5779             ;----------------------------------------------------
03857   5779             COLOR_InGame:	db 3, 0F0h, 5, 0A0h, 5,	0F0h, 3, 0A0h, 7, 0F0h,	4, 0A0h	; ...
03857   5779 03F005A005F003A007F004A0
03858   5785             		db 5, 0F0h, 5, 0A0h, 3,	0F0h, 5, 0A0h, 3, 0F0h,	5, 0A0h
03858   5785 05F005A003F005A003F005A0
03859   5791             		db 3, 0F0h, 4, 90h, 4, 60h, 20h, 0, 18h, 0A0h, 40h, 50h
03859   5791 03F004900460200018A04050
03860   579D             		db 82h,	90h, 96h, 3, 0F6h, 3, 0A6h, 81h, 60h, 3, 6Ah, 4
03860   579D 82909603F603A68160036A04
03861   57A9             		db 6Fh,	81h, 96h, 7, 90h, 81h, 3Eh, 4, 3Ah, 3, 30h, 81h
03861   57A9 6F81960790813E043A033081
03862   57B5             		db 3Eh,	3, 3Ah,	6, 30h,	8Eh, 3Eh, 3Fh, 3Fh, 3Eh, 3Fh, 3Fh
03862   57B5 3E033A06308E3E3F3F3E3F3F
03863   57C1             		db 3Eh,	3Fh, 3Eh, 3Fh, 3Fh, 3Eh, 3Fh, 3Fh, 5, 0EAh, 3
03863   57C1 3E3F3E3F3F3E3F3F05EA03
03864   57CC             		db 0A0h, 81h, 0EAh, 7, 0A0h, 5,	0F0h, 83h, 0E0h, 0F0h
03864   57CC A081EA07A005F083E0F0
03865   57D6             		db 0E0h, 3, 0F0h, 2, 0E0h, 0Bh,	0FEh
03865   57D6 E003F002E00BFE
03866   57DD             ;----------------------------------------------------
03867   57DD             ; Colores de los patrones invertidos (el mismo que los normales)
03868   57DD             ;----------------------------------------------------
03869   57DD             COLOR_Flipped:	db 8, 50h, 8, 0F0h, 8, 50h, 8, 0F0h, 38h, 30h, 82h, 0EAh
03869   57DD 085008F0085008F0383082EA
03870   57E9             		db 0F9h, 6, 0F0h, 82h, 0EAh, 0EFh, 16h,	0F0h, 0
03870   57E9 F906F082EAEF16F000
03871   57F2             
03872   57F2             COLOR_GEMAS:	db 8, 40h, 8, 70h, 8, 0D0h, 8, 0A0h, 8,	20h, 8,	0E0h, 0	; ...
03872   57F2 0840087008D008A0082008E000
03873   57FF             
03874   57FF             ;--------------------------------------------------------------------------------------------------------
03875   57FF             ;
03876   57FF             ; Logica de los	cuchillos
03877   57FF             ;
03878   57FF             ;--------------------------------------------------------------------------------------------------------
03879   57FF             
03880   57FF             AI_Cuchillos:
03881   57FF AF          		xor	a
03882   5800 32 62 E2    		ld	(knifeEnProceso), a
03883   5803             
03884   5803             AI_Cuchillos2:
03885   5803 21 00 5B    		ld	hl, chkLastKnife
03886   5806 E5          		push	hl		; Mete en la pila la rutina que	comprueba si se	han procesado todos los	cuchillos
03887   5807             
03888   5807 AF          		xor	a		; Offset al status del cuchillo
03889   5808 CD 17 5B    		call	getKnifeData	; Obtiene el indice del	cuchillo que se	esta procesando
03890   580B CD 4B 40    		call	jumpIndex
03891   580E             
03892   580E 20 58       		dw initCuchillo		; 0 - Inicializacion del cuchillo. Guarda tile de fondo
03893   5810 59 58       		dw doNothing_		; 1 - Posado en	el suelo
03894   5812 59 58       		dw doNothing_		; 2 - Lo lleva el prota	en la mano
03895   5814 59 58       		dw doNothing_
03896   5816 5A 58       		dw lanzaCuchillo	; 4 - Lanza un cuchillo
03897   5818 B6 58       		dw movKnife		; 5 - Cuchillo por el aire
03898   581A E8 59       		dw knifeChoca		; 6 - Acaba de chocar el cuchillo
03899   581C 04 5A       		dw knifeRebota		; 7 - Esta rebotando
03900   581E 6B 5A       		dw knifeCae		; 8 - Esta cayendo
03901   5820             	IF	(!VERSION2)
03902   5820~            		dw updateKnifeAtt	; 9 - Actualiza	los atributos RAM del sprite del cuchillo
03903   5820             	ENDIF
03904   5820             
03905   5820             
03906   5820             ;----------------------------------------------------
03907   5820             ; Knife	Status 0: Comprueba el tile que	tiene de fondo y lo guarda
03908   5820             ; Si esta sobre	un peldaño de escalera lo cambia por un	tile de	cuchillo especial que indica que hay escalera detras
03909   5820             ; Pasa al siguiente estado (1)
03910   5820             ;----------------------------------------------------
03911   5820             
03912   5820             initCuchillo:
03913   5820 AF          		xor	a
03914   5821 CD 17 5B    		call	getKnifeData	; Obtiene puntero a los	datos del cuchillo
03915   5824 34          		inc	(hl)		; Lo pasa al status 1
03916   5825 23          		inc	hl
03917   5826 23          		inc	hl		; Apunta a la Y	del cuchillo
03918   5827 CD D6 50    		call	getMapOffset00	; Obtiene el tile del mapa sobre el que	esta el	cuchillo
03919   582A EB          		ex	de, hl
03920   582B 3E 0A       		ld	a, 0Ah		; Offset tile backup
03921   582D CD 17 5B    		call	getKnifeData
03922   5830 1A          		ld	a, (de)		; Tile que hay en el mapa RAM
03923   5831 47          		ld	b, a
03924   5832 E6 F0       		and	0F0h
03925   5834 FE 30       		cp	30h		; Comprueba si se trata	de un cuchillo
03926   5836 28 01       		jr	z, initCuchillo2
03927   5838 70          		ld	(hl), b		; Guarda el tile que hay detras	del cuchillo
03928   5839             
03929   5839             initCuchillo2:
03930   5839 78          		ld	a, b
03931   583A             	IF	(VERSION2)
03932   583A D6 31       		sub	#31		; Cuchillo sobre peldaño?
03933   583C FE 02       		cp	2		; Dos posibles direcciones de las escaleras (cuchillo sobre peldaño hacia la derecha y sobre peldaño a la izquierda)
03934   583E 78          		ld	a,b
03935   583F 38 0E       		jr	c,initCuchillo5
03936   5841             		
03937   5841 78          		ld	a,b		; (!?) No hace falta ponerlo! A ya es igual a B
03938   5842 D6 21       		sub	#21		; Peldaño de escalera que sube a la izquierda
03939   5844 FE 02       		cp	2		; Comprueba los dos tipos de peldaño (derecha e izquierda)
03940   5846 30 05       		jr	nc,initCuchillo4
03941   5848             		
03942   5848 78          		ld	a,b
03943   5849             	ELSE
03944   5849~            		cp	31h		; Cuchillo sobre peldaño?
03945   5849~            		jr	z, initCuchillo6
03946   5849~            
03947   5849~            		cp	21h		; Peldaño escalera que sube a la izquierda
03948   5849~            		jr	z, initCuchillo3
03949   5849~            
03950   5849~            		cp	22h		; Peldaño escalera que sube a la derecha
03951   5849~            		jr	nz, initCuchillo4
03952   5849             	ENDIF
03953   5849             initCuchillo3:
03954   5849 C6 10       		add	a, 10h		; Convierte el tile de cuchillo	en "cuchillo sobre peldaño"
03955   584B 18 02       		jr	initCuchillo5
03956   584D             
03957   584D             initCuchillo4:
03958   584D 3E 30       		ld	a, 30h		; ID tile cuchillo suelo
03959   584F             
03960   584F             initCuchillo5:
03961   584F 12          		ld	(de), a		; Actualiza el mapa RAM
03962   5850 AF          		xor	a
03963   5851 CD 17 5B    		call	getKnifeData
03964   5854 3E 4B       		ld	a, 4Bh		; Patron de cuchillo posado
03965   5856 C3 11 5C    		jp	drawTile
03966   5859             
03967   5859             	IF	(!VERSION2)
03968   5859~            initCuchillo6:
03969   5859~            		ld	a, 31h
03970   5859~            		jr	initCuchillo5
03971   5859             	ENDIF
03972   5859             
03973   5859             doNothing_:
03974   5859 C9          		ret
03975   585A             
03976   585A             ;--------------------------------------------------------------------------------------------------------
03977   585A             ;
03978   585A             ; Lanza	un cuchillo
03979   585A             ; Reproduce sonido de lanzar
03980   585A             ; Coloca el cuchillo en	las coordendas del prota
03981   585A             ; Guarda los tiles del mapa sobre los que se pinta
03982   585A             ;
03983   585A             ;--------------------------------------------------------------------------------------------------------
03984   585A             
03985   585A             lanzaCuchillo:
03986   585A 3E 06       		ld	a, 6
03987   585C CD A9 7A    		call	setMusic	; Sonido lanzar
03988   585F             
03989   585F 3E 06       		ld	a, 6
03990   5861 CD 17 5B    		call	getKnifeData	; Obtiene puntero a la velocidad decimal
03991   5864 EB          		ex	de, hl
03992   5865 21 88 65    		ld	hl, knifeDataInicio
03993   5868 01 0B 00    		ld	bc, 0Bh
03994   586B ED B0       		ldir			; Inicializa los valores de este cuchillo
03995   586D             
03996   586D CD 11 5B    		call	knifeNextStatus	; Pasa al siguiente estado
03997   5870 23          		inc	hl
03998   5871 11 36 E1    		ld	de, sentidoProta ; 1 = Izquierda, 2 = Derecha
03999   5874 EB          		ex	de, hl
04000   5875 7E          		ld	a, (hl)		; Sentido del lanzamiento
04001   5876 01 05 00    		ld	bc, 5
04002   5879 ED B0       		ldir			; Copia	el sentido y coordenadas del prota
04003   587B             
04004   587B 1B          		dec	de
04005   587C 1B          		dec	de		; Cuchillo X
04006   587D 2B          		dec	hl
04007   587E 2B          		dec	hl		; Prota	X
04008   587F 06 08       		ld	b, 8		; Desplazamiento X cuando se lanza a la	derecha
04009   5881 CB 1F       		rr	a		; 1 = Izquierda, 2 = Derecha
04010   5883 30 02       		jr	nc, lanzaCuchillo2
04011   5885 06 00       		ld	b, 0		; Desplazamiento cuando	se lanza a la izquierda
04012   5887             
04013   5887             lanzaCuchillo2:
04014   5887 7E          		ld	a, (hl)
04015   5888 80          		add	a, b		; Suma desplazamiento a	la X
04016   5889 E6 F8       		and	0F8h		; Lo ajusta a patrones (multiplo de 8)
04017   588B CB D7       		set	2, a		; Le suma 4
04018   588D 12          		ld	(de), a		; Actualiza X del cuchillo
04019   588E 1B          		dec	de
04020   588F 1B          		dec	de		; Y cuchillo
04021   5890 EB          		ex	de, hl		; HL apunta a las coordenadas del cuchillo
04022   5891 CD D6 50    		call	getMapOffset00	; Obtiene en HL	el puntero al mapa de las coodenadas apuntada por HL
04023   5894 EB          		ex	de, hl
04024   5895 3E 0A       		ld	a, 0Ah		; Offset backup	fondo
04025   5897 CD 17 5B    		call	getKnifeData
04026   589A EB          		ex	de, hl
04027   589B ED A0       		ldi
04028   589D ED A0       		ldi			; Guarda tiles del mapa	sobre los que se pinta el cuchillo
04029   589F C9          		ret
04030   58A0             
04031   58A0             ;----------------------------------------------------
04032   58A0             ; Obtiene el frame del cuchillo	segun su posicion X en pantalla
04033   58A0             ;----------------------------------------------------
04034   58A0             
04035   58A0             getFrameKnife:
04036   58A0 3E 04       		ld	a, 4		; Offset X cuchillo
04037   58A2 CD 17 5B    		call	getKnifeData
04038   58A5 1F          		rra
04039   58A6 1F          		rra
04040   58A7 E6 03       		and	3		; Cambia el frame cada cuatro pixeles
04041   58A9 11 B1 58    		ld	de, framesCuchillo
04042   58AC CD 15 40    		call	ADD_A_DE
04043   58AF 1A          		ld	a, (de)
04044   58B0 C9          		ret
04045   58B1             
04046   58B1             
04047   58B1             ;----------------------------------------------------
04048   58B1             ; Patrones usados para pintar el cuchillo
04049   58B1             ;----------------------------------------------------
04050   58B1 45          framesCuchillo:	db 45h
04051   58B2             					; Girando NO
04052   58B2 46          		db 46h			; Girando NE
04053   58B3 48          		db 48h			; Girando SE
04054   58B4 49          		db 49h			; Girando SO
04055   58B5 4B          		db 4Bh			; Clavado en el	suelo
04056   58B6             
04057   58B6             ;--------------------------------------------------------------------------------------------------------
04058   58B6             ; Mueve	al cuchillo lanzado
04059   58B6             ; Comprueba si choca contra una	puerta giratoria
04060   58B6             ; Copia	y restaura el fondo sobre el que va pasando
04061   58B6             ;--------------------------------------------------------------------------------------------------------
04062   58B6             
04063   58B6             movKnife:
04064   58B6 3E 06       		ld	a, 6		; Offset velocidad cuchillo
04065   58B8 CD 17 5B    		call	getKnifeData
04066   58BB 5E          		ld	e, (hl)
04067   58BC 23          		inc	hl
04068   58BD 56          		ld	d, (hl)		; DE = velocidad del cuchillo
04069   58BE 3E 03       		ld	a, 3		; Offset X decimales
04070   58C0 CD 17 5B    		call	getKnifeData
04071   58C3 CD 02 74    		call	mueveElemento	; Actualiza coordenadas	del cuchillo segun su velocidad
04072   58C6             
04073   58C6 7A          		ld	a, d		; X cuchillo
04074   58C7 E6 03       		and	3
04075   58C9 C0          		ret	nz		; No es	multiplo de 4
04076   58CA             
04077   58CA 7A          		ld	a, d
04078   58CB E6 07       		and	7
04079   58CD 28 4C       		jr	z, movKnife3	; Es multiplo de 8
04080   58CF             
04081   58CF             ; Multiplo de 4
04082   58CF             
04083   58CF 7A          		ld	a, d
04084   58D0 FE 08       		cp	8
04085   58D2 D8          		ret	c		; Menor	de 8. Pegado al	limite izquierdo de la pantalla
04086   58D3             
04087   58D3 FE FC       		cp	252
04088   58D5 D0          		ret	nc		; Mayor	o igual	a 252. Pegado al limite	derecho	de la pantalla
04089   58D6             
04090   58D6 CD A0 58    		call	getFrameKnife	; Obtiene frame	actual de la animacion del cuchillo
04091   58D9 2B          		dec	hl
04092   58DA 2B          		dec	hl
04093   58DB 2B          		dec	hl
04094   58DC 2B          		dec	hl
04095   58DD CD 11 5C    		call	drawTile	; Dibuja primer	tile del cuchillo
04096   58E0             
04097   58E0             	IF	(VERSION2)
04098   58E0 20 05       		jr	nz,movKnife1	; Si no esta en pantalla no lo pinta
04099   58E2             	ENDIF
04100   58E2             	
04101   58E2 3C          		inc	a
04102   58E3 23          		inc	hl
04103   58E4 CD 4D 00    		call	WRTVRM		; segundo tile del cuchillo
04104   58E7             movKnife1:
04105   58E7 3E 01       		ld	a, 1		; Offset sentido
04106   58E9 CD 17 5B    		call	getKnifeData
04107   58EC E5          		push	hl		; Apunta al sentido
04108   58ED 7E          		ld	a, (hl)		; Sentido
04109   58EE 23          		inc	hl		; Apunta a la Y
04110   58EF F5          		push	af
04111   58F0 CD D6 50    		call	getMapOffset00	; Obtiene un puntero HL	a la posicion del cuchillo en el mapa RAM
04112   58F3 F1          		pop	af
04113   58F4 1F          		rra
04114   58F5 38 01       		jr	c, movKnife2	; Izquierda
04115   58F7 23          		inc	hl		; Tile de la derecha
04116   58F8             
04117   58F8             ; Restaura una puerta giratoria	si el cuchillo choca contra ella
04118   58F8             
04119   58F8             movKnife2:
04120   58F8 7E          		ld	a, (hl)		; Tile del mapa
04121   58F9 E6 F0       		and	0F0h		; Se queda con la familia o tipo de tile
04122   58FB FE 50       		cp	50h		; Puerta giratoria
04123   58FD E1          		pop	hl		; Apunta al sentido
04124   58FE C0          		ret	nz		; No ha	chocado	con una	puerta
04125   58FF             
04126   58FF 2B          		dec	hl		; Apunta al estado
04127   5900 34          		inc	(hl)		; Pasa al siguiente estado del cuchillo	(5)
04128   5901 E5          		push	hl
04129   5902 3E 0A       		ld	a, 0Ah		; Offset tile de fondo
04130   5904 CD 17 5B    		call	getKnifeData
04131   5907 EB          		ex	de, hl
04132   5908 E1          		pop	hl
04133   5909 D5          		push	de
04134   590A CD 75 5D    		call	getTileFromID
04135   590D CD 11 5C    		call	drawTile	; Restaura el tile de fondo 1
04136   5910 D1          		pop	de
04137   5911 C0          		ret	nz		; No esta en la	pantalla actual
04138   5912             
04139   5912 23          		inc	hl		; Siguiente posicion VRAM (ocupa dos tiles)
04140   5913 13          		inc	de		; Siguiente tile backup	del cuchillo
04141   5914 1A          		ld	a, (de)
04142   5915 CD 75 5D    		call	getTileFromID	; Identifica tile que le corresponde
04143   5918 C3 4D 00    		jp	WRTVRM		; Lo pinta
04144   591B             
04145   591B             ; Multiplo de 8
04146   591B             
04147   591B             movKnife3:
04148   591B 3E 01       		ld	a, 1		;  Offset sentido
04149   591D CD 17 5B    		call	getKnifeData
04150   5920 E5          		push	hl
04151   5921 DD E1       		pop	ix
04152   5923             
04153   5923 CD A0 58    		call	getFrameKnife	; Frame	que le corresponde al cuchillo
04154   5926 47          		ld	b, a
04155   5927             
04156   5927 AF          		xor	a
04157   5928 CD 17 5B    		call	getKnifeData	; Puntero a los	datos del cuchillo
04158   592B             
04159   592B 78          		ld	a, b		; Frame	del cuchillo
04160   592C CD 11 5C    		call	drawTile
04161   592F             
04162   592F 3E 02       		ld	a, 2		; Offset Y
04163   5931 CD 17 5B    		call	getKnifeData
04164   5934 CD D6 50    		call	getMapOffset00	; Obtiene en HL	el puntero al mapa de las coodenadas apuntada por HL
04165   5937             
04166   5937 DD 7E 00    		ld	a, (ix+0)	; Sentido
04167   593A 23          		inc	hl		; Tile de la derecha del cuchillo
04168   593B CB 1F       		rr	a
04169   593D F5          		push	af
04170   593E 30 02       		jr	nc, movKnife4	; Derecha
04171   5940 2B          		dec	hl
04172   5941 2B          		dec	hl		; Tile de la izquierda
04173   5942             
04174   5942             movKnife4:
04175   5942 F1          		pop	af
04176   5943 7E          		ld	a, (hl)		; Tile del mapa	de fondo
04177   5944 30 0E       		jr	nc, movKnife5	; Derecha
04178   5946             
04179   5946 DD 56 0A    		ld	d, (ix+0Ah)	; tile de fondo	2
04180   5949 DD 4E 09    		ld	c, (ix+9)	; tile de fondo	1
04181   594C DD 71 0A    		ld	(ix+0Ah), c
04182   594F DD 77 09    		ld	(ix+9),	a	; Actualiza la copia de	los tiles de fondo
04183   5952 18 0C       		jr	movKnife6
04184   5954             
04185   5954             movKnife5:
04186   5954 DD 56 09    		ld	d, (ix+9)	; Tile backup 1
04187   5957 DD 4E 0A    		ld	c, (ix+0Ah)	; Tile backup 2
04188   595A DD 71 09    		ld	(ix+9),	c
04189   595D DD 77 0A    		ld	(ix+0Ah), a	; Actualiza la copia de	los tiles de fondo
04190   5960             
04191   5960             movKnife6:
04192   5960 DD 46 04    		ld	b, (ix+4)	; Pantalla en la que esta el cuchillo (xHigh)
04193   5963 3A 3A E1    		ld	a, (ProtaRoom)	; Pantalla del prota
04194   5966 B8          		cp	b
04195   5967 20 1E       		jr	nz, movKnife8	; No estan en la misma,	no hace	falta pintarlo
04196   5969             
04197   5969 7A          		ld	a, d		; Tile de fondo	a restaurar
04198   596A CD 75 5D    		call	getTileFromID
04199   596D F5          		push	af
04200   596E 3E 02       		ld	a, 2		; Offset Y
04201   5970 CD 17 5B    		call	getKnifeData
04202   5973 56          		ld	d, (hl)		; Y
04203   5974 23          		inc	hl
04204   5975 23          		inc	hl		; X
04205   5976 5E          		ld	e, (hl)		; DE = YX
04206   5977 CD 28 5B    		call	coordVRAM_DE	; Obtiene puntero a la VRAM correspondiente a las coordenadas del cuchillo
04207   597A             
04208   597A 2B          		dec	hl		; Puntero VRAM
04209   597B DD 7E 00    		ld	a, (ix+0)	; Sentido
04210   597E 1F          		rra
04211   597F 30 02       		jr	nc, movKnife7	; Derecha
04212   5981 23          		inc	hl
04213   5982 23          		inc	hl
04214   5983             
04215   5983             movKnife7:
04216   5983 F1          		pop	af
04217   5984 CD 4D 00    		call	WRTVRM		; Restaura fondo
04218   5987             
04219   5987             movKnife8:
04220   5987 DD E5       		push	ix
04221   5989 D5          		push	de
04222   598A CD 48 5B    		call	chkKnifeMomia	; Comprueba si choca con una momia
04223   598D D1          		pop	de
04224   598E DD E1       		pop	ix
04225   5990 30 06       		jr	nc, movKnife9	;  No ha chocado contra	una momia
04226   5992             
04227   5992 AF          		xor	a
04228   5993 CD 17 5B    		call	getKnifeData
04229   5996 18 21       		jr	movKnife11
04230   5998             
04231   5998             movKnife9:
04232   5998 3E 02       		ld	a, 2		; Y
04233   599A CD 17 5B    		call	getKnifeData
04234   599D E5          		push	hl
04235   599E CD D6 50    		call	getMapOffset00	; Obtiene en HL	el puntero al mapa de las coodenadas apuntada por HL
04236   59A1 2B          		dec	hl
04237   59A2 DD 7E 00    		ld	a, (ix+0)	; Sentido
04238   59A5 1F          		rra
04239   59A6 38 02       		jr	c, movKnife10	; Izquierda
04240   59A8 23          		inc	hl
04241   59A9 23          		inc	hl
04242   59AA             
04243   59AA             movKnife10:
04244   59AA 7E          		ld	a, (hl)
04245   59AB 47          		ld	b, a
04246   59AC E1          		pop	hl		; Y
04247   59AD CD C8 5A    		call	chkKnifeChoca	; Comprueba si el tile es una plataforma, cuchillo, pico o gema
04248   59B0 20 27       		jr	nz, knifeNoChoca ; No choca contra nada
04249   59B2             
04250   59B2 78          		ld	a, b
04251   59B3 FE 40       		cp	40h		; Gemas
04252   59B5 28 22       		jr	z, knifeNoChoca	; Contra las gemas no choca el cuchillo
04253   59B7             
04254   59B7 2B          		dec	hl
04255   59B8 2B          		dec	hl		; Apunta al status
04256   59B9             
04257   59B9             movKnife11:
04258   59B9 34          		inc	(hl)		; Pasa al siguiente estado del cuchillo: choca
04259   59BA 23          		inc	hl
04260   59BB 46          		ld	b, (hl)		; Sentido
04261   59BC 23          		inc	hl
04262   59BD 23          		inc	hl
04263   59BE 23          		inc	hl
04264   59BF             
04265   59BF             movKnife12:
04266   59BF 23          		inc	hl
04267   59C0 3A 3A E1    		ld	a, (ProtaRoom)	; Parte	alta de	la coordenada X. Indica	la habitacion de la piramide
04268   59C3 BE          		cp	(hl)		; esta en la misma pantalla el cuchillo	y el prota?
04269   59C4 C0          		ret	nz		; No esta en la	pantalla actual. No se ve
04270   59C5             
04271   59C5 3E 05       		ld	a, 5
04272   59C7 CD 10 40    		call	ADD_A_HL	; Puntero a los	tiles de backup	de fondo
04273   59CA CB 18       		rr	b		; Sentido
04274   59CC 30 01       		jr	nc, knifeRestaura ; Derecha
04275   59CE 23          		inc	hl
04276   59CF             
04277   59CF             knifeRestaura:
04278   59CF 7E          		ld	a, (hl)		; Backup tile
04279   59D0 CD 75 5D    		call	getTileFromID	; Obtiene patron que le	corresponde
04280   59D3 CD 28 5B    		call	coordVRAM_DE	; D = Y, E = X
04281   59D6 C3 4D 00    		jp	WRTVRM		; Pinta	el patron en pantalla
04282   59D9             
04283   59D9             knifeNoChoca:
04284   59D9 2B          		dec	hl
04285   59DA 46          		ld	b, (hl)
04286   59DB 23          		inc	hl
04287   59DC 23          		inc	hl
04288   59DD 23          		inc	hl
04289   59DE AF          		xor	a
04290   59DF BE          		cp	(hl)
04291   59E0 28 DD       		jr	z, movKnife12
04292   59E2 3E F8       		ld	a, 0F8h
04293   59E4 BE          		cp	(hl)
04294   59E5 28 D8       		jr	z, movKnife12
04295   59E7 C9          		ret
04296   59E8             
04297   59E8             ;----------------------------------------------------
04298   59E8             ;
04299   59E8             ; Cuchillo choca
04300   59E8             ; Pasa al estado de rebotando, invierte	el sentido y lo	mueve 4	pixeles	hacia atras
04301   59E8             ;----------------------------------------------------
04302   59E8             
04303   59E8             knifeChoca:
04304   59E8 CD 11 5B    		call	knifeNextStatus	; Pasa al estado de rebotando
04305   59EB 23          		inc	hl
04306   59EC 7E          		ld	a, (hl)
04307   59ED EE 03       		xor	3
04308   59EF 77          		ld	(hl), a		; Invierte el sentido
04309   59F0 23          		inc	hl
04310   59F1 23          		inc	hl
04311   59F2 23          		inc	hl
04312   59F3 1F          		rra
04313   59F4 7E          		ld	a, (hl)		; X
04314   59F5 38 02       		jr	c, knifeChoca2	; Izquierda
04315   59F7 C6 04       		add	a, 4
04316   59F9             
04317   59F9             knifeChoca2:
04318   59F9 E6 F8       		and	0F8h
04319   59FB 77          		ld	(hl), a
04320   59FC 3E 05       		ld	a, 5
04321   59FE CD 10 40    		call	ADD_A_HL
04322   5A01 36 00       		ld	(hl), 0
04323   5A03 C9          		ret
04324   5A04             
04325   5A04             ;----------------------------------------------------
04326   5A04             ;
04327   5A04             ; Cuchillo rebotando
04328   5A04             ; Realiza una parabola que simula un rebote.
04329   5A04             ; Comprueba si choca contra algo mientras rebota.
04330   5A04             ; Al terminar pasa al siguiente	estado:	caer
04331   5A04             ;----------------------------------------------------
04332   5A04             
04333   5A04             knifeRebota:
04334   5A04 3A 03 E0    		ld	a, (timer)
04335   5A07 E6 03       		and	3
04336   5A09 C2 D7 5A    		jp	nz, updateKnifeAtt ; Actualiza las coordenadas 1 de cada 4 frames. El resto los	atributos del sprite
04337   5A0C             
04338   5A0C 3E 01       		ld	a, 1		; Offset sentido
04339   5A0E CD 17 5B    		call	getKnifeData
04340   5A11 E5          		push	hl
04341   5A12 7E          		ld	a, (hl)		; Sentido
04342   5A13 23          		inc	hl
04343   5A14 23          		inc	hl
04344   5A15 23          		inc	hl
04345   5A16 34          		inc	(hl)		; Incrementa la	X
04346   5A17 1F          		rra
04347   5A18 30 02       		jr	nc, knifeRebota2 ; Derecha
04348   5A1A             
04349   5A1A 35          		dec	(hl)
04350   5A1B 35          		dec	(hl)		; Decrementa la	X (rebota hacia	la izquierda)
04351   5A1C             
04352   5A1C             knifeRebota2:
04353   5A1C E1          		pop	hl
04354   5A1D CD 0B 71    		call	chkPasaRoom	; Comprueba si pasa a otra habitacion
04355   5A20             
04356   5A20 3E 09       		ld	a, 9
04357   5A22 CD 17 5B    		call	getKnifeData
04358   5A25 7E          		ld	a, (hl)		; Contador de movimiento
04359   5A26             
04360   5A26 21 63 5A    		ld	hl, parabolaKnife
04361   5A29 CD 10 40    		call	ADD_A_HL
04362   5A2C 46          		ld	b, (hl)		; Desplazamiento Y del rebote para simular una parabola
04363   5A2D             
04364   5A2D 3E 02       		ld	a, 2		; Y
04365   5A2F CD 17 5B    		call	getKnifeData
04366   5A32 7E          		ld	a, (hl)		; Y del	cuchillo
04367   5A33 80          		add	a, b		; Le suma el desplazamiento de la parabola
04368   5A34 77          		ld	(hl), a		; Actualiza la Y del cuchillo
04369   5A35             
04370   5A35 E5          		push	hl
04371   5A36 01 08 04    		ld	bc, 408h	; Offset X+4, Y+8
04372   5A39 CD E1 50    		call	getMapOffset	; Lee tile del mapa
04373   5A3C 7E          		ld	a, (hl)		; Obtiene el tile que hay justo	debajo del cuchillo
04374   5A3D CD C8 5A    		call	chkKnifeChoca	; Comprueba si el tile es una plataforma, cuchillo, pico o gema
04375   5A40 E1          		pop	hl
04376   5A41 20 11       		jr	nz, knifeRebota3 ; No choca con	nada
04377   5A43             
04378   5A43 78          		ld	a, b		; Tile del mapa
04379   5A44 FE 41       		cp	41h		; Brillo gema izquierda
04380   5A46 28 0C       		jr	z, knifeRebota3
04381   5A48             
04382   5A48 FE 42       		cp	42h		; Brillo gema derecha
04383   5A4A 28 08       		jr	z, knifeRebota3
04384   5A4C             
04385   5A4C E6 F0       		and	0F0h
04386   5A4E FE 10       		cp	10h		; Es una plataforma, muro o ladrillo?
04387   5A50 20 5A       		jr	nz, setReboteKnife ; Da	otro rebote para no caer sobre el objeto
04388   5A52             
04389   5A52 18 4F       		jr	knifeEnd
04390   5A54             
04391   5A54             knifeRebota3:
04392   5A54 3E 07       		ld	a, 7
04393   5A56 CD 10 40    		call	ADD_A_HL
04394   5A59 34          		inc	(hl)		; Incrementa contador de movimiento
04395   5A5A             
04396   5A5A 7E          		ld	a, (hl)
04397   5A5B FE 08       		cp	8		; Ha terminado la parabola del rebote? (8 frames)
04398   5A5D CA 11 5B    		jp	z, knifeNextStatus ; Si, pasa a	estado de caer
04399   5A60 C3 D7 5A    		jp	updateKnifeAtt
04400   5A63             
04401   5A63             
04402   5A63             ;----------------------------------------------------
04403   5A63             ; Valores de la	parabola del rebote del	cuchillo
04404   5A63             ;----------------------------------------------------
04405   5A63 FB          parabolaKnife:	db -5
04406   5A64 FE          		db -2
04407   5A65 FF          		db -1
04408   5A66 00          		db 0
04409   5A67 00          		db 0
04410   5A68 01          		db 1
04411   5A69 02          		db 2
04412   5A6A 05          		db 5
04413   5A6B             
04414   5A6B             ;----------------------------------------------------
04415   5A6B             ; Status cuchillo = Caer
04416   5A6B             ;----------------------------------------------------
04417   5A6B             
04418   5A6B             knifeCae:
04419   5A6B 3A 03 E0    		ld	a, (timer)
04420   5A6E E6 03       		and	3
04421   5A70 C2 D7 5A    		jp	nz, updateKnifeAtt ; Actualiza las coordenadas 1 de cada 4 frames
04422   5A73             
04423   5A73 3E 02       		ld	a, 2		; Offset Y
04424   5A75 CD 17 5B    		call	getKnifeData
04425   5A78 7E          		ld	a, (hl)		; Y del	cuchillo
04426   5A79 E6 FC       		and	0FCh		; Lo ajusta a multiplo de 4
04427   5A7B 77          		ld	(hl), a
04428   5A7C             
04429   5A7C 56          		ld	d, (hl)		; (!?) Por que no hace un LD D,A
04430   5A7D 7A          		ld	a, d
04431   5A7E E6 03       		and	3		; (!?) Si acaba	de hacer un AND	#FC como va a haber un NZ con un AND 3?
04432   5A80 C2 BA 5A    		jp	nz, caeKnife4
04433   5A83             
04434   5A83 CD D6 50    		call	getMapOffset00	; Obtiene en HL	el puntero al mapa de las coodenadas apuntada por HL
04435   5A86 3E 60       		ld	a, 60h		; Offset al tile que esta debajo del cuchillo
04436   5A88 CD 10 40    		call	ADD_A_HL
04437   5A8B 7E          		ld	a, (hl)		; Tile del mapa	bajo el	cuchillo
04438   5A8C CD C8 5A    		call	chkKnifeChoca	; Comprueba si el tile es una plataforma, cuchillo, pico o gema
04439   5A8F C2 BA 5A    		jp	nz, caeKnife4	; No choca con nada
04440   5A92             
04441   5A92 78          		ld	a, b
04442   5A93 FE 41       		cp	41h		; Brillo izquierdo
04443   5A95 CA BA 5A    		jp	z, caeKnife4
04444   5A98             
04445   5A98 FE 42       		cp	42h		; Brillo derecho
04446   5A9A CA BA 5A    		jp	z, caeKnife4	; Si cae sobre los brillos no pasa nada
04447   5A9D             
04448   5A9D E6 F0       		and	0F0h
04449   5A9F FE 10       		cp	10h		; Es ladrillo?
04450   5AA1 20 09       		jr	nz, setReboteKnife ; Rebota si cae sobre un obstaculo que no es	un brillo o ladrillo
04451   5AA3             
04452   5AA3             knifeEnd:
04453   5AA3 CD 0B 5B    		call	hideKnifeSpr
04454   5AA6 AF          		xor	a
04455   5AA7 CD 17 5B    		call	getKnifeData
04456   5AAA             	
04457   5AAA             	IF	(VERSION2)
04458   5AAA 18 0B       		jr	setReboteKnife2	; Apaño para ahorrar un byte
04459   5AAC             	ELSE
04460   5AAC~            		ld	(hl), 0
04461   5AAC~            		ret
04462   5AAC             	ENDIF
04463   5AAC             ;----------------------------------------------------
04464   5AAC             ; Reinicia el rebote del cuchillo
04465   5AAC             ;----------------------------------------------------
04466   5AAC             
04467   5AAC             setReboteKnife:
04468   5AAC AF          		xor	a
04469   5AAD CD 17 5B    		call	getKnifeData
04470   5AB0 36 07       		ld	(hl), 7		; Status 7 = Rebote
04471   5AB2 3E 09       		ld	a, 9
04472   5AB4 CD 10 40    		call	ADD_A_HL
04473   5AB7             setReboteKnife2:
04474   5AB7 36 00       		ld	(hl), 0		; Contador de movimiento/rebote	= 0
04475   5AB9 C9          		ret
04476   5ABA             
04477   5ABA             ;----------------------------------------------------
04478   5ABA             ; Le suma 4 a la Y del cuchillo	y lo ajusta a multiplo de 4
04479   5ABA             ;----------------------------------------------------
04480   5ABA             
04481   5ABA             caeKnife4:
04482   5ABA 3E 02       		ld	a, 2		; Y
04483   5ABC CD 17 5B    		call	getKnifeData
04484   5ABF             	
04485   5ABF             	IF	(VERSION2)
04486   5ABF 7E          		ld	a,(hl)
04487   5AC0 C6 04       		add	a,4
04488   5AC2             	ELSE	
04489   5AC2~            		inc	(hl)
04490   5AC2~            		inc	(hl)
04491   5AC2~            		inc	(hl)
04492   5AC2~            		inc	(hl)		; Y+4
04493   5AC2~            		ld	a, (hl)
04494   5AC2             	ENDIF
04495   5AC2 E6 FC       		and	0FCh
04496   5AC4 77          		ld	(hl), a
04497   5AC5 C3 D7 5A    		jp	updateKnifeAtt
04498   5AC8             
04499   5AC8             ;----------------------------------------------------
04500   5AC8             ; Comprueba si el tile es una plataforma, gema,	cuchillo o gema
04501   5AC8             ; Out:
04502   5AC8             ;   Z =	Si es uno de esos elementos
04503   5AC8             ;   B =	Tile de	entrada
04504   5AC8             ;----------------------------------------------------
04505   5AC8             
04506   5AC8             chkKnifeChoca:
04507   5AC8 47          		ld	b, a		; Comprueba si el tile es una plataforma, cuchillo, pico o gema
04508   5AC9 E6 F0       		and	0F0h
04509   5ACB FE 10       		cp	10h		; Plataformas
04510   5ACD C8          		ret	z
04511   5ACE             
04512   5ACE FE 30       		cp	30h		; Cuchillo
04513   5AD0 C8          		ret	z
04514   5AD1             
04515   5AD1 FE 80       		cp	80h		; Pico
04516   5AD3 C8          		ret	z
04517   5AD4             
04518   5AD4 FE 40       		cp	40h		; Gemas
04519   5AD6 C9          		ret
04520   5AD7             
04521   5AD7             
04522   5AD7             ;----------------------------------------------------
04523   5AD7             ; Actualiza los	atributos RAM del sprite del cuchillo
04524   5AD7             ;----------------------------------------------------
04525   5AD7             
04526   5AD7             updateKnifeAtt:
04527   5AD7 3E 05       		ld	a, 5		; Offset pantalla en la	que esta el cuchillo
04528   5AD9 CD 17 5B    		call	getKnifeData
04529   5ADC 3A 3A E1    		ld	a, (ProtaRoom)	; Parte	alta de	la coordenada X. Indica	la habitacion de la piramide
04530   5ADF BE          		cp	(hl)
04531   5AE0 20 29       		jr	nz, hideKnifeSpr ; No esta en la pantalla actual, asi que lo oculta
04532   5AE2             
04533   5AE2 2B          		dec	hl
04534   5AE3 2B          		dec	hl
04535   5AE4 2B          		dec	hl		; Y
04536   5AE5 E5          		push	hl
04537   5AE6 CD 3F 5B    		call	getKnifeAttib
04538   5AE9 EB          		ex	de, hl
04539   5AEA E1          		pop	hl
04540   5AEB 7E          		ld	a, (hl)		; Y
04541   5AEC 12          		ld	(de), a		; Atributo Y
04542   5AED 23          		inc	hl
04543   5AEE 23          		inc	hl
04544   5AEF 7E          		ld	a, (hl)		; X
04545   5AF0 13          		inc	de
04546   5AF1 12          		ld	(de), a		; Atributo X
04547   5AF2 13          		inc	de
04548   5AF3 3A 03 E0    		ld	a, (timer)
04549   5AF6 E6 0C       		and	0Ch		; Se queda con 4 sprites de 16x16 (0, 4, 8, 12)
04550   5AF8 C6 F0       		add	a, 0F0h		; Primer sprite	del cuchillo
04551   5AFA EB          		ex	de, hl
04552   5AFB 77          		ld	(hl), a		; Sprite del cuchillo
04553   5AFC 23          		inc	hl
04554   5AFD 36 0F       		ld	(hl), 0Fh	; Color	blanco
04555   5AFF C9          		ret
04556   5B00             
04557   5B00             ;----------------------------------------------------
04558   5B00             ; Comprueba si se han procesado	todos los cuchillos
04559   5B00             ;----------------------------------------------------
04560   5B00             
04561   5B00             chkLastKnife:
04562   5B00 21 62 E2    		ld	hl, knifeEnProceso
04563   5B03 34          		inc	(hl)
04564   5B04 7E          		ld	a, (hl)
04565   5B05 23          		inc	hl
04566   5B06 BE          		cp	(hl)
04567   5B07 C2 03 58    		jp	nz, AI_Cuchillos2
04568   5B0A C9          		ret
04569   5B0B             
04570   5B0B             ;----------------------------------------------------
04571   5B0B             ; Quita	al cuchillo del	area visible
04572   5B0B             ;----------------------------------------------------
04573   5B0B             
04574   5B0B             hideKnifeSpr:
04575   5B0B CD 3F 5B    		call	getKnifeAttib
04576   5B0E 36 E0       		ld	(hl), 0E0h
04577   5B10 C9          		ret
04578   5B11             
04579   5B11             
04580   5B11             ;----------------------------------------------------
04581   5B11             ; Pasa el cuchillo al siguiente	estado
04582   5B11             ;----------------------------------------------------
04583   5B11             
04584   5B11             knifeNextStatus:
04585   5B11 AF          		xor	a
04586   5B12 CD 17 5B    		call	getKnifeData
04587   5B15 34          		inc	(hl)
04588   5B16 C9          		ret
04589   5B17             
04590   5B17             
04591   5B17             ;----------------------------------------------------
04592   5B17             ; Obtiene puntero a los	datos del cuchillo actual
04593   5B17             ; In: A	= Offset a la variable de la estructura
04594   5B17             ; Out:
04595   5B17             ;   HL = Puntero a los datos del cuchillo (variable indicada en	A)
04596   5B17             ;    A = Valor de la variable
04597   5B17             ;----------------------------------------------------
04598   5B17             
04599   5B17             getKnifeData:
04600   5B17 C5          		push	bc
04601   5B18 21 64 E2    		ld	hl, knifesData	; 0 = Status (1	= suelo, 2 = Cogido, 4 = Lanzamiento?, 5= lanzado, 7 =Rebotando)
04602   5B1B             					; 1 = Sentido (1 = izquierda, 2	= Derecha)
04603   5B1B             					; 2 = Y
04604   5B1B             					; 3 = X	decimales
04605   5B1B             					; 4 = X
04606   5B1B             					; 5 = Habitacion
04607   5B1B             					; 6 = Velocidad	decimales
04608   5B1B             					; 7 = Velocidad	cuchillo
04609   5B1B             					; 8 = Velocidad	cambio habitacion
04610   5B1B             					; 9 = Contador movimiento
04611   5B1B             					; A = Tile backup 1 (fondo)
04612   5B1B             					; B = Tile backup 2 (guarda dos	tiles al lanzarlo)
04613   5B1B CD 10 40    		call	ADD_A_HL
04614   5B1E 3A 62 E2    		ld	a, (knifeEnProceso)
04615   5B21 47          		ld	b, a
04616   5B22 87          		add	a, a
04617   5B23 CD BF 65    		call	getIndexX8_masB
04618   5B26 C1          		pop	bc
04619   5B27 C9          		ret
04620   5B28             
04621   5B28             
04622   5B28             ;----------------------------------------------------
04623   5B28             ; Calcula la direccion de la tabla de nombres a	la que apunta DE
04624   5B28             ; In:
04625   5B28             ;   D =	Y
04626   5B28             ;   E =	X
04627   5B28             ; Out:
04628   5B28             ;   HL = Puntero VRAM
04629   5B28             ;----------------------------------------------------
04630   5B28             
04631   5B28             coordVRAM_DE:
04632   5B28 F5          		push	af		; D = Y, E = X
04633   5B29 62          		ld	h, d
04634   5B2A 6B          		ld	l, e
04635   5B2B 7C          		ld	a, h
04636   5B2C 1F          		rra
04637   5B2D 1F          		rra
04638   5B2E 1F          		rra
04639   5B2F 1F          		rra
04640   5B30 CB 1D       		rr	l
04641   5B32 1F          		rra
04642   5B33 CB 1D       		rr	l
04643   5B35 1F          		rra
04644   5B36 CB 1D       		rr	l
04645   5B38 E6 03       		and	3
04646   5B3A C6 38       		add	a, 38h		; Tabla	de nombre en #3800
04647   5B3C 67          		ld	h, a
04648   5B3D F1          		pop	af
04649   5B3E C9          		ret
04650   5B3F             
04651   5B3F             
04652   5B3F             ;----------------------------------------------------
04653   5B3F             ; Obtiene un puntero a los atributos del cuchillo en proceso
04654   5B3F             ;----------------------------------------------------
04655   5B3F             
04656   5B3F             getKnifeAttib:
04657   5B3F 3A 62 E2    		ld	a, (knifeEnProceso)
04658   5B42 21 EC E0    		ld	hl, knifeAttrib
04659   5B45 C3 F9 71    		jp	getMomiaAtrib2
04660   5B48             
04661   5B48             
04662   5B48             
04663   5B48             ;----------------------------------------------------
04664   5B48             ;
04665   5B48             ; Comprueba si el cuchillo choca contra	una momia
04666   5B48             ; Out:
04667   5B48             ;   NC,	Z = No ha chocado
04668   5B48             ;   C =	Ha chocado
04669   5B48             ;----------------------------------------------------
04670   5B48             
04671   5B48             chkKnifeMomia:
04672   5B48 0E 00       		ld	c, 0		; Primera momia	a procesar = 0
04673   5B4A             
04674   5B4A             chkKnifeMomia2:
04675   5B4A 79          		ld	a, c		; Momia	a procesar
04676   5B4B CD DF 73    		call	getMomiaDat
04677   5B4E             
04678   5B4E DD 7E 00    		ld	a, (ix+ACTOR_STATUS) ; Status de la momia
04679   5B51 FE 04       		cp	4		; Esta en el limbo, apareciendo	o explotando?
04680   5B53 38 04       		jr	c, chkKnifeMomia3
04681   5B55             
04682   5B55 FE 07       		cp	7		; Esta pensando?
04683   5B57 20 20       		jr	nz, chkKnifeMomia4 ; Esta en un	estado que no hay que comprobar	la colision
04684   5B59             
04685   5B59             chkKnifeMomia3:
04686   5B59 3E 02       		ld	a, 2		; Offset Y
04687   5B5B CD 17 5B    		call	getKnifeData
04688   5B5E 56          		ld	d, (hl)		; Y
04689   5B5F 23          		inc	hl
04690   5B60 23          		inc	hl
04691   5B61 5E          		ld	e, (hl)		; X
04692   5B62 23          		inc	hl
04693   5B63 7E          		ld	a, (hl)		; habitacion
04694   5B64 DD BE 06    		cp	(ix+ACTOR_ROOM)
04695   5B67 20 10       		jr	nz, chkKnifeMomia4 ; No	estan en la misma habitacion
04696   5B69             
04697   5B69 C5          		push	bc
04698   5B6A DD 4E 03    		ld	c, (ix+ACTOR_Y)	; Y momia
04699   5B6D DD 46 05    		ld	b, (ix+ACTOR_X)	; X momia
04700   5B70 21 A9 5B    		ld	hl, areaSizeMomia
04701   5B73 CD 0B 5D    		call	chkArea
04702   5B76 C1          		pop	bc
04703   5B77 38 0B       		jr	c, chkKnifeMomia5
04704   5B79             
04705   5B79             chkKnifeMomia4:
04706   5B79 0C          		inc	c
04707   5B7A 21 64 E1    		ld	hl, numMomias
04708   5B7D 79          		ld	a, c
04709   5B7E BE          		cp	(hl)		; Ha comprobado	todas las momias?
04710   5B7F C2 4A 5B    		jp	nz, chkKnifeMomia2
04711   5B82 A7          		and	a
04712   5B83 C9          		ret
04713   5B84             
04714   5B84             chkKnifeMomia5:
04715   5B84             	IF	(VERSION2)
04716   5B84 DD E5       		push	ix
04717   5B86 11 00 01    		ld	de, 100h
04718   5B89 CD 12 44    		call	SumaPuntos
04719   5B8C 3E 08       		ld	a, 8		; SFX explota momia
04720   5B8E CD A9 7A    		call	setMusic
04721   5B91 DD E1       		pop	ix
04722   5B93             	ELSE
04723   5B93~            		ld	de, 100h
04724   5B93~            		call	SumaPuntos
04725   5B93~            		ld	a, 8		; SFX explota momia
04726   5B93~            		call	setMusic
04727   5B93             	ENDIF	
04728   5B93 DD 36 00 06 		ld	(ix+ACTOR_STATUS), 6 ; Estado: Destello
04729   5B97 DD 36 01 04 		ld	(ix+ACTOR_CONTROL), 4 ;	Control: IZQUIERDA
04730   5B9B DD 7E 03    		ld	a, (ix+ACTOR_Y)	; Y momia
04731   5B9E E6 F8       		and	0F8h
04732   5BA0 DD 77 03    		ld	(ix+ACTOR_Y), a	; Ajusta la Y a	multiplo de 8
04733   5BA3 DD 36 11 22 		ld	(ix+ACTOR_TIMER), 22h ;	Timer
04734   5BA7 37          		scf
04735   5BA8 C9          		ret
04736   5BA9             
04737   5BA9             
04738   5BA9             ;----------------------------------------------------
04739   5BA9             ; Area a comprobar el impacto del cuchillos
04740   5BA9             ;----------------------------------------------------
04741   5BA9 08 18       areaSizeMomia:	db 8, 18h
04742   5BAB 08 18       		db 8, 18h
04743   5BAD             
04744   5BAD             
04745   5BAD             ;----------------------------------------------------
04746   5BAD             ; Comprueba si el prota	coge un	cuchillo
04747   5BAD             ; En caso de cogerlo, restaura en el mapa y en pantalla	el tile	sobre el que estaba el cuchillo
04748   5BAD             ;----------------------------------------------------
04749   5BAD             
04750   5BAD             chkCogeKnife:
04751   5BAD 3A 44 E1    		ld	a, (objetoCogido) ; #10	= Cuchillo, #20	= Pico
04752   5BB0 A7          		and	a
04753   5BB1 C0          		ret	nz		; Ya lleva algo
04754   5BB2             
04755   5BB2 21 62 E2    		ld	hl, knifeEnProceso
04756   5BB5 77          		ld	(hl), a
04757   5BB6 23          		inc	hl
04758   5BB7 BE          		cp	(hl)
04759   5BB8 C8          		ret	z		; No hay cuchillos en esta piramide
04760   5BB9             
04761   5BB9             chkCogeKnife2:
04762   5BB9 AF          		xor	a
04763   5BBA CD 17 5B    		call	getKnifeData	; Datos	del cuchillo
04764   5BBD CD 02 5C    		call	getLocationDE	; Comprueba si esta en la misma	habitacion que el prota
04765   5BC0 20 09       		jr	nz, chkCogeKnife3 ;  No	estan en la misma habitacion
04766   5BC2             
04767   5BC2 FE 01       		cp	1		; Esta en reposo en el suelo? (Status =	1)
04768   5BC4 20 05       		jr	nz, chkCogeKnife3 ; No,	comprueba el siguiente cuchillo
04769   5BC6             
04770   5BC6 CD FA 5C    		call	chkAreaItem	; Comprueba si el prota	esta en	contacto con el	cuchillo
04771   5BC9 38 0A       		jr	c, chkCogeKnife4 ; Si!
04772   5BCB             
04773   5BCB             chkCogeKnife3:
04774   5BCB 21 62 E2    		ld	hl, knifeEnProceso
04775   5BCE 34          		inc	(hl)
04776   5BCF 7E          		ld	a, (hl)
04777   5BD0 23          		inc	hl
04778   5BD1 BE          		cp	(hl)
04779   5BD2 20 E5       		jr	nz, chkCogeKnife2
04780   5BD4 C9          		ret
04781   5BD5             
04782   5BD5             chkCogeKnife4:
04783   5BD5 3A 62 E2    		ld	a, (knifeEnProceso)
04784   5BD8 32 61 E2    		ld	(IDcuchilloCoge), a ; Cuchillo que coge	el prota
04785   5BDB             
04786   5BDB 3E 04       		ld	a, 4		; SFX coge objeto
04787   5BDD CD A9 7A    		call	setMusic
04788   5BE0             
04789   5BE0 3E 10       		ld	a, 10h		; Cuchillo
04790   5BE2 CD BB 4E    		call	cogeObjeto	; Carga	los sprites del	prota con el cuchillo
04791   5BE5             
04792   5BE5 AF          		xor	a
04793   5BE6 CD 17 5B    		call	getKnifeData
04794   5BE9 34          		inc	(hl)		; Pasa el cuchillo al siguiente	estado (2 = Lo lleva el	prota)
04795   5BEA             
04796   5BEA 54          		ld	d, h
04797   5BEB 5D          		ld	e, l
04798   5BEC E5          		push	hl
04799   5BED 01 0A 00    		ld	bc, 0Ah		; Offset tile backup del mapa
04800   5BF0 09          		add	hl, bc
04801   5BF1 46          		ld	b, (hl)		; Tile sobre el	que estaba el cuchillo
04802   5BF2 E1          		pop	hl		; Apunta al estado
04803   5BF3             
04804   5BF3 23          		inc	hl
04805   5BF4 23          		inc	hl		; Apunta a la Y
04806   5BF5 CD D6 50    		call	getMapOffset00	; Obtiene en HL	el puntero al mapa de las coodenadas apuntada por HL
04807   5BF8 70          		ld	(hl), b		; Restaura el tile del mapa
04808   5BF9 62          		ld	h, d
04809   5BFA 6B          		ld	l, e		; Recupe puntero a los datos del cuchillo (status)
04810   5BFB 78          		ld	a, b		; Tile del mapa
04811   5BFC CD 75 5D    		call	getTileFromID	; Obtiene patron que le	corresponde al tile
04812   5BFF C3 11 5C    		jp	drawTile	; Lo dibuja en pantalla
04813   5C02             
04814   5C02             
04815   5C02             ;----------------------------------------------------
04816   5C02             ; Obtiene las coordenadas del elemento y comprueba si esta en la misma habitacion que el prota
04817   5C02             ; In: HL = Puntero a Y,	X, habitacion
04818   5C02             ; Out:
04819   5C02             ;    Z = Esta en la habitacion del prota
04820   5C02             ;    D = Y
04821   5C02             ;    E = X
04822   5C02             ;----------------------------------------------------
04823   5C02             
04824   5C02             getLocationDE:
04825   5C02 23          		inc	hl
04826   5C03             
04827   5C03             getLocationDE2:
04828   5C03 23          		inc	hl
04829   5C04             
04830   5C04             getLocationDE3:
04831   5C04 56          		ld	d, (hl)		; Y
04832   5C05 23          		inc	hl
04833   5C06 23          		inc	hl
04834   5C07 5E          		ld	e, (hl)		; X
04835   5C08 23          		inc	hl
04836   5C09 47          		ld	b, a
04837   5C0A 4E          		ld	c, (hl)		; Habitacion
04838   5C0B 3A 3A E1    		ld	a, (ProtaRoom)	; Parte	alta de	la coordenada X. Indica	la habitacion de la piramide
04839   5C0E B9          		cp	c		; Esta en la misma pantalla que	el prota?
04840   5C0F 78          		ld	a, b
04841   5C10 C9          		ret
04842   5C11             
04843   5C11             
04844   5C11             ;----------------------------------------------------
04845   5C11             ; Dibuja un cuchillo
04846   5C11             ; In: HL = Puntero a status, sentido, Y, X, habitacion
04847   5C11             ;----------------------------------------------------
04848   5C11             
04849   5C11             drawTile:
04850   5C11 CD 02 5C    		call	getLocationDE
04851   5C14 C0          		ret	nz		; No esta en la	habitacion visible
04852   5C15             
04853   5C15 CD 28 5B    		call	coordVRAM_DE	; Pasa coordenadas en DE a direccion de	VRAM
04854   5C18             	IF	(VERSION2)
04855   5C18 CD 4D 00    		call	WRTVRM
04856   5C1B 06 01       		ld	b,1
04857   5C1D 05          		dec	b
04858   5C1E C9          		ret
04859   5C1F             	ELSE
04860   5C1F~            		jp	WRTVRM		; Escribe un dato en la	VRAM
04861   5C1F             	ENDIF
04862   5C1F             
04863   5C1F             ;----------------------------------------------------
04864   5C1F             ;
04865   5C1F             ; Comprueba si el prota	coge una gema
04866   5C1F             ;
04867   5C1F             ;----------------------------------------------------
04868   5C1F             
04869   5C1F             chkCogeGema:
04870   5C1F AF          		xor	a
04871   5C20 32 F4 E1    		ld	(ElemEnProceso), a ; Empezamos por la primera gema
04872   5C23             
04873   5C23             chkCogeGema2:
04874   5C23 AF          		xor	a
04875   5C24 CD B5 65    		call	getGemaDat	; Puntero a los	datos de la gema
04876   5C27 CD 02 5C    		call	getLocationDE	; Esta en la pantalla del prota?
04877   5C2A 20 1B       		jr	nz, chkCogeGema3
04878   5C2C             
04879   5C2C E6 0F       		and	0Fh		; A = Color de la gema
04880   5C2E 28 17       		jr	z, chkCogeGema3	; Color	0
04881   5C30             
04882   5C30 CD FA 5C    		call	chkAreaItem	; Comprueba si el prota	esta tocando la	gema
04883   5C33 30 12       		jr	nc, chkCogeGema3 ; No
04884   5C35             
04885   5C35 11 00 05    		ld	de, 500h
04886   5C38 CD 12 44    		call	SumaPuntos	; Suma 500 puntos
04887   5C3B             
04888   5C3B 3E 09       		ld	a, 9		; SFX coger gema
04889   5C3D CD A9 7A    		call	setMusic
04890   5C40             
04891   5C40 3E 01       		ld	a, 1		; Offset status
04892   5C42 CD B5 65    		call	getGemaDat
04893   5C45 36 02       		ld	(hl), 2		; Status = Gema	cogida.	Hay que	borrarla
04894   5C47             
04895   5C47             chkCogeGema3:
04896   5C47             	IF	(VERSION2)
04897   5C47 CD AD 65    		call	chkLastGema2
04898   5C4A 20 D7       		jr	nz,chkCogeGema2
04899   5C4C C9          		ret
04900   5C4D             	ELSE
04901   5C4D~            		ld	hl, ElemEnProceso ; Usado para saber la	gema o puerta que se esta procesando
04902   5C4D~            		inc	(hl)		; Siguiente gema
04903   5C4D~            		ld	a, (hl)
04904   5C4D~            		dec	hl		; Puntero a gemas totales en la	piramide
04905   5C4D~            		cp	(hl)		; Quedan gemas por comprobar?
04906   5C4D~            		jr	nz, chkCogeGema2
04907   5C4D~            		ret
04908   5C4D             	ENDIF
04909   5C4D             ;----------------------------------------------------
04910   5C4D             ; Offset X al centro del objeto, ancho area a comprobar	(ancho prota)
04911   5C4D             ; Offset Y al centro del objeto, alto area (parte superior del prota)
04912   5C4D             ; Para colisiones con objetos se comprueba la parte superior del prota
04913   5C4D             ; con el centro	superior del objeto
04914   5C4D             ;----------------------------------------------------
04915   5C4D 05 11       itemHitArea:	db 5, 11h
04916   5C4F 01 09       		db 1, 9
04917   5C51             
04918   5C51             
04919   5C51             ;----------------------------------------------------
04920   5C51             ; Comprueba si el prota	coge un	pico
04921   5C51             ;----------------------------------------------------
04922   5C51             
04923   5C51             chkCogePico:
04924   5C51 3A 44 E1    		ld	a, (objetoCogido) ; #10	= Cuchillo, #20	= Pico
04925   5C54 A7          		and	a
04926   5C55 C0          		ret	nz		; Ya lleva algo
04927   5C56             
04928   5C56             
04929   5C56 21 CB E2    		ld	hl, numPicos
04930   5C59 7E          		ld	a, (hl)
04931   5C5A B7          		or	a
04932   5C5B C8          		ret	z		; No hay picos
04933   5C5C             
04934   5C5C AF          		xor	a
04935   5C5D 32 F4 E1    		ld	(ElemEnProceso), a ; Comienza a	comprobar desde	el primer pico
04936   5C60             
04937   5C60             	IF	(!VERSION2)
04938   5C60~            		inc	hl		; (!?) No se usa!
04939   5C60             	ENDIF
04940   5C60             
04941   5C60             chkNextPico:
04942   5C60 AF          		xor	a
04943   5C61 CD 9E 5C    		call	getPicoData	; Obtiene puntero a los	datos del pico
04944   5C64 CD 03 5C    		call	getLocationDE2	; Comprueba si esta en la misma	habitacionq ue el prota
04945   5C67 20 2A       		jr	nz, chkLastPico	; No, pasa al siguiente	pico
04946   5C69             
04947   5C69 A7          		and	a		; Esta activo o	ya ha sido cogido?
04948   5C6A 28 27       		jr	z, chkLastPico	; No esta activo. Pasa al siguiente
04949   5C6C             
04950   5C6C CD FA 5C    		call	chkAreaItem	; Comprueba si el prota	toca el	pico
04951   5C6F 30 22       		jr	nc, chkLastPico	; No, pasa al siguiente
04952   5C71             
04953   5C71 3E 04       		ld	a, 4		; SFX Coger objeto
04954   5C73 CD A9 7A    		call	setMusic
04955   5C76             
04956   5C76 AF          		xor	a
04957   5C77 CD 9E 5C    		call	getPicoData	; Puntero a los	datos del pico
04958   5C7A             
04959   5C7A 36 00       		ld	(hl), 0		; Marca	pico como usado	(lo desactiva)
04960   5C7C E5          		push	hl
04961   5C7D 23          		inc	hl		; Apunta a la Y
04962   5C7E CD D6 50    		call	getMapOffset00	; Obtiene en HL	el puntero al mapa de las coodenadas apuntada por HL
04963   5C81             
04964   5C81 AF          		xor	a
04965   5C82 77          		ld	(hl), a		; Borra	el pico	del mapa
04966   5C83 E1          		pop	hl
04967   5C84 2B          		dec	hl
04968   5C85 CD 11 5C    		call	drawTile	; Borra	el pico	de la pantalla
04969   5C88             
04970   5C88 3A F4 E1    		ld	a, (ElemEnProceso) ; Usado para	saber la gema o	puerta que se esta procesando
04971   5C8B 32 CA E2    		ld	(idxPicoCogido), a ; Indice del	pico cogido por	el prota
04972   5C8E 3E 20       		ld	a, 20h		; Pico
04973   5C90 C3 BB 4E    		jp	cogeObjeto	; Carga	los sprites del	prota llevando el pico
04974   5C93             
04975   5C93             chkLastPico:
04976   5C93 21 F4 E1    		ld	hl, ElemEnProceso ; Usado para saber la	gema o puerta que se esta procesando
04977   5C96 34          		inc	(hl)
04978   5C97 3A CB E2    		ld	a, (numPicos)
04979   5C9A BE          		cp	(hl)
04980   5C9B 20 C3       		jr	nz, chkNextPico
04981   5C9D C9          		ret
04982   5C9E             
04983   5C9E             ;----------------------------------------------------
04984   5C9E             ; Obtiene un puntero a los datos del pico en proceso
04985   5C9E             ;----------------------------------------------------
04986   5C9E             
04987   5C9E             getPicoData:
04988   5C9E 3A F4 E1    		ld	a, (ElemEnProceso) ; Usado para	saber la gema o	puerta que se esta procesando
04989   5CA1 21 CC E2    		ld	hl, picosData	; Datos	de los picos
04990   5CA4 47          		ld	b, a
04991   5CA5 C3 C0 65    		jp	getIndexX4_masB
04992   5CA8             
04993   5CA8             
04994   5CA8             ;----------------------------------------------------
04995   5CA8             ; Comprueba si el prota	toca a una momia
04996   5CA8             ; La momia tiene que estar viva	y en un	estado activo
04997   5CA8             ; Si el	prota o	la momia esta en una escalera, ambos tendran que estar en escaleras para que se	compruebe la colision
04998   5CA8             ;----------------------------------------------------
04999   5CA8             
05000   5CA8             chkTocaMomia:
05001   5CA8 0E 00       		ld	c, 0		; Comienza por la primera momia
05002   5CAA             
05003   5CAA             chkNextMomia:
05004   5CAA 79          		ld	a, c
05005   5CAB CD DF 73    		call	getMomiaDat	; Obtiene puntero a los	datos de la momia
05006   5CAE 2A 62 E1    		ld	hl, (pMomiaProceso) ; Puntero a	los datos de la	momia en proceso
05007   5CB1 7E          		ld	a, (hl)
05008   5CB2 FE 04       		cp	4		; Esta andando,	saltando, cayendo o en unas escaleras?
05009   5CB4 38 04       		jr	c, chkTocaMomia2 ; Si
05010   5CB6             
05011   5CB6 FE 07       		cp	7		; Esta pensando?
05012   5CB8 20 27       		jr	nz, chkLastACTOR_ ; No,	pasa a la siguiete momia
05013   5CBA             
05014   5CBA             chkTocaMomia2:
05015   5CBA 3A 34 E1    		ld	a, (protaStatus) ; Status del prota
05016   5CBD 47          		ld	b, a
05017   5CBE FE 03       		cp	3		; Esta en unas escaleras?
05018   5CC0 28 05       		jr	z, chkTocaMomia3 ; si
05019   5CC2             
05020   5CC2 7E          		ld	a, (hl)		; Status de la momia
05021   5CC3 FE 03       		cp	3		; Esta la momia	en unas	escaleras?
05022   5CC5 20 04       		jr	nz, chkTocaMomia4 ; No
05023   5CC7             
05024   5CC7             chkTocaMomia3:
05025   5CC7 78          		ld	a, b
05026   5CC8 BE          		cp	(hl)		; Estan	ambos en unas escaleras?
05027   5CC9 20 16       		jr	nz, chkLastACTOR_ ; No,	entonces no se comprueba si se tocan
05028   5CCB             
05029   5CCB             chkTocaMomia4:
05030   5CCB 3A 3A E1    		ld	a, (ProtaRoom)	; Habitacion en	la que esta el prota
05031   5CCE DD BE 06    		cp	(ix+ACTOR_ROOM)	; Habitacion en	la que esta la momia
05032   5CD1 20 0E       		jr	nz, chkLastACTOR_ ; No estan en	la misma habitacion
05033   5CD3             
05034   5CD3 DD 56 03    		ld	d, (ix+ACTOR_Y)	; Y momia
05035   5CD6 DD 5E 05    		ld	e, (ix+ACTOR_X)	; X momia
05036   5CD9 21 F6 5C    		ld	hl, mummyHitArea
05037   5CDC CD FD 5C    		call	chkTocaProta	; Comprueba si el prota	toca a la momia
05038   5CDF 38 0B       		jr	c, momiaMataProta ; Si,	se tocan. El prota muere
05039   5CE1             
05040   5CE1             chkLastACTOR_:
05041   5CE1 0C          		inc	c		; Siguiente momia
05042   5CE2 21 64 E1    		ld	hl, numMomias	; Numero de momias de la piramide
05043   5CE5 79          		ld	a, c
05044   5CE6 BE          		cp	(hl)		; Ha comprobado	todas las momias?
05045   5CE7 C2 AA 5C    		jp	nz, chkNextMomia ; No
05046   5CEA             
05047   5CEA A7          		and	a
05048   5CEB C9          		ret
05049   5CEC             
05050   5CEC             momiaMataProta:
05051   5CEC 3E 1D       		ld	a, 1Dh		; Musica muere prota
05052   5CEE CD A9 7A    		call	setMusic
05053   5CF1 AF          		xor	a
05054   5CF2 32 53 E0    		ld	(flagVivo), a	; Mata al prota
05055   5CF5 C9          		ret
05056   5CF6             
05057   5CF6             
05058   5CF6             ;----------------------------------------------------
05059   5CF6             ; Offset X al centro de	la momia, ancho	del area a comprobar (ancho prota)
05060   5CF6             ; Offset Y al centro de	la momia, alto del area	(alto prota)
05061   5CF6             ; Para colisiones con momias se	comprueba el area total	del prota
05062   5CF6             ; con el centro	de la momia
05063   5CF6             ;----------------------------------------------------
05064   5CF6 05 0A       mummyHitArea:	db 5, 0Ah
05065   5CF8 08 10       		db 8, 10h
05066   5CFA             
05067   5CFA             
05068   5CFA             ;----------------------------------------------------
05069   5CFA             ; Comprueba si el prota	esta tocando las coordenadas
05070   5CFA             ; del objeto DE
05071   5CFA             ;----------------------------------------------------
05072   5CFA             
05073   5CFA             chkAreaItem:
05074   5CFA 21 4D 5C    		ld	hl, itemHitArea
05075   5CFD             
05076   5CFD             chkTocaProta:
05077   5CFD C5          		push	bc
05078   5CFE 3A 37 E1    		ld	a, (ProtaY)
05079   5D01 4F          		ld	c, a
05080   5D02 3A 39 E1    		ld	a, (ProtaX)
05081   5D05 47          		ld	b, a
05082   5D06 CD 0B 5D    		call	chkArea
05083   5D09 C1          		pop	bc
05084   5D0A C9          		ret
05085   5D0B             
05086   5D0B             ;----------------------------------------------------
05087   5D0B             ; Comprueba si las coordendas DE estan dentro de una
05088   5D0B             ; determinada area
05089   5D0B             ;
05090   5D0B             ; DE indica las	coordenadas del	punto a	comprobar
05091   5D0B             ; E = X	punto
05092   5D0B             ; D = Y	punto
05093   5D0B             ; A DE se le aplica un desplazamiento para indicar que
05094   5D0B             ; punto	exacto del elemento se quiere comprobar	(por ejemplo el	centro de una momia)
05095   5D0B             ;
05096   5D0B             ; BC incia las coordenadas del area a comprobar
05097   5D0B             ; B = X	area
05098   5D0B             ; C = Y	area
05099   5D0B             ; El Tamaño del	area viene indicado por	HL+1 y HL+3
05100   5D0B             
05101   5D0B             ; HL:
05102   5D0B             ; +0 = Offset X1
05103   5D0B             ; +1 = Ancho area
05104   5D0B             ; +2 = Offset Y1
05105   5D0B             ; +3 = Alto area
05106   5D0B             ;
05107   5D0B             ;----------------------------------------------------
05108   5D0B             
05109   5D0B             chkArea:
05110   5D0B 78          		ld	a, b		; X area
05111   5D0C 93          		sub	e		; X punto
05112   5D0D 96          		sub	(hl)		; Offset X del punto
05113   5D0E 23          		inc	hl
05114   5D0F 86          		add	a, (hl)		; Ancho	del area
05115   5D10 30 06       		jr	nc, chkArea2	; No esta dentro
05116   5D12             
05117   5D12 79          		ld	a, c		; Y area
05118   5D13 92          		sub	d		; Y punto
05119   5D14 23          		inc	hl
05120   5D15 96          		sub	(hl)		; Offset Y del punto
05121   5D16 23          		inc	hl
05122   5D17 86          		add	a, (hl)		; Alto del area
05123   5D18             
05124   5D18             chkArea2:
05125   5D18 C9          		ret
05126   5D19             
05127   5D19             ;----------------------------------------------------
05128   5D19             ;
05129   5D19             ; Mueve	el scroll 4 posiciones dependiendo del sentido del protagonista
05130   5D19             ;
05131   5D19             ; Si ha	movido una pantalla completa o cambia el 'flagScrolling' termina.
05132   5D19             ;
05133   5D19             ;----------------------------------------------------
05134   5D19             
05135   5D19             tickScroll:
05136   5D19 21 04 E0    		ld	hl, waitCounter
05137   5D1C             	IF	(VERSION2)
05138   5D1C 7E          		ld	a,(hl)
05139   5D1D D6 04       		sub	4
05140   5D1F 77          		ld	(hl),a
05141   5D20             	ELSE
05142   5D20~            		dec	(hl)
05143   5D20~            		dec	(hl)
05144   5D20~            		dec	(hl)
05145   5D20~            		dec	(hl)		; Mueve	el scroll 4 posiciones
05146   5D20~            		ld	a, (hl)
05147   5D20             	ENDIF
05148   5D20 FE FC       		cp	0FCh
05149   5D22 C8          		ret	z		; Ha llegado al	final
05150   5D23             
05151   5D23 3A 36 E1    		ld	a, (sentidoProta) ; 1 =	Izquierda, 2 = Derecha
05152   5D26 1F          		rra
05153   5D27 7E          		ld	a, (hl)
05154   5D28 38 04       		jr	c, tickScroll2
05155   5D2A D6 20       		sub	20h
05156   5D2C ED 44       		neg
05157   5D2E             
05158   5D2E             tickScroll2:
05159   5D2E CD 38 5D    		call	tickScroll3
05160   5D31 3A 47 E1    		ld	a, (flagScrolling)
05161   5D34 A7          		and	a
05162   5D35 C8          		ret	z
05163   5D36 37          		scf
05164   5D37 C9          		ret
05165   5D38             
05166   5D38             tickScroll3:
05167   5D38 47          		ld	b, a		; Desplazamiento relativo a la habitacion actual
05168   5D39 21 3A E1    		ld	hl, ProtaRoom	; Parte	alta de	la coordenada X. Indica	la habitacion de la piramide
05169   5D3C 3A 36 E1    		ld	a, (sentidoProta) ; 1 =	Izquierda, 2 = Derecha
05170   5D3F FE 03       		cp	3
05171   5D41 20 02       		jr	nz, tickScroll4
05172   5D43 3E 01       		ld	a, 1
05173   5D45             
05174   5D45             tickScroll4:
05175   5D45 86          		add	a, (hl)
05176   5D46 FE 03       		cp	3
05177   5D48 3E 20       		ld	a, 20h
05178   5D4A 28 01       		jr	z, tickScroll5
05179   5D4C AF          		xor	a
05180   5D4D             
05181   5D4D             tickScroll5:
05182   5D4D 80          		add	a, b
05183   5D4E 11 60 E7    		ld	de, MapaRAM
05184   5D51 CD 15 40    		call	ADD_A_DE	; Aplica desplazamiento
05185   5D54             
05186   5D54             
05187   5D54             ;----------------------------------------------------
05188   5D54             ; Dibuja la habitacion actual
05189   5D54             ; In:
05190   5D54             ;  DE =	Puntero	al mapa	de la habitacion
05191   5D54             ;----------------------------------------------------
05192   5D54             
05193   5D54             drawRoom:
05194   5D54 21 20 38    		ld	hl, 3820h	; Segunda fila de la pantalla (la primera esta reservada para el marcador)
05195   5D57 CD 36 45    		call	setVDPWrite
05196   5D5A 06 16       		ld	b, 16h		; Numero de filas (alto	en tiles)
05197   5D5C             
05198   5D5C             drawRoom2:
05199   5D5C C5          		push	bc
05200   5D5D D5          		push	de
05201   5D5E 06 20       		ld	b, 20h		; Numero de columnas (ancho en tiles)
05202   5D60             
05203   5D60             drawRoom3:
05204   5D60 1A          		ld	a, (de)		; ID tile
05205   5D61 CD 75 5D    		call	getTileFromID
05206   5D64 D9          		exx
05207   5D65 ED 79       		out	(c), a
05208   5D67 D9          		exx
05209   5D68 13          		inc	de
05210   5D69 10 F5       		djnz	drawRoom3
05211   5D6B             
05212   5D6B D1          		pop	de
05213   5D6C 3E 60       		ld	a, 60h		; Desplazamiento a la siguiente	fila (3*32)
05214   5D6E CD 15 40    		call	ADD_A_DE
05215   5D71 C1          		pop	bc
05216   5D72 10 E8       		djnz	drawRoom2	; Dibuja siguiente fila
05217   5D74 C9          		ret
05218   5D75             
05219   5D75             ;----------------------------------------------------
05220   5D75             ;
05221   5D75             ; Obtiene el patron/tile que corresponde al "ID" del mapa
05222   5D75             ; In:  A = Map ID
05223   5D75             ; Out: A = Tile	ID
05224   5D75             ;
05225   5D75             ;----------------------------------------------------
05226   5D75             
05227   5D75             getTileFromID:
05228   5D75 E5          		push	hl
05229   5D76 4F          		ld	c, a
05230   5D77 1F          		rra
05231   5D78 1F          		rra
05232   5D79 1F          		rra
05233   5D7A E6 1E       		and	1Eh		; El nibble alto indica	el grupo de tiles
05234   5D7C 21 8B 5D    		ld	hl, indexTiles
05235   5D7F CD 49 6D    		call	getIndexHL_A
05236   5D82 79          		ld	a, c
05237   5D83 E6 0F       		and	0Fh		; El nibble bajo indica	el indice dentro del grupo
05238   5D85 CD 10 40    		call	ADD_A_HL
05239   5D88 7E          		ld	a, (hl)		; Obtiene el patron que	corresponde con	ese ID del mapa
05240   5D89 E1          		pop	hl
05241   5D8A C9          		ret
05242   5D8B             
05243   5D8B             
05244   5D8B             
05245   5D8B 9F 5D       indexTiles:	dw tilesNULL
05246   5D8D A1 5D       		dw tilesPlataforma	; #10
05247   5D8F AF 5D       		dw tilesEscalera	; #20
05248   5D91 B3 5D       		dw tilesCuchillo	; #30
05249   5D93 B6 5D       		dw tilesGemas		; #40
05250   5D95 BF 5D       		dw tilesGiratoria	; #50
05251   5D97 C3 5D       		dw tilesSalida		; #60
05252   5D99 D3 5D       		dw tilesSalida2		; #70
05253   5D9B DD 5D       		dw tilePico		; #80
05254   5D9D             	
05255   5D9D             	IF	(!VERSION2)
05256   5D9D~            		dw byte_5DC3		; #90 (!?) Estos bloques no se usan!
05257   5D9D~            		dw byte_5DC4		; #A0
05258   5D9D~            		dw byte_5DC6		; #B0
05259   5D9D~            		dw byte_5DC7		; #C0
05260   5D9D             	ENDIF
05261   5D9D DE 5D       		dw tilesAgujero		; #D0
05262   5D9F             
05263   5D9F 00          tilesNULL:	db    0
05264   5DA0 00          		db    0
05265   5DA1             
05266   5DA1 00          tilesPlataforma:db    0
05267   5DA2 00          		db    0			; Vacio
05268   5DA3 40          		db 40h
05269   5DA4 40          		db 40h			; Ladrillo
05270   5DA5 41          		db 41h			; Limite inferior
05271   5DA6 73          		db 73h			; Inicio de escalera que baja hacia la derecha (parte izquierda)
05272   5DA7 74          		db 74h			; Inicio de escalera que baja hacia la derecha (Parte derecha)
05273   5DA8 83          		db 83h			; Inicio de escalera que baja hacia la izquierda (parte	derecha)
05274   5DA9 82          		db 82h			; Inicio de escalera que baja hacia la izquierda (parte	izquierda)
05275   5DAA 40          		db 40h			; Ladrillo completo muro trampa
05276   5DAB 42          		db 42h			; Ladrillo simple muro trampa
05277   5DAC 43          		db 43h			; Ladrillo semiroto 1
05278   5DAD 44          		db 44h			; Ladrillo semiroto 2
05279   5DAE 44          		db 44h
05280   5DAF             
05281   5DAF             
05282   5DAF 75          tilesEscalera:	db 75h
05283   5DB0 76          		db 76h			; Peldaños bajan derecha
05284   5DB1 85          		db 85h
05285   5DB2 84          		db 84h			; Peldaños bajan izquierda
05286   5DB3             
05287   5DB3             
05288   5DB3 4B          tilesCuchillo:	db 4Bh
05289   5DB4 4B          		db 4Bh
05290   5DB5 4B          		db 4Bh			; Cuchillo suelo
05291   5DB6             
05292   5DB6             
05293   5DB6 51          tilesGemas:	db 51h
05294   5DB7             					; Brillo superior
05295   5DB7 52          		db 52h			; Brillo gema izquierda
05296   5DB8 53          		db 53h			; Brillo gema derecha
05297   5DB9 86          		db 86h			; Gema azul oscuro
05298   5DBA 87          		db 87h			; Gema azul claro
05299   5DBB 88          		db 88h			; Gema magenta
05300   5DBC 89          		db 89h			; Gema amarilla
05301   5DBD 8A          		db 8Ah			; Gema verde
05302   5DBE 8B          		db 8Bh			; Gema gris
05303   5DBF             
05304   5DBF             
05305   5DBF 68          tilesGiratoria:	db 68h
05306   5DC0 69          		db 69h			; Puerta giratoria izquierda->derecha
05307   5DC1 78          		db 78h
05308   5DC2 77          		db 77h			; Puerta giratoria derecha->izquierda
05309   5DC3             
05310   5DC3             
05311   5DC3 6C          tilesSalida:	db 6Ch
05312   5DC4 7B          		db 7Bh
05313   5DC5 6D          		db 6Dh
05314   5DC6 7C          		db 7Ch
05315   5DC7 6E          		db 6Eh
05316   5DC8 7D          		db 7Dh
05317   5DC9 63          		db 63h			; Interior superior amarillo salida 1
05318   5DCA 64          		db 64h			; Interior superior amarillo salida 2
05319   5DCB 65          		db 65h
05320   5DCC 66          		db 66h
05321   5DCD 67          		db 67h			; Escaleras
05322   5DCE 6F          		db 6Fh			; Ladrillos cerrandose
05323   5DCF 5F          		db 5Fh
05324   5DD0 60          		db 60h
05325   5DD1 7E          		db 7Eh
05326   5DD2 70          		db 70h
05327   5DD3             
05328   5DD3             
05329   5DD3 71          tilesSalida2:	db 71h
05330   5DD4 80          		db 80h
05331   5DD5 7F          		db 7Fh
05332   5DD6 72          		db 72h
05333   5DD7 61          		db 61h
05334   5DD8 62          		db 62h
05335   5DD9 81          		db 81h
05336   5DDA 5C          		db 5Ch			; Palanca abajo
05337   5DDB 5D          		db 5Dh			; Palanca arriba
05338   5DDC 5E          		db 5Eh			; Parte	inferior palanca
05339   5DDD             
05340   5DDD 4C          tilePico:	db 4Ch
05341   5DDE             
05342   5DDE             	IF	(VERSION2)
05343   5DDE 4E          tilesAgujero:	db	#4e	
05344   5DDF             	ELSE
05345   5DDF~            	
05346   5DDF~            byte_5DC3:	db 4Eh
05347   5DDF~            
05348   5DDF~            byte_5DC4:	db 4Fh
05349   5DDF~            		db 50h
05350   5DDF~            
05351   5DDF~            byte_5DC6:	db 0
05352   5DDF~            
05353   5DDF~            byte_5DC7:	db 0
05354   5DDF~            
05355   5DDF~            tilesAgujero:	db 43h
05356   5DDF~            		db 44h			; Ladrillo semiroto2
05357   5DDF             	ENDIF
05358   5DDF             
05359   5DDF             
05360   5DDF             halfMap1:	db 0C0h, 0, 80h, 0, 80h, 0, 81h, 0FFh, 0FFh, 0,	80h, 0,	80h, 0,	0FFh, 0C0h, 80h, 0, 80h, 0, 80h, 0, 9Fh, 0FFh, 80h, 0, 80h, 0, 80h, 0, 80h, 0, 8Fh, 0F0h, 80h, 3, 80h, 0, 0F0h,	0, 0FCh, 0, 0FFh, 0FFh
05360   5DDF C0008000800081FFFF0080008000FFC08000800080009FFF8000800080008000
05360   5DFF 8FF080038000F000FC00FFFF
05361   5E0B             		db 0C0h, 0, 80h, 0, 80h, 0, 0FFh, 0FFh,	0C0h, 0, 0C0h, 0, 0C0h,	0FFh, 0F8h, 0FFh, 80h, 0Fh, 80h, 0Fh, 80h, 0F1h, 80h, 0F1h, 80h, 0Fh, 80h, 0Fh,	80h, 0FFh, 80h,	0FFh, 80h, 0F8h, 0FCh, 0F8h, 80h, 0FFh,	80h, 0,	80h, 0,	80h, 0
05361   5E0B C00080008000FFFFC000C000C0FFF8FF800F800F80F180F1800F800F80FF80FF
05361   5E2B 80F8FCF880FF800080008000
05362   5E37             		db 0C0h, 0, 80h, 0, 80h, 0, 0FFh, 0F8h,	80h, 0,	80h, 0,	0FCh, 0, 80h, 0, 80h, 0FFh, 80h, 0FFh, 0FFh, 0FFh, 80h,	0FFh, 80h, 0F0h, 80h, 0F0h, 0FFh, 0FFh,	80h, 0,	80h, 0,	80h, 0,	0FFh, 0FFh, 80h, 0, 80h, 0, 80h, 0
05362   5E37 C00080008000FFF880008000FC00800080FF80FFFFFF80FF80F080F0FFFF8000
05362   5E57 80008000FFFF800080008000
05363   5E63             		db 0C0h, 0, 80h, 0, 80h, 0, 0FFh, 0FFh,	0C0h, 0, 0C0h, 0, 0C0h,	0, 0FFh, 0F0h, 80h, 0, 80h, 0, 0F0h, 0,	80h, 0,	80h, 0,	80h, 0,	0FFh, 0FFh, 0FFh, 80h, 80h, 80h, 80h, 80h, 9Ch,	0FFh, 80h, 0, 80h, 0, 0F0h, 0
05363   5E63 C00080008000FFFFC000C000C000FFF080008000F000800080008000FFFFFF80
05363   5E83 808080809CFF80008000F000
05364   5E8F             
05365   5E8F             halfMap2:	db 0, 0, 0, 0, 0, 0, 0FFh, 0C0h, 0, 0, 0, 0Fh, 0FEh, 0,	0C0h, 0, 0C0h, 0, 0FFh,	0FFh, 0, 0, 0, 0, 0, 0,	0, 0, 0FFh, 0F0h, 0, 0,	0, 0, 0Fh, 0FFh, 0, 0, 0, 0, 0,	0, 0Fh,	0FFh
05365   5E8F 000000000000FFC00000000FFE00C000C000FFFF0000000000000000FFF00000
05365   5EAF 00000FFF0000000000000FFF
05366   5EBB             		db 0, 0, 0, 0, 0, 0, 0FFh, 0, 3, 0C0h, 3, 0FFh,	0, 80h,	0, 80h,	0F0h, 80h, 0F0h, 0FFh, 0F0h, 0,	0F0h, 0, 0F0h, 0, 0F3h,	0F0h, 0F0h, 0, 0, 0, 0,	0, 0, 1Fh, 0FFh, 80h, 0, 0, 0, 0, 1, 0FFh
05366   5EBB 000000000000FF0003C003FF00800080F080F0FFF000F000F000F3F0F0000000
05366   5EDB 0000001FFF800000000001FF
05367   5EE7             		db 0, 0, 0, 0, 0, 0, 0,	0, 0, 0, 3, 0FFh, 0FCh,	0, 0FCh, 0, 0FCh, 0, 0FCh, 0FFh, 0, 0FCh, 0, 0FCh, 0FCh, 0FCh, 0FCh, 0FCh, 0FCh, 0, 0FCh, 0, 0,	0, 0, 7Fh, 0FFh, 0C0h, 0, 0, 0,	0, 0, 0Fh
05367   5EE7 0000000000000000000003FFFC00FC00FC00FCFF00FC00FCFCFCFCFCFC00FC00
05367   5F07 0000007FFFC000000000000F
05368   5F13             
05369   5F13             halfMap3:	db 0, 0, 0, 0, 0, 0, 0,	0, 0, 0, 0FFh, 0FCh, 0,	0, 0, 0, 0, 0, 0FFh, 0FFh, 0, 0, 0, 0, 3Ch, 0Fh, 0, 3Fh, 0, 0FFh, 3, 0F1h, 0Fh,	0F1h, 0FFh, 0FFh, 0, 0,	0, 0, 0, 0, 0FFh, 0FFh
05369   5F13 00000000000000000000FFFC000000000000FFFF000000003C0F003F00FF03F1
05369   5F33 0FF1FFFF000000000000FFFF
05370   5F3F             		db 0, 0, 0, 0, 0, 0, 0,	0Fh, 0,	0F0h, 0FFh, 0, 0, 0, 0,	1Fh, 1,	0F8h, 0FFh, 0F8h, 0Fh, 0FFh, 0Ch, 0, 0Ch, 0, 0Ch, 0, 0Fh, 0FFh,	3, 0FFh, 0, 3, 0F0h, 3,	3, 0F0h, 0, 0, 0, 0, 0FFh, 0FFh
05370   5F3F 000000000000000F00F0FF000000001F01F8FFF80FFF0C000C000C000FFF03FF
05370   5F5F 0003F00303F000000000FFFF
05371   5F6B             		db 0, 0, 0, 0, 0, 0, 1,	0FFh, 1, 0, 0FFh, 0, 0,	1Fh, 0,	0, 0, 0, 0F0h, 0, 3, 0FFh, 0, 0, 0, 0, 0, 0, 7,	0FFh, 0, 0, 0, 0, 0FCh,	0, 0, 0FFh, 0, 0, 0, 0,	0FFh, 0F8h
05371   5F6B 00000000000001FF0100FF00001F00000000F00003FF00000000000007FF0000
05371   5F8B 0000FC0000FF00000000FFF8
05372   5F97             
05373   5F97             halfMap4:	db 0, 3, 0, 1, 0, 1, 0,	1, 7, 0FFh, 0, 1, 0, 1,	0, 1, 0, 1, 0FFh, 0FFh,	0, 1, 0, 1, 0, 1, 0, 1,	0, 1, 0, 1, 0, 1, 0FFh,	0FFh, 0, 1, 0, 1, 0, 1,	0FFh, 0FFh
05373   5F97 000300010001000107FF0001000100010001FFFF000100010001000100010001
05373   5FB7 0001FFFF000100010001FFFF
05374   5FC3             		db 0, 3, 0, 1, 0, 1, 0FFh, 0FFh, 0, 1, 0, 1, 0FFh, 0F1h, 0, 1, 0, 1, 0,	1, 0FFh, 0FFh, 0, 1, 0,	1, 0, 1, 0, 1, 0, 1, 3Fh, 0FFh,	0, 1, 0, 1, 0, 1, 0, 1,	0FFh, 0FFh
05374   5FC3 000300010001FFFF00010001FFF1000100010001FFFF00010001000100010001
05374   5FE3 3FFF0001000100010001FFFF
05375   5FEF             		db 0, 3, 0, 1, 0, 1, 0FFh, 0F1h, 0, 21h, 0, 21h, 0FFh, 0F9h, 0,	11h, 0,	11h, 0,	11h, 0FFh, 0F1h, 0, 11h, 0, 11h, 0, 11h, 0FFh, 0F1h, 0,	11h, 0,	11h, 0,	11h, 0FFh, 91h,	0, 1Fh,	0, 1Fh,	0, 1Fh
05375   5FEF 000300010001FFF100210021FFF9001100110011FFF1001100110011FFF10011
05375   600F 00110011FF91001F001F001F
05376   601B             		db 0, 3, 0, 1, 0, 1, 0FFh, 81h,	0, 0FFh, 0, 1, 0, 1, 3,	0FFh, 0, 1, 0, 1, 0, 1,	0FFh, 0F9h, 0, 1, 0, 1,	0, 1, 0, 1, 0Fh, 0F1h, 0C0h, 1,	0, 1, 0, 0Fh, 0, 3Fh, 0FFh, 0FFh
05376   601B 000300010001FF8100FF0001000103FF000100010001FFF90001000100010001
05376   603B 0FF1C0010001000F003FFFFF
05377   6047             
05378   6047             ;----------------------------------------------------
05379   6047             ;
05380   6047             ; Mapas: Piramides 1-15
05381   6047             ;
05382   6047             ;----------------------------------------------------
05383   6047             MapStage1:	db 0, 33h, 0FFh, 0FFh, 0FFh, 48h, 78h, 24h, 2, 48h, 48h	; ...
05383   6047 0033FFFFFF487824024848
05384   6052             		db 0, 48h, 0B0h, 2, 4, 70h, 18h, 18h, 31h, 18h,	0E0h, 42h
05384   6052 0048B002047018183118E042
05385   605E             		db 0A0h, 10h, 54h, 78h,	0D0h, 1, 80h, 78h, 0, 0, 0, 8
05385   605E A0105478D001807800000008
05386   606A             		db 30h,	28h, 30h, 0C9h,	50h, 28h, 50h, 0C9h, 78h, 41h
05386   606A 302830C9502850C97841
05387   6074             		db 78h,	0B0h, 0A0h, 50h, 0A0h, 0A1h
05387   6074 78B0A050A0A1
05388   607A             
05389   607A             
05390   607A             
05391   607A             MapStage2:	db 0, 11h, 21h,	30h, 0FFh, 0FFh, 70h, 30h, 18h,	78h, 0D1h
05391   607A 00112130FFFF70301878D1
05392   6085             		db 34h,	3, 18h,	0D0h, 0, 30h, 88h, 4, 60h, 61h,	1, 5, 55h
05392   6085 340318D0003088046061010555
05393   6092             		db 50h,	90h, 77h, 60h, 0B8h, 88h, 18h, 49h, 69h, 30h, 61h
05393   6092 50907760B8881849693061
05394   609D             		db 43h,	68h, 51h, 3, 10h, 38h, 0A0h, 0C0h, 18h,	0D1h, 7
05394   609D 436851031038A0C018D107
05395   60A8             		db 10h,	0B8h, 40h, 18h,	40h, 0C8h, 80h,	70h, 90h, 8, 48h
05395   60A8 10B8401840C88070900848
05396   60B3             		db 69h,	90h, 0D1h, 2, 2, 20h, 76h, 2, 28h, 46h,	2, 78h
05396   60B3 6990D1020220760228460278
05397   60BF             		db 79h,	80h, 91h, 0Dh, 30h, 41h, 50h, 30h, 60h,	0D1h, 78h
05397   60BF 7980910D3041503060D178
05398   60CA             		db 51h,	80h, 0E0h, 0A0h, 50h, 0A8h, 91h, 40h, 13h, 40h
05398   60CA 5180E0A050A891401340
05399   60D4             		db 0D2h, 80h, 93h, 0A0h, 22h, 0A0h, 52h, 0A0h, 0B3h
05399   60D4 D28093A022A052A0B3
05400   60DD             
05401   60DD             
05402   60DD             
05403   60DD             MapStage5:	db 2, 30h, 0FFh, 0FFh, 0A0h, 68h, 68h, 78h, 0E0h, 44h
05403   60DD 0230FFFFA0686878E044
05404   60E7             		db 2, 10h, 0B8h, 3, 80h, 38h, 0, 4, 30h, 18h, 0D8h, 87h
05404   60E7 0210B803803800043018D887
05405   60F3             		db 50h,	48h, 79h, 50h, 78h, 48h, 68h, 70h, 1, 0A0h, 80h
05405   60F3 504879507848687001A080
05406   60FE             		db 5, 18h, 0F0h, 38h, 10h, 78h,	10h, 90h, 0E8h,	0A8h, 8
05406   60FE 0518F03810781090E8A808
05407   6109             		db 0, 1, 0A0h, 18h, 0Ah, 28h, 19h, 40h,	99h, 48h, 28h
05407   6109 0001A0180A281940994828
05408   6114             		db 68h,	28h, 80h, 0A9h,	88h, 28h, 88h, 51h, 0A0h, 0A0h
05408   6114 682880A988288851A0A0
05409   611E A0 C9 A8 31 		db 0A0h, 0C9h, 0A8h, 31h
05410   6122             
05411   6122             
05412   6122             
05413   6122             MapStage4:	db 0, 10h, 20h,	30h, 38h, 51h, 38h, 0FFh, 98h, 0D8h, 58h
05413   6122 00102030385138FF98D858
05414   612D             		db 0FFh, 2, 10h, 18h, 0, 78h, 0D9h, 1, 6, 30h, 30h, 10h
05414   612D FF0210180078D90106303010
05415   6139             		db 52h,	80h, 78h, 77h, 98h, 10h, 48h, 18h, 0E1h, 61h, 78h
05415   6139 5280787798104818E16178
05416   6144             		db 51h,	53h, 80h, 69h, 3, 68h, 0B0h, 18h, 0A9h,	80h, 0B9h
05416   6144 515380690368B018A980B9
05417   614F             		db 9, 40h, 38h,	40h, 90h, 50h, 78h, 68h, 28h, 18h, 0F1h
05417   614F 09403840905078682818F1
05418   615A             		db 58h,	29h, 70h, 0B9h,	90h, 11h, 90h, 0E9h, 1,	0, 28h
05418   615A 582970B9901190E9010028
05419   6165             		db 22h,	0, 10h,	28h, 98h, 30h, 41h, 40h, 0D1h, 50h, 50h
05419   6165 2200102898304140D15050
05420   6170             		db 68h,	89h, 78h, 40h, 80h, 0D0h, 0A0h,	48h, 0A8h, 89h
05420   6170 6889784080D0A048A889
05421   617A             		db 40h,	1Bh, 40h, 0ABh,	58h, 1Bh, 58h, 62h, 80h, 9Bh, 0A0h
05421   617A 401B40AB581B5862809BA0
05422   6185 2A A0 CB    		db 2Ah,	0A0h, 0CBh
05423   6188             
05424   6188             
05425   6188             
05426   6188             MapStage3:	db 3, 33h, 0FFh, 0FFh, 60h, 28h, 28h, 48h, 0B0h, 41h, 2	; ...
05426   6188 0333FFFF60282848B04102
05427   6193             		db 8, 90h, 0, 60h, 10h,	2, 5, 34h, 18h,	0D8h, 47h, 50h
05427   6193 089000601002053418D84750
05428   619F             		db 0E0h, 78h, 48h, 10h,	86h, 88h, 58h, 75h, 0A8h, 18h
05428   619F E078481086885875A818
05429   61A9             		db 2, 30h, 0B0h, 78h, 0A0h, 3, 10h, 8, 20h, 10h, 58h, 8
05429   61A9 0230B078A003100820105808
05430   61B5             		db 0, 1, 78h, 80h, 7, 30h, 19h,	30h, 0C9h, 50h,	90h, 50h
05430   61B5 0001788007301930C9509050
05431   61C1             		db 0C9h, 68h, 50h, 78h,	0C8h, 0A0h, 89h
05431   61C1 C9685078C8A089
05432   61C8             
05433   61C8             
05434   61C8             
05435   61C8             MapStage6:	db 2, 11h, 22h,	32h, 0FFh, 0FFh, 80h, 58h, 74h,	80h, 0A1h
05435   61C8 02112232FFFF80587480A1
05436   61D3             		db 54h,	3, 10h,	0C0h, 2, 78h, 0E0h, 1, 40h, 39h, 0, 6
05436   61D3 540310C00278E00140390006
05437   61DF             		db 33h,	20h, 0D8h, 48h,	40h, 0D8h, 56h,	58h, 58h, 70h
05437   61DF 3320D84840D856585870
05438   61E9             		db 68h,	68h, 64h, 28h, 0E1h, 75h, 48h, 91h, 2, 0A8h, 8
05438   61E9 68686428E175489102A808
05439   61F4             		db 68h,	29h, 0Ah, 10h, 8, 38h, 8, 58h, 8, 60h, 78h, 78h
05439   61F4 68290A100838085808607878
05440   6200             		db 30h,	98h, 40h, 58h, 39h, 68h, 0C9h, 90h, 0E1h, 0A8h
05440   6200 309840583968C990E1A8
05441   620A             		db 0E1h, 1, 2, 58h, 7Eh, 2, 0A0h, 18h, 80h, 0A0h, 10h
05441   620A E10102587E02A01880A010
05442   6215             		db 28h,	19h, 38h, 60h, 38h, 71h, 48h, 28h, 60h,	0C1h, 68h
05442   6215 281938603871482860C168
05443   6220             		db 11h,	88h, 11h, 0A0h,	0C9h, 0A8h, 58h, 28h, 6Ah, 48h
05443   6220 118811A0C9A858286A48
05444   622A             		db 0ABh, 68h, 52h, 68h,	0B3h, 88h, 5Ah,	0A0h, 3Bh, 0A8h
05444   622A AB685268B3885AA03BA8
05445   6234 A2          		db 0A2h
05446   6235             
05447   6235             
05448   6235             
05449   6235             MapStage8:	db 0, 12h, 22h,	31h, 0FFh, 0FFh, 0A0h, 98h, 78h, 98h, 0D1h
05449   6235 00122231FFFFA0987898D1
05450   6240             		db 91h,	3, 18h,	0B0h, 4, 98h, 0E0h, 2, 60h, 71h, 0, 5
05450   6240 910318B00498E00260710005
05451   624C             		db 30h,	58h, 0A0h, 45h,	80h, 70h, 57h, 18h, 18h, 79h, 40h
05451   624C 3058A04580705718187940
05452   6257             		db 11h,	83h, 68h, 59h, 4, 10h, 70h, 78h, 58h, 48h, 0B1h
05452   6257 11836859041070785848B1
05453   6262             		db 88h,	41h, 7,	40h, 20h, 40h, 0E0h, 68h, 28h, 20h, 31h
05453   6262 884107402040E068282031
05454   626D             		db 38h,	69h, 38h, 0B1h,	90h, 0B1h, 1, 2, 58h, 36h, 3, 48h
05454   626D 386938B190B1010258360348
05455   6279             		db 50h,	70h, 0A1h, 78h,	21h, 0Ch, 30h, 11h, 50h, 38h, 78h
05455   6279 5070A178210C3011503878
05456   6284             		db 40h,	0A0h, 48h, 0A8h, 0C1h, 28h, 0CAh, 48h, 4Bh, 48h
05456   6284 40A048A8C128CA484B48
05457   628E             		db 93h,	78h, 0E2h, 0A0h, 2Ah, 0A0h, 93h, 0A8h, 6Ah
05457   628E 9378E2A02AA093A86A
05458   6297             
05459   6297             
05460   6297             
05461   6297             MapStage11:	db 3, 32h, 0FFh, 0FFh, 0A0h, 38h, 0C4h,	0A0h, 98h, 0A4h	; ...
05461   6297 0332FFFFA038C4A098A4
05462   62A1             		db 2, 20h, 0A0h, 2, 0A0h, 78h, 3, 5, 52h, 28h, 0E0h, 68h
05462   62A1 0220A002A07803055228E068
05463   62AD             		db 30h,	58h, 86h, 68h, 58h, 40h, 90h, 0E8h, 35h, 0A0h
05463   62AD 30588668584090E835A0
05464   62B7             		db 10h,	1, 68h,	38h, 4,	38h, 0B8h, 58h,	8, 58h,	98h, 0A8h
05464   62B7 100168380438B858085898A8
05465   62C3             		db 0E0h, 2, 2, 78h, 62h, 2, 78h, 9Ah, 0, 0Ah, 28h, 88h
05465   62C3 E00202786202789A000A2888
05466   62CF             		db 30h,	41h, 48h, 11h, 48h, 99h, 68h, 20h, 68h,	79h, 68h
05466   62CF 3041481148996820687968
05467   62DA             		db 0B8h, 88h, 79h, 0A8h, 60h, 0A8h, 0C0h
05467   62DA B88879A860A8C0
05468   62E1             
05469   62E1             
05470   62E1             
05471   62E1             MapStage7:	db 3, 30h, 0FFh, 0FFh, 60h, 48h, 64h, 78h, 0D0h, 84h, 2	; ...
05471   62E1 0330FFFF60486478D08402
05472   62EC             		db 10h,	0A8h, 2, 28h, 18h, 0, 5, 30h, 18h, 0D8h, 45h, 30h
05472   62EC 10A802281800053018D84530
05473   62F8             		db 48h,	69h, 48h, 10h, 52h, 88h, 20h, 71h, 88h,	58h, 2
05473   62F8 4869481052882071885802
05474   6303             		db 10h,	70h, 80h, 0E8h,	3, 10h,	8, 18h,	0F0h, 58h, 30h
05474   6303 107080E803100818F05830
05475   630E             		db 0, 0, 8, 30h, 31h, 40h, 0E0h, 68h, 11h, 68h,	69h, 80h
05475   630E 000008303140E06811686980
05476   631A             		db 91h,	88h, 68h, 0A0h,	0D8h, 0A8h, 31h
05476   631A 918868A0D8A831
05477   6321             
05478   6321             
05479   6321             
05480   6321             MapStage9:	db 1, 32h, 40h,	0B8h, 88h, 0FFh, 0A0h, 20h, 0A8h, 0FFh
05480   6321 013240B888FFA020A8FF
05481   632B             		db 1, 20h, 90h,	2, 4, 61h, 48h,	50h, 42h, 68h, 98h, 57h
05481   632B 012090020461485042689857
05482   6337             		db 80h,	18h, 74h, 88h, 50h, 2, 30h, 18h, 88h, 88h, 6, 10h
05482   6337 801874885002301888880610
05483   6343             		db 0D8h, 48h, 0D0h, 58h, 68h, 58h, 70h,	58h, 0A8h, 98h
05483   6343 D848D05868587058A898
05484   634D             		db 78h,	0, 0, 7, 28h, 58h, 28h,	0B8h, 48h, 89h,	68h, 0C0h
05484   634D 78000007285828B8488968C0
05485   6359             		db 88h,	0A0h, 0A8h, 59h, 0A8h, 0C0h
05485   6359 88A0A859A8C0
05486   635F             
05487   635F             
05488   635F             
05489   635F             MapStage10:	db 2, 12h, 20h,	31h, 0FFh, 0FFh, 0A0h, 70h, 0B8h, 98h
05489   635F 02122031FFFFA070B898
05490   6369             		db 0B1h, 94h, 3, 78h, 90h, 3, 18h, 49h,	3, 98h,	91h, 4
05490   6369 B19403789003184903989104
05491   6375             		db 6, 41h, 40h,	88h, 53h, 68h, 18h, 37h, 68h, 68h, 64h
05491   6375 0641408853681837686864
05492   6380             		db 10h,	0E1h, 75h, 40h,	11h, 86h, 58h, 71h, 3, 0A8h, 8
05492   6380 10E175401186587103A808
05493   638B             		db 48h,	0E9h, 80h, 69h,	6, 10h,	10h, 30h, 0E8h,	58h, 8
05493   638B 48E9806906101030E85808
05494   6396             
05495   6396             	IF	(VERSION2)
05496   6396             		db 78h,	28h, 30h, 31h, 38h, 0B1h, 0, 3,	0A0h, #18, 38h	; Muro trampa con coordenadas (#18, #a0) Al coger el cuchillo de abajo a la izquierda
05496   6396 7828303138B10003A01838
05497   63A1             	ELSE
05498   63A1~            		db 78h,	28h, 30h, 31h, 38h, 0B1h, 0, 3,	0A0h, 21h, 38h	; Muro trampa mal puesto en (#120,#a0) Hay que hacer un par de agujeros bajo la escalera para que aparezca.
05499   63A1             	ENDIF
05500   63A1             
05501   63A1             		db 21h,	40h, 0E1h, 0Dh,	38h, 40h, 40h, 0C9h, 48h, 20h
05501   63A1 2140E10D384040C94820
05502   63AB             		db 88h,	40h, 0A8h, 38h,	0A8h, 0C1h, 28h, 0CAh, 40h, 4Ah
05502   63AB 8840A838A8C128CA404A
05503   63B5             		db 48h,	93h, 58h, 1Bh, 78h, 9Bh, 0A0h, 2Ah, 0A0h, 0E2h
05503   63B5 4893581B789BA02AA0E2
05504   63BF             
05505   63BF             
05506   63BF             
05507   63BF             MapStage15:	db 1, 31h, 40h,	0B8h, 0E2h, 0FFh, 78h, 18h, 18h, 0FFh
05507   63BF 013140B8E2FF781818FF
05508   63C9             		db 2, 20h, 90h,	0, 78h,	10h, 3,	6, 30h,	30h, 18h, 45h
05508   63C9 022090007810030630301845
05509   63D5             		db 40h,	60h, 69h, 58h, 68h, 78h, 78h, 60h, 61h,	80h, 48h
05509   63D5 4060695868787860618048
05510   63E0             		db 34h,	88h, 70h, 2, 28h, 0C0h,	0A8h, 10h, 6, 10h, 8, 10h
05510   63E0 3488700228C0A81006100810
05511   63EC             		db 0F0h, 28h, 40h, 48h,	40h, 50h, 70h, 68h, 0D8h, 0, 0
05511   63EC F028404840507068D80000
05512   63F7             		db 8, 28h, 68h,	28h, 0A9h, 48h,	98h, 48h, 0E0h,	78h, 0B9h
05512   63F7 08286828A9489848E078B9
05513   6402             		db 0A0h, 0B8h, 0A8h, 30h, 0A8h,	51h
05513   6402 A0B8A830A851
05514   6408             
05515   6408             
05516   6408             
05517   6408             MapStage12:	db 3, 10h, 21h,	31h, 0FFh, 0FFh, 60h, 0A0h, 0B4h, 70h
05517   6408 03102131FFFF60A0B470
05518   6412             		db 0E1h, 0D4h, 3, 18h, 0E0h, 2,	28h, 50h, 4, 98h, 89h
05518   6412 E1D40318E0022850049889
05519   641D             		db 0, 6, 30h, 40h, 98h,	45h, 48h, 10h, 69h, 88h, 20h, 78h
05519   641D 000630409845481069882078
05520   6429             		db 18h,	49h, 71h, 68h, 39h, 54h, 80h, 71h, 3, 68h, 0D0h
05520   6429 18497168395480710368D0
05521   6434             		db 88h,	31h, 10h, 0A1h,	8, 10h,	0F1h, 20h, 10h,	20h, 48h
05521   6434 883110A10810F120102048
05522   643F             		db 68h,	40h, 0A0h, 18h,	38h, 91h, 88h, 59h, 0A0h, 0F1h
05522   643F 6840A01838918859A0F1
05523   6449             
05524   6449             	IF	(VERSION2)
05525   6449             		db 2, 0, 38h, 0AAh, 2, 58h, 5Eh, 1, 98h, #e9, 0Ch, 30h		; Mueve el muro trampa 8 pixeles a la derecha (!?) Estaba mejor en el original
05525   6449 020038AA02585E0198E90C30
05526   6455             	ELSE
05527   6455~            		db 2, 0, 38h, 0AAh, 2, 58h, 5Eh, 1, 98h, 0E1h, 0Ch, 30h		; Muro trampa en (#1e0, #98) Aparece al coger el pico de abajo a la derecha
05528   6455             	ENDIF
05529   6455             
05530   6455             		db 29h,	40h, 0D0h, 68h,	19h, 80h, 0C0h,	88h, 71h, 0A0h
05530   6455 2940D0681980C08871A0
05531   645F             		db 0C1h, 0A8h, 70h, 28h, 0BBh, 48h, 0AAh, 78h, 0B3h, 0A0h
05531   645F C1A87028BB48AA78B3A0
05532   6469 52 A0 BB    		db 52h,	0A0h, 0BBh
05533   646C             
05534   646C             
05535   646C             
05536   646C             MapStage13:	db 2, 33h, 0FFh, 0FFh, 80h, 18h, 0C8h, 70h, 0C8h, 0E4h
05536   646C 0233FFFF8018C870C8E4
05537   6476             		db 2, 28h, 0D0h, 3, 80h, 60h, 1, 5, 30h, 18h, 0D8h, 42h
05537   6476 0228D003806001053018D842
05538   6482             		db 28h,	28h, 57h, 50h, 68h, 68h, 58h, 50h, 74h,	68h, 68h
05538   6482 2828575068685850746868
05539   648D             		db 1, 0A8h, 40h, 8, 10h, 8, 20h, 8, 38h, 10h, 58h, 8, 78h
05539   648D 01A84008100820083810580878
05540   649A             		db 30h,	88h, 0D0h, 98h,	8, 98h,	50h, 0,	0, 0Ah,	28h, 11h
05540   649A 3088D09808985000000A2811
05541   64A6             		db 30h,	0B0h, 48h, 28h,	50h, 0D1h, 68h,	19h, 78h, 0A0h
05541   64A6 30B0482850D1681978A0
05542   64B0             		db 88h,	48h, 0A0h, 0A9h, 0A8h, 20h, 0A8h, 68h
05542   64B0 8848A0A9A820A868
05543   64B8             
05544   64B8             
05545   64B8             
05546   64B8             MapStage14:	db 1, 12h, 21h,	33h, 0FFh, 98h,	71h, 0F1h, 38h,	0D8h, 0D8h
05546   64B8 01122133FF9871F138D8D8
05547   64C3             		db 0FFh, 2, 0A0h, 80h, 3, 20h, 10h, 2, 6, 30h, 48h, 50h
05547   64C3 FF02A0800320100206304850
05548   64CF             		db 43h,	68h, 50h, 68h, 88h, 80h, 81h, 38h, 49h,	44h, 68h
05548   64CF 4368506888808138494468
05549   64DA             		db 49h,	57h, 88h, 49h, 2, 0A8h,	48h, 80h, 89h, 0Ch, 10h
05549   64DA 4957884902A84880890C10
05550   64E5             		db 8, 10h, 10h,	10h, 18h, 10h, 68h, 28h, 0A0h, 30h, 10h
05550   64E5 0810101018106828A03010
05551   64F0             		db 58h,	60h, 40h, 40h, 10h, 0B1h, 30h, 31h, 48h, 69h, 68h
05551   64F0 5860404010B13031486968
05552   64FB             		db 0A9h, 1, 0, 80h, 0A2h, 0, 0Bh, 28h, 68h, 30h, 19h, 0A8h
05552   64FB A9010080A2000B28683019A8
05553   6507             		db 30h,	0A8h, 0C9h, 30h, 6Bh, 30h, 0C3h, 40h, 13h, 50h
05553   6507 30A8C9306B30C3401350
05554   6511             		db 0CBh, 78h, 0C2h, 0A0h, 2Ah, 0A0h, 8Bh
05554   6511 CB78C2A02AA08B
05555   6518             
05556   6518             ;----------------------------------------------------
05557   6518             ; Marca	la piramide como pasada
05558   6518             ; HL = Piramides pasadas
05559   6518             ; DE = Mascara de la piramide actual
05560   6518             ;----------------------------------------------------
05561   6518             
05562   6518             setPiramidClear:
05563   6518 4E          		ld	c, (hl)
05564   6519 23          		inc	hl
05565   651A 46          		ld	b, (hl)
05566   651B 78          		ld	a, b
05567   651C B2          		or	d
05568   651D 77          		ld	(hl), a
05569   651E 2B          		dec	hl
05570   651F 79          		ld	a, c
05571   6520 B3          		or	e
05572   6521 77          		ld	(hl), a
05573   6522 C9          		ret
05574   6523             
05575   6523             
05576   6523             ;----------------------------------------------------
05577   6523             ; Devuelve en DE el bit	activo que corresponde a la piramide actual
05578   6523             ;----------------------------------------------------
05579   6523             
05580   6523             calcBitMask:
05581   6523 11 01 00    		ld	de, 1		; Devuelve en DE el bit	activo que corresponde a la piramide actual
05582   6526 3A 54 E0    		ld	a, (piramideActual)
05583   6529 47          		ld	b, a
05584   652A             
05585   652A             calcBitMask2:
05586   652A 05          		dec	b
05587   652B C8          		ret	z
05588   652C CB 23       		sla	e
05589   652E CB 12       		rl	d
05590   6530 18 F8       		jr	calcBitMask2
05591   6532             
05592   6532             ;----------------------------------------------------
05593   6532             ; AI Gemas
05594   6532             ;----------------------------------------------------
05595   6532             
05596   6532             AI_Gemas:
05597   6532 AF          		xor	a		; Empezamos por	la primera
05598   6533 32 F4 E1    		ld	(ElemEnProceso), a ; Usado para	saber la gema o	puerta que se esta procesando
05599   6536             
05600   6536             nextGema:
05601   6536 AF          		xor	a
05602   6537 CD B5 65    		call	getGemaDat	; Obtiene puntero a los	datos de la gema en proceso
05603   653A 23          		inc	hl
05604   653B 7E          		ld	a, (hl)		; Status
05605   653C CD 4B 40    		call	jumpIndex
05606   653F 47 65       		dw gemaDoNothing
05607   6541 47 65       		dw gemaDoNothing
05608   6543 4A 65       		dw gemaCogida		; 2 = Borra la gema de la pantalla y del mapa e	incrementa el numero de	gemas cogidas
05609   6545 47 65       		dw gemaDoNothing	; 3 = Inactiva
05610   6547             
05611   6547             gemaDoNothing:
05612   6547 C3 A6 65    		jp	chkLastGema
05613   654A             
05614   654A             
05615   654A             ;----------------------------------------------------
05616   654A             ; Borra	la gema	y los brillos tanto de la pantalla como	del mapa
05617   654A             ; Incrementa el	numero de gemas	cogidas
05618   654A             ; Indica a los cuchillos que tienen que	actualizar el fondo sobre el que estan
05619   654A             ;----------------------------------------------------
05620   654A             
05621   654A             gemaCogida:
05622   654A AF          		xor	a
05623   654B CD B5 65    		call	getGemaDat	; Obtiene puntero a los	datos de la gema en proceso
05624   654E 7E          		ld	a, (hl)
05625   654F E6 F0       		and	0F0h
05626   6551 77          		ld	(hl), a		; Desactiva gema del mapa
05627   6552             
05628   6552 23          		inc	hl
05629   6553 34          		inc	(hl)		; Pasa al siguiente estado
05630   6554             
05631   6554 23          		inc	hl
05632   6555 7E          		ld	a, (hl)		; Y
05633   6556 D6 08       		sub	8
05634   6558 57          		ld	d, a		; Coordenada Y del brillo de arriba de la gema
05635   6559 23          		inc	hl
05636   655A 23          		inc	hl
05637   655B 5E          		ld	e, (hl)		; X
05638   655C CD 28 5B    		call	coordVRAM_DE	; Obtiene direccion de la VRAM de esas coordenadas en la tabla de nombres
05639   655F AF          		xor	a		; Tile vacio
05640   6560 CD 4D 00    		call	WRTVRM		; Borra	el brillo superior
05641   6563             
05642   6563 01 1F 00    		ld	bc, 1Fh		; Distancia al brillo de la izquierda (tile de abajo a la izquierda)
05643   6566 09          		add	hl, bc
05644   6567 11 8A 65    		ld	de, eraseData	; Tiles	vacios
05645   656A 01 03 01    		ld	bc, 103h	; Ancho	de 3 tiles
05646   656D CD C8 65    		call	DEtoVRAM_NXNY	; Borra	de la pantalla el brillo de la izquierda, la gema y el brillo de la derecha
05647   6570             
05648   6570 3E 02       		ld	a, 2		; Offset variable Y
05649   6572 CD B5 65    		call	getGemaDat
05650   6575 CD D6 50    		call	getMapOffset00	; Obtiene en HL	el puntero al mapa de las coodenadas apuntada por HL
05651   6578 11 8A 65    		ld	de, eraseData
05652   657B CD D7 65    		call	putBrillosMap	; Borra	los brillos del	mapa
05653   657E             
05654   657E 21 F2 E1    		ld	hl, gemasCogidas
05655   6581 34          		inc	(hl)		; Incrementa el	numero de gemas	cogidas
05656   6582             
05657   6582 CD 53 66    		call	knifeUpdateBack	; Fuerza a los cuchillos a actualizar el tile de fondo sobre el	que estan
05658   6585             					; Podia	estar sobre el brillo de la gema y ahiora que se ha quitado hay	que actualizarlo
05659   6585 C3 A6 65    		jp	chkLastGema
05660   6588             
05661   6588             ;----------------------------------------------------
05662   6588             ; Valores iniciales del	cuchillo al lanzarse
05663   6588             ; Velocidad decimal, velocidad X...
05664   6588             ;----------------------------------------------------
05665   6588 00          knifeDataInicio:db    0
05666   6589 02          		db    2			; Velocidad del	cuchillo
05667   658A             
05668   658A 00 00 00    eraseData:	db 0, 0, 0
05669   658D 00 00 00    		db 0, 0, 0
05670   6590 00 00 00    		db 0, 0, 0
05671   6593             
05672   6593             
05673   6593             ;----------------------------------------------------
05674   6593             ; Patrones usados para dibujar como se hace un agujero con el pico
05675   6593             ; Para calcular	el indice se suma a esta lista el valor	del contador de	animacion
05676   6593             ; Este contador	se decrementa de 3 en 3	y empieza en #15
05677   6593             ; El primer valor que se usa es	#12 (tile = #43)
05678   6593             ; La animacion es #43, #44, 0, #43, #44, 0, 0
05679   6593             ;----------------------------------------------------
05680   6593 00          tilesAnimCavar:	db 0
05681   6594 00 00 00    		db 0, 0, 0
05682   6597 00 00 44    		db 0, 0, 44h
05683   659A 00 00 43    		db 0, 0, 43h
05684   659D 00 00 00    		db 0, 0, 0
05685   65A0 00 00 44    		db 0, 0, 44h
05686   65A3 00 00 43    		db 0, 0, 43h
05687   65A6             
05688   65A6             ;----------------------------------------------------
05689   65A6             ; Comprueba si ha procesado todas las gemas
05690   65A6             ;----------------------------------------------------
05691   65A6             	IF	(VERSION2)
05692   65A6             	
05693   65A6             chkLastGema:
05694   65A6 CD AD 65    		call	chkLastGema2	; Se han procesado todas las gemas?
05695   65A9 C8          		ret	z		; Si
05696   65AA C3 36 65    		jp	nextGema	; No, sigue con otra
05697   65AD             chkLastGema2:		
05698   65AD 21 F4 E1    		ld	hl, ElemEnProceso ; Usado para saber la	gema o puerta que se esta procesando
05699   65B0 34          		inc	(hl)		; Siguiente gema
05700   65B1 7E          		ld	a, (hl)
05701   65B2 2B          		dec	hl
05702   65B3 BE          		cp	(hl)		; Ha procesado todas?
05703   65B4 C9          		ret
05704   65B5             	ELSE
05705   65B5~            	
05706   65B5~            chkLastGema:
05707   65B5~            		ld	hl, ElemEnProceso ; Usado para saber la	gema o puerta que se esta procesando
05708   65B5~            		inc	(hl)		; Siguiente gema
05709   65B5~            		ld	a, (hl)
05710   65B5~            		dec	hl
05711   65B5~            		cp	(hl)		; Ha procesado todas?
05712   65B5~            		ret	z		; Si, termina
05713   65B5~            		jp	nextGema	; No, procesa la siguiente
05714   65B5             	ENDIF
05715   65B5             	
05716   65B5             ;----------------------------------------------------
05717   65B5             ; Devuelve en HL el puntero a los datos	de la gema y en	A la variable indicada
05718   65B5             ; In:
05719   65B5             ;   A =	Offset a la variable de	la estructura
05720   65B5             ; Out:
05721   65B5             ;  HL =	Puntero	a la variable indicada de la gema en proceso
05722   65B5             ;   A =	Valor de la variable
05723   65B5             ;----------------------------------------------------
05724   65B5             
05725   65B5             
05726   65B5             getGemaDat:
05727   65B5 21 F5 E1    		ld	hl, datosGemas	; 0 = Color/activa. Nibble alto	indica el color. El bajo si esta activa	(1) o no (0)
05728   65B8             					; 1 = Status
05729   65B8             					; 2 = Y
05730   65B8             					; 3 = decimales	X
05731   65B8             					; 4 = X
05732   65B8             					; 5 = habitacion
05733   65B8             					; 6-8 =	0, 0, 0
05734   65B8 CD 10 40    		call	ADD_A_HL
05735   65BB 3A F4 E1    		ld	a, (ElemEnProceso) ; Usado para	saber la gema o	puerta que se esta procesando
05736   65BE             
05737   65BE             getIndexX9:
05738   65BE 47          		ld	b, a
05739   65BF             
05740   65BF             getIndexX8_masB:
05741   65BF 87          		add	a, a
05742   65C0             
05743   65C0             getIndexX4_masB:
05744   65C0 87          		add	a, a
05745   65C1 87          		add	a, a
05746   65C2 80          		add	a, b
05747   65C3 CD 10 40    		call	ADD_A_HL
05748   65C6 7E          		ld	a, (hl)
05749   65C7 C9          		ret
05750   65C8             ;----------------------------------------------------
05751   65C8             ;
05752   65C8             ; Envia	a la VRAM los datos apuntados por DE.
05753   65C8             ; B = Alto
05754   65C8             ; C = Ancho
05755   65C8             ;
05756   65C8             ;----------------------------------------------------
05757   65C8             
05758   65C8             DEtoVRAM_NXNY:
05759   65C8 C5          		push	bc
05760   65C9 06 00       		ld	b, 0
05761   65CB CD C0 44    		call	DEtoVRAMset
05762   65CE 3E 20       		ld	a, 20h		; Siguiente fila (incrementa coordenada	Y)
05763   65D0 CD 10 40    		call	ADD_A_HL
05764   65D3 C1          		pop	bc
05765   65D4 10 F2       		djnz	DEtoVRAM_NXNY
05766   65D6 C9          		ret
05767   65D7             
05768   65D7             
05769   65D7             ;----------------------------------------------------
05770   65D7             ; Pone en el mapa los destellos	de una gema
05771   65D7             ; HL = Puntero a la posicion de	la gema	en el mapa
05772   65D7             ; DE = Puntero a patrones para brillos
05773   65D7             ;----------------------------------------------------
05774   65D7             
05775   65D7             
05776   65D7             putBrillosMap:
05777   65D7 01 A0 FF    		ld	bc, -60h	; Tamaño de una	fila del mapa (3 pantallas de 32 tiles)
05778   65DA 09          		add	hl, bc		; Fila superior
05779   65DB EB          		ex	de, hl
05780   65DC ED A0       		ldi			; Pone brillo superior de la gema
05781   65DE 01 5E 00    		ld	bc, 5Eh		; Distancia al brillo de la izquierda
05782   65E1 EB          		ex	de, hl
05783   65E2 09          		add	hl, bc
05784   65E3 EB          		ex	de, hl
05785   65E4 0E 03       		ld	c, 3
05786   65E6 ED B0       		ldir			; Copia	brillo de la izquierda,	espacio, brillo	de la derecha
05787   65E8 EB          		ex	de, hl
05788   65E9 C9          		ret
05789   65EA             
05790   65EA             ;----------------------------------------------------------------
05791   65EA             ;
05792   65EA             ; Logica de las	puertas	de entrada y salida de la piramide
05793   65EA             ;
05794   65EA             ; La puerta por	la que se entra	en la piramide tiene status 1 (#10)
05795   65EA             ; Las puertas por las que se sale tienen status	0 si no	se ha pasado previamente la piramide
05796   65EA             ; Si ya	se habian cogido las gemas, las	puertas	tienen status 8	(#80)
05797   65EA             ; Comprueba si se han cogido todas las gemas
05798   65EA             ; Anima	las puertas al entrar y	salir de la piramide
05799   65EA             ; Comprueba si se toca la palanca que abre la salida al	terminar una fase
05800   65EA             ; Si la	piramide ya se ha visitado, no oculta la salida
05801   65EA             ;
05802   65EA             ;----------------------------------------------------------------
05803   65EA             
05804   65EA             AI_Salidas:
05805   65EA AF          		xor	a
05806   65EB 32 F4 E1    		ld	(ElemEnProceso), a ; Usado para	saber la gema o	puerta que se esta procesando
05807   65EE 32 C2 E1    		ld	(puertaCerrada), a ; Vale 1 al cerrarse	la salida
05808   65F1             
05809   65F1             chkNextExit:
05810   65F1 21 67 67    		ld	hl, chkLastExit	; Comprueba si ya ha comprobado	las cuatro salidas
05811   65F4 E5          		push	hl		; Mete esta funcion en la pila para que	se ejecute al salir
05812   65F5             
05813   65F5 AF          		xor	a
05814   65F6 CD 5B 67    		call	getExitDat	; Obtiene un puntero a la salida que se	esta procesando
05815   65F9 3C          		inc	a		; Es #ff su estatus?
05816   65FA C8          		ret	z		; No existe esa	salida
05817   65FB             
05818   65FB 23          		inc	hl
05819   65FC 23          		inc	hl
05820   65FD 23          		inc	hl
05821   65FE 23          		inc	hl
05822   65FF 7E          		ld	a, (hl)		; Status de la puerta
05823   6600 1F          		rra
05824   6601 1F          		rra
05825   6602 1F          		rra
05826   6603 1F          		rra
05827   6604 E6 0F       		and	0Fh		; El nibble alto indica	el status. El bajo se usa como contador	de animacion o substatus
05828   6606 CD 4B 40    		call	jumpIndex
05829   6609             
05830   6609             
05831   6609 1B 66       		dw chkAllGemas		; 0 = Comprueba	si se han cogido todas las gemas
05832   660B 37 66       		dw paintEntrada		; 1 = Dibuja la	puerta de entrada a la piramide
05833   660D 6A 66       		dw chkOpenExit		; 2 = Comprueba	si toca	la palanca que abre la puerta
05834   660F 94 66       		dw openCloseExit	; 3 = Abriendo salida
05835   6611 E0 66       		dw chkSalePiram		; 4 = Puerta abierta. Espera a que salga de la piramide
05836   6613 94 66       		dw openCloseExit	; 5 = Cerrando salida
05837   6615 36 66       		dw doNothing3		; 6 = No hace nada. Mantiene la	puerta esperando a la cortinilla
05838   6617 45 67       		dw finAnimEntrar	; 7 = Quita o deja la puerta dependiendo de si ya ha estado en la piramide
05839   6619 42 66       		dw paintCerrada		; 8 = La puerta	permanece visible y cerrada
05840   661B             
05841   661B             ;----------------------------------------------------------------
05842   661B             ;
05843   661B             ; Comprueba si se han cogido todas las gemas de	la fase
05844   661B             ;
05845   661B             ; Esta comprobacion la hace cada puerta	existente (normalmente la de entrada y	la de salida)
05846   661B             ; Con lo que ambas puertas pasan a estado 1 al pasarse la fase.
05847   661B             ;
05848   661B             ; Cuando se cogen todas:
05849   661B             ; - se marca la	fase como terminada
05850   661B             ; - suena la musica de "stage clear"
05851   661B             ; - quita las puertas giratorias
05852   661B             ; - pasa la puerta al status 1 (#10)
05853   661B             ;----------------------------------------------------------------
05854   661B             
05855   661B             chkAllGemas:
05856   661B 21 F2 E1    		ld	hl, gemasCogidas ; Comprueba si	ha cogido todas	la gemas
05857   661E 7E          		ld	a, (hl)		; Gemas	recogidas
05858   661F 23          		inc	hl
05859   6620 BE          		cp	(hl)		; Numero de gemas que hay en esta piramide
05860   6621 C0          		ret	nz		; No las ha cogido todas
05861   6622             
05862   6622 3E 01       		ld	a, 1
05863   6624 32 33 E1    		ld	(flagStageClear), a
05864   6627             
05865   6627 3E 94       		ld	a, 94h
05866   6629 CD A9 7A    		call	setMusic	; Musica de "stage clear"
05867   662C             
05868   662C CD 31 6A    		call	quitaGiratorias	; Quita	las puerta giratorias
05869   662F 3E 04       		ld	a, 4		; Offset al byte de status de la puerta
05870   6631 CD 5B 67    		call	getExitDat	; Obtiene un puntero a la salida que se	esta procesando
05871   6634 36 10       		ld	(hl), 10h	; Status = #10
05872   6636             
05873   6636             doNothing3:
05874   6636 C9          		ret
05875   6637             
05876   6637             
05877   6637             ;----------------------------------------------------------------
05878   6637             ;
05879   6637             ; Dibuja la puerta abierta si se esta entrando en la piramide
05880   6637             ; o cerrada si acaba de	aparecer tras coger las	gemas
05881   6637             ; Pasa la puerta al status 2 (#20) que comprueba si el prota toca la palanca que abre la puerta
05882   6637             ;----------------------------------------------------------------
05883   6637             
05884   6637             paintEntrada:
05885   6637 3A 00 E0    		ld	a, (GameStatus)
05886   663A FE 04       		cp	4		; Esta entrando	en la piramide?
05887   663C F5          		push	af
05888   663D 3E 02       		ld	a, 2		; Frame	salida abierta
05889   663F 28 03       		jr	z, paintEntrada2
05890   6641 F1          		pop	af
05891   6642             
05892   6642             paintCerrada:
05893   6642 F5          		push	af
05894   6643 AF          		xor	a		; Frame	salida cerrada
05895   6644             
05896   6644             paintEntrada2:
05897   6644 CD C7 67    		call	getAnimExit	; Devuelve en DE un puntero a los tiles	que forman la salida
05898   6647 3E 04       		ld	a, 4		; Offset al estado de la puerta
05899   6649 CD 5B 67    		call	getExitDat	; Obtiene un puntero a la salida que se	esta procesando
05900   664C 36 20       		ld	(hl), 20h	; Cambia el estado a #20
05901   664E CD 72 67    		call	drawPuerta	; En DE	se pasa	el puntero a los tiles que forman la salida
05902   6651 F1          		pop	af
05903   6652 C8          		ret	z		; Esta entrando	en la piramide (animacion bajar	escaleras)
05904   6653             
05905   6653             ;----------------------------------------------------
05906   6653             ; Fuerza a los cuchillos para que guarden el fondo sobre el que	estan
05907   6653             ; Asi se evita que se corrompa el fondo	mientras se abre o cierra una puerta
05908   6653             ; o cuando se coge una gema
05909   6653             ;----------------------------------------------------
05910   6653             
05911   6653             knifeUpdateBack:
05912   6653 21 62 E2    		ld	hl, knifeEnProceso ; Indica a los cuchillos que	hay en el suelo	que guarden el tile de fondo sobre el que estan
05913   6656 36 00       		ld	(hl), 0
05914   6658 23          		inc	hl
05915   6659 46          		ld	b, (hl)		; Numero de cuchillos de la fase
05916   665A             
05917   665A             status0Knife2:
05918   665A AF          		xor	a		; Offset status	cuchillo
05919   665B CD 17 5B    		call	getKnifeData
05920   665E 7E          		ld	a, (hl)		; Status
05921   665F 3D          		dec	a		; Es igual a 1 (en reposo)
05922   6660 20 01       		jr	nz, status0Knife3
05923   6662 77          		ld	(hl), a		; Lo pasa a 0
05924   6663             
05925   6663             status0Knife3:
05926   6663 21 62 E2    		ld	hl, knifeEnProceso
05927   6666 34          		inc	(hl)		; Siguiente cuchillo
05928   6667 10 F1       		djnz	status0Knife2
05929   6669 C9          		ret
05930   666A             
05931   666A             ;----------------------------------------------------------------
05932   666A             ; Comprueba si toca la palanca que abre	la salida
05933   666A             ; El prota tiene que estar saltando y tocando la palanca con la	parte superior de su cuerpo (mano?)
05934   666A             ; Al abrir la puerta esta pasa al estado 3 (#30) = Abriendo la puerta
05935   666A             ;----------------------------------------------------------------
05936   666A             
05937   666A             chkOpenExit:
05938   666A 3A 34 E1    		ld	a, (protaStatus) ; Estado del prota
05939   666D FE 01       		cp	1		; Esta saltando?
05940   666F C0          		ret	nz		;  No
05941   6670             
05942   6670 CD BF 67    		call	chkSameScreenS	; Comprueba si la salida esta en la pantalla del prota
05943   6673 C0          		ret	nz		; No
05944   6674             
05945   6674 7A          		ld	a, d		; Y
05946   6675 D6 08       		sub	8		; Y - 8
05947   6677 57          		ld	d, a
05948   6678 7B          		ld	a, e		; X
05949   6679 D6 10       		sub	10h		; X - 16
05950   667B 5F          		ld	e, a
05951   667C E5          		push	hl
05952   667D 21 D0 67    		ld	hl, palancaArea
05953   6680 CD FD 5C    		call	chkTocaProta	; Comrpeuba si el prota	toca la	palanca
05954   6683 E1          		pop	hl
05955   6684 D0          		ret	nc		; No toca la palanca que abre la puerta
05956   6685             
05957   6685 3E 01       		ld	a, 1
05958   6687 32 33 E1    		ld	(flagStageClear), a
05959   668A             
05960   668A 3E 14       		ld	a, 14h
05961   668C 32 03 E0    		ld	(timer), a
05962   668F 23          		inc	hl
05963   6690 36 30       		ld	(hl), 30h	; Estado de abriendo la	puerta
05964   6692 18 06       		jr	openCloseExit2
05965   6694             
05966   6694             
05967   6694             ;----------------------------------------------------------------
05968   6694             ;
05969   6694             ; Abre o cierra	la puerta de la	piramide
05970   6694             ;
05971   6694             ; Al terminar de abrirse tras accionar la palanca:
05972   6694             ; - pasa al estado 4 = Espera a	que el prota salga de la piramide
05973   6694             ;
05974   6694             ; Al terminar de cerrarse:
05975   6694             ; - cuando se entra en la piramide pasa	al estado 7 (#70) = puede dejar	la puerta cerrada si ya	se han cogido las gemas	o quitarla si aun no esta pasada la fase
05976   6694             ; - cuando se sale pasa	al estado 6 (#60) = espera a la	cortinilla negra
05977   6694             ;----------------------------------------------------------------
05978   6694             
05979   6694             openCloseExit:
05980   6694 3A 03 E0    		ld	a, (timer)
05981   6697 E6 1F       		and	1Fh
05982   6699 C0          		ret	nz		; Procesa uno de cada 32 frames. Espera	0.5s aprox.
05983   669A             
05984   669A             openCloseExit2:
05985   669A CD 53 66    		call	knifeUpdateBack	; Indica a los cuchillos que hay en el suelo que guarden el tile de fondo sobre	el que estan
05986   669D 3E 04       		ld	a, 4		; Offset al status de la puerta
05987   669F CD 5B 67    		call	getExitDat	; Obtiene un puntero a la salida que se	esta procesando
05988   66A2 34          		inc	(hl)		; Incrementa el	substatus de la	puerta
05989   66A3             
05990   66A3 7E          		ld	a, (hl)		; Contador de animacion
05991   66A4 E6 0F       		and	0Fh
05992   66A6 FE 04       		cp	4		; Ha terminado la animacion de abrir o cerrar?
05993   66A8 20 14       		jr	nz, openCloseExit5 ; Aun no
05994   66AA             
05995   66AA 3A 00 E0    		ld	a, (GameStatus)
05996   66AD FE 04       		cp	4		; Esta entrando	en la piramide?
05997   66AF 20 04       		jr	nz, openCloseExit3 ; No, esta saliendo.
05998   66B1             
05999   66B1 36 70       		ld	(hl), 70h	; Estado puerta: Ha terminado de cerrarse. Mira	si hay que dejarla o quitarla
06000   66B3 18 04       		jr	openCloseExit4
06001   66B5             
06002   66B5             openCloseExit3:
06003   66B5 7E          		ld	a, (hl)		; Status puerta
06004   66B6 C6 10       		add	a, 10h		; Pasa al siguiente estado
06005   66B8 77          		ld	(hl), a		; Si se	esta abriendo para salir, tras accionar	la palanca, pasa al estado 4
06006   66B9             					; Si se	ha cerrado tras	salir, pasa al estado 6, que deja la puerta cerrada esperando a	la cortinilla
06007   66B9             
06008   66B9             openCloseExit4:
06009   66B9 21 C2 E1    		ld	hl, puertaCerrada ; Vale 1 al cerrarse la salida
06010   66BC 34          		inc	(hl)
06011   66BD C9          		ret
06012   66BE             
06013   66BE             openCloseExit5:
06014   66BE 7E          		ld	a, (hl)		; Status
06015   66BF E6 F0       		and	0F0h
06016   66C1 FE 50       		cp	50h		; Esta cerrando	la puerta?
06017   66C3 7E          		ld	a, (hl)
06018   66C4 20 06       		jr	nz, abreSalida	; No, se esta abriendo
06019   66C6             
06020   66C6 E6 0F       		and	0Fh		; Se queda con el contador de la animacion
06021   66C8 D6 04       		sub	4
06022   66CA ED 44       		neg			; Los subestados van de	0 a 3 al cerrar
06023   66CC             
06024   66CC             abreSalida:
06025   66CC E6 0F       		and	0Fh
06026   66CE 3D          		dec	a
06027   66CF FE 01       		cp	1
06028   66D1 20 07       		jr	nz, pintaSalida
06029   66D3             
06030   66D3 F5          		push	af
06031   66D4 3E 8D       		ld	a, 8Dh		; SFX abriendo/cerrando	puerta
06032   66D6 CD A9 7A    		call	setMusic	; Musica que suena al abrirse o	cerrarse la puerta (si esta entrando no	se oye porque tiene preferencia	la que ya esta sonando)
06033   66D9 F1          		pop	af
06034   66DA             
06035   66DA             pintaSalida:
06036   66DA CD C7 67    		call	getAnimExit	; Devuelve en DE un puntero a los tiles	que forman la salida
06037   66DD C3 72 67    		jp	drawPuerta
06038   66E0             
06039   66E0             
06040   66E0             ;----------------------------------------------------------------
06041   66E0             ;
06042   66E0             ; Puerta abierta y lista para que el prota salga de la piramide
06043   66E0             ; Espera a que toque las escaleras para	salir
06044   66E0             ; Dependiendo por la puerta por	la que se sale,	se toma	una direccion (norte, sur, este	u oeste)
06045   66E0             ; La puerta/direccion por la que se entra en la	piramide es la opuesta a la que	se ha salido en	la anterior
06046   66E0             ; (Ej: Si se sale por la puerta	norte de una piramide, se entra	por la sur de la siguiente)
06047   66E0             ; Pone 4 sprites en parejas solapadas (16x32) para dibujar la parte derecha de la puerta y que el prota	pase por detras
06048   66E0             ;----------------------------------------------------------------
06049   66E0             
06050   66E0             chkSalePiram:
06051   66E0 CD BF 67    		call	chkSameScreenS	; Comprueba si la salida esta en la pantalla del prota
06052   66E3 C0          		ret	nz		; La puerta no esta en la misma	habitacion que el prota
06053   66E4             ; DE = YX
06054   66E4             
06055   66E4 21 D4 67    		ld	hl, salidaArea
06056   66E7 CD FD 5C    		call	chkTocaProta
06057   66EA D0          		ret	nc		; No ha	entrado	en la salida
06058   66EB             
06059   66EB CD 64 43    		call	quitaMomias	; Oculta las momias
06060   66EE             
06061   66EE D9          		exx
06062   66EF 3E 04       		ld	a, 4		; Offset status	puerta
06063   66F1 CD 5B 67    		call	getExitDat	; Obtiene un puntero a la salida que se	esta procesando
06064   66F4 36 50       		ld	(hl), 50h	; Cambia el status a 5 (#50) = Cerrando	puerta
06065   66F6             
06066   66F6 23          		inc	hl
06067   66F7 01 02 00    		ld	bc, 2
06068   66FA 11 55 E0    		ld	de, piramideDest
06069   66FD ED B0       		ldir			; Copia	la piramide de destino y la puerta por la que se entra (flecha del mapa)
06070   66FF D9          		exx
06071   6700             
06072   6700 3A F4 E1    		ld	a, (ElemEnProceso) ; Usado para	saber la gema o	puerta que se esta procesando
06073   6703 3C          		inc	a
06074   6704 FE 01       		cp	1		; Arriba?
06075   6706 28 08       		jr	z, setFlechaSalida
06076   6708             
06077   6708 3D          		dec	a
06078   6709 87          		add	a, a
06079   670A FE 06       		cp	6
06080   670C 20 02       		jr	nz, setFlechaSalida
06081   670E 3E 08       		ld	a, 8
06082   6710             
06083   6710             setFlechaSalida:
06084   6710 32 57 E0    		ld	(puertaSalida),	a ; 1 =	Arriba,	2 = Abajo, 4 = Izquierda, 8 = Derecha
06085   6713             
06086   6713             
06087   6713             ; Pone los sprites de la parte derecha de la puerta que	tapan al prota al entrar por las escaleras
06088   6713             
06089   6713 21 B0 E0    		ld	hl, sprAttrib	; Tabla	de atributos de	los sprites en RAM (Y, X, Spr, Col)
06090   6716 3E 10       		ld	a, 10h
06091   6718 83          		add	a, e		; X + 16
06092   6719 5F          		ld	e, a
06093   671A 7A          		ld	a, d
06094   671B D6 11       		sub	11h
06095   671D 57          		ld	d, a		; Y - 17
06096   671E             
06097   671E 06 02       		ld	b, 2		; 16x32	Dos sprites consecutivos en Y
06098   6720             
06099   6720             setSprPuerta:
06100   6720 0E 02       		ld	c, 2		; 2 sprites solapados
06101   6722             
06102   6722             setSprPuerta2:
06103   6722 72          		ld	(hl), d		; Y del	sprite
06104   6723 23          		inc	hl
06105   6724 73          		ld	(hl), e		; X del	sprite
06106   6725 23          		inc	hl
06107   6726 23          		inc	hl
06108   6727 23          		inc	hl		; Puntero a los	atributos del siguiente	sprite
06109   6728 0D          		dec	c
06110   6729 20 F7       		jr	nz, setSprPuerta2 ; Segundo sprite solapado
06111   672B             
06112   672B 7A          		ld	a, d
06113   672C C6 10       		add	a, 10h
06114   672E 57          		ld	d, a		; Y = Y	+ 16
06115   672F 10 EF       		djnz	setSprPuerta
06116   6731             
06117   6731 3E 20       		ld	a, 20h
06118   6733 CD A9 7A    		call	setMusic	; Silencio
06119   6736             
06120   6736 AF          		xor	a
06121   6737 32 30 E1    		ld	(statusEntrada), a ; Status de la entrada a 0 =	Saliendo en la piramide
06122   673A 3C          		inc	a
06123   673B 32 32 E1    		ld	(flagEntraSale), a ; 1 = Entrando o saliendo de	la piramide. Ejecuta una logica	especial para este caso
06124   673E 3C          		inc	a
06125   673F 32 36 E1    		ld	(sentidoProta),	a ; Sentido a la derecha
06126   6742 E1          		pop	hl
06127   6743 E1          		pop	hl
06128   6744 C9          		ret
06129   6745             
06130   6745             ;----------------------------------------------------
06131   6745             ;
06132   6745             ; Al entrar en una piramide nueva, quita la puerta
06133   6745             ; Si ya	ha estado la deja para poder salir
06134   6745             ;
06135   6745             ;----------------------------------------------------
06136   6745             
06137   6745             finAnimEntrar:
06138   6745 CD 51 6D    		call	chkPiramPasada	; Comprueba si la piramide en la que entra ya ha estado
06139   6748 F5          		push	af
06140   6749 3E 04       		ld	a, 4		; Offset status
06141   674B CD 5B 67    		call	getExitDat	; Obtiene un puntero a la salida que se	esta procesando
06142   674E F1          		pop	af
06143   674F 36 00       		ld	(hl), 0		; Estado que oculta la puerta y	comprueba si se	cogen todas las	gemas
06144   6751 28 03       		jr	z, borraSalida
06145   6753             
06146   6753 36 20       		ld	(hl), 20h	; Estado que deja la puerta visible y espera a que el prota toque la palanca para abrirla
06147   6755 C9          		ret
06148   6756             
06149   6756             borraSalida:
06150   6756 11 8A 65    		ld	de, eraseData
06151   6759 18 17       		jr	drawPuerta
06152   675B             
06153   675B             ;----------------------------------------------------
06154   675B             ; Obtiene un puntero a la estructura de	la salida que se esta procesando
06155   675B             ;----------------------------------------------------
06156   675B             
06157   675B             getExitDat:
06158   675B 21 C5 E1    		ld	hl, pyramidDoors ; Obtiene un puntero a	la salida que se esta procesando
06159   675E CD 10 40    		call	ADD_A_HL
06160   6761 3A F4 E1    		ld	a, (ElemEnProceso) ; Usado para	saber la gema o	puerta que se esta procesando
06161   6764 C3 25 6A    		jp	getHL_Ax7	; Devuelve HL +	A*7 y A=(HL)
06162   6767             
06163   6767             chkLastExit:
06164   6767 21 F4 E1    		ld	hl, ElemEnProceso ; Comprueba si ya ha comprobado las cuatro salidas
06165   676A 34          		inc	(hl)
06166   676B 3E 04       		ld	a, 4
06167   676D BE          		cp	(hl)
06168   676E C2 F1 65    		jp	nz, chkNextExit
06169   6771 C9          		ret
06170   6772             
06171   6772             
06172   6772             ;----------------------------------------------------
06173   6772             ; Dibuja una puerta de salida/entrada
06174   6772             ; In:
06175   6772             ;  DE =	Tiles que forman la puerta
06176   6772             ;----------------------------------------------------
06177   6772             
06178   6772             drawPuerta:
06179   6772 AF          		xor	a
06180   6773 CD 5B 67    		call	getExitDat	; Obtiene un puntero a la salida que se	esta procesando
06181   6776 01 F8 F0    		ld	bc, 0F0F8h	; Offset X-16, Y-8
06182   6779 D5          		push	de
06183   677A CD E1 50    		call	getMapOffset	; Obtiene en HL	la direccion del mapa que corresponde a	las coordenadas
06184   677D D1          		pop	de
06185   677E EB          		ex	de, hl
06186   677F E5          		push	hl
06187   6780             
06188   6780 06 03       		ld	b, 3		; Alto en patrones de la puerta
06189   6782             
06190   6782             drawPuerta2:
06191   6782 C5          		push	bc
06192   6783 01 05 00    		ld	bc, 5		; Ancho	en patrones de la puerta
06193   6786 ED B0       		ldir
06194   6788             
06195   6788 3E 5B       		ld	a, 5Bh		; Desplazamiento a la fila inferior de la puerta en el mapa RAM
06196   678A CD 15 40    		call	ADD_A_DE
06197   678D C1          		pop	bc
06198   678E 10 F2       		djnz	drawPuerta2
06199   6790             
06200   6790 AF          		xor	a
06201   6791 CD 5B 67    		call	getExitDat	; Obtiene un puntero a la salida que se	esta procesando
06202   6794 2B          		dec	hl
06203   6795 CD 03 5C    		call	getLocationDE2	; Esta en la misma pantalla que	el prota? (se ve?)
06204   6798 E1          		pop	hl
06205   6799 C0          		ret	nz		; No hace falta	pintarla
06206   679A             
06207   679A E5          		push	hl
06208   679B CD 28 5B    		call	coordVRAM_DE	; Calcula puntero a la tabla de	nombres	de las coordenadas en DE
06209   679E D1          		pop	de
06210   679F 01 DE FF    		ld	bc, -22h
06211   67A2 09          		add	hl, bc
06212   67A3             
06213   67A3 06 03       		ld	b, 3		; Patrones alto
06214   67A5             
06215   67A5             drawPuerta3:
06216   67A5 0E 05       		ld	c, 5		; Patrones ancho
06217   67A7             
06218   67A7             drawPuerta4:
06219   67A7 C5          		push	bc
06220   67A8 1A          		ld	a, (de)		; Tile de la puerta
06221   67A9 CD 75 5D    		call	getTileFromID	; Obtiene patron que le	corresponde
06222   67AC CD 4D 00    		call	WRTVRM		; Lo dibuja en pantalla
06223   67AF 23          		inc	hl
06224   67B0 13          		inc	de
06225   67B1 C1          		pop	bc
06226   67B2 0D          		dec	c
06227   67B3 0D          		dec	c
06228   67B4 0C          		inc	c
06229   67B5 20 F0       		jr	nz, drawPuerta4
06230   67B7             
06231   67B7 3E 1B       		ld	a, 1Bh		; Distancia en VRAM a la fila inferior de la puerta (#20 - 5)
06232   67B9 CD 10 40    		call	ADD_A_HL
06233   67BC 10 E7       		djnz	drawPuerta3
06234   67BE C9          		ret
06235   67BF             
06236   67BF             
06237   67BF             ;----------------------------------------------------
06238   67BF             ; Comprueba si la salida esta en la habitacion actual
06239   67BF             ; y obtiene sus	coordenadas.
06240   67BF             ; Out:
06241   67BF             ;  D = Y
06242   67BF             ;  E = X
06243   67BF             ;----------------------------------------------------
06244   67BF             
06245   67BF             chkSameScreenS:
06246   67BF AF          		xor	a		; Comprueba si la salida esta en la pantalla del prota
06247   67C0 CD 5B 67    		call	getExitDat	; Obtiene un puntero a la salida que se	esta procesando
06248   67C3 2B          		dec	hl
06249   67C4 C3 03 5C    		jp	getLocationDE2
06250   67C7             
06251   67C7             
06252   67C7             
06253   67C7             ;----------------------------------------------------
06254   67C7             ; Devuelve en DE un puntero a los patrones que forman
06255   67C7             ; el framde la puerta indicado en A
06256   67C7             ;----------------------------------------------------
06257   67C7             
06258   67C7             getAnimExit:
06259   67C7 87          		add	a, a		; Devuelve en DE un puntero a los tiles	que forman la salida
06260   67C8 21 D8 67    		ld	hl, idxAnimExit
06261   67CB CD 49 6D    		call	getIndexHL_A
06262   67CE EB          		ex	de, hl
06263   67CF C9          		ret
06264   67D0             
06265   67D0             
06266   67D0             ;----------------------------------------------------
06267   67D0             ; Offset X coordenada palanca, ancho del prota a comprobar
06268   67D0             ; Offset Y palanca, alto del prota a comprobar
06269   67D0             ;
06270   67D0             ; Solo comprueba la parte de arriba del	prota. Asi parece que le da con	la mano	al saltar
06271   67D0             ;----------------------------------------------------
06272   67D0 08 10       palancaArea:	db 8, 10h
06273   67D2 03 05       		db 3, 5
06274   67D4             
06275   67D4             ;----------------------------------------------------
06276   67D4             ; Punto	que se comprueba para saber si se ha salido de la piramide
06277   67D4             ;----------------------------------------------------
06278   67D4 01 02       salidaArea:	db 1, 2
06279   67D6 04 06       		db 4, 6
06280   67D8             
06281   67D8 DE 67       idxAnimExit:	dw animExitClosed	; ...
06282   67DA ED 67       		dw animExitClosing
06283   67DC FC 67       		dw animExitOpen
06284   67DE             
06285   67DE 7700606100  animExitClosed:	db  77h,   0, 60h, 61h,	  0
06286   67E3 7900626300  		db  79h,   0, 62h, 63h,	  0
06287   67E8 0000646500  		db    0,   0, 64h, 65h,	  0
06288   67ED             
06289   67ED 786B6C6D6E  animExitClosing:db  78h, 6Bh, 6Ch, 6Dh,	6Eh
06290   67F2 796F707172  		db  79h, 6Fh, 70h, 71h,	72h
06291   67F7 0073747576  		db    0, 73h, 74h, 75h,	76h
06292   67FC             
06293   67FC 7860666761  animExitOpen:	db  78h, 60h, 66h, 67h,	61h
06294   6801 7962006863  		db  79h, 62h,	0, 68h,	63h
06295   6806 0064696A65  		db    0, 64h, 69h, 6Ah,	65h
06296   680B             
06297   680B             
06298   680B             ;----------------------------------------------------
06299   680B             ; Logica de los	muros trampa
06300   680B             ; Cuando la trampa no se ha activado se	comprueba si el	prota pasa por la posicion de esta para	activarla
06301   680B             ; Una vez activada, se busca un	techo desde el que comienza a cerrarse el muro.
06302   680B             ; El muro baja de 4 en 4 pixeles por lo	que pinta ladrillos completos o	solo la	parte de arriba	dependiendo de su posicion
06303   680B             ; Si choca contra un objeto, se	detiene	hasta que puede	continuar
06304   680B             ; Si choca contra un muro, se da por terminada la trampa
06305   680B             ;----------------------------------------------------
06306   680B             
06307   680B             MurosTrampa:
06308   680B 21 FD E3    		ld	hl, muroTrampProces
06309   680E 36 00       		ld	(hl), 0		; Empieza por el primero :P
06310   6810 23          		inc	hl
06311   6811 7E          		ld	a, (hl)		; Numero de muros trampa de la piramide
06312   6812 B7          		or	a
06313   6813 C8          		ret	z		; No hay ninguno
06314   6814             
06315   6814             chkNextTrampa:
06316   6814 21 E1 68    		ld	hl, chkLastMuro
06317   6817 E5          		push	hl		; Guarda en la pila la rutina que comprueba si ya se han procesado todos los muros trampa
06318   6818             
06319   6818 AF          		xor	a
06320   6819 CD D4 68    		call	getMuroDat
06321   681C A7          		and	a		; Esta activado	este muro trampa?
06322   681D CA 8F 68    		jp	z, chkActivaTrampa ; No	comprueba si el	prota lo activa
06323   6820             
06324   6820 3D          		dec	a
06325   6821 C0          		ret	nz		; Este muro ya se ha cerrado por completo
06326   6822             
06327   6822 3A 03 E0    		ld	a, (timer)
06328   6825 E6 1F       		and	1Fh
06329   6827 C0          		ret	nz		; El muro se mueve cada	#20 iteraciones
06330   6828             
06331   6828 23          		inc	hl
06332   6829 7E          		ld	a, (hl)		; Y muro
06333   682A C6 04       		add	a, 4		; Se mueve 4 pixeles hacia abajo
06334   682C 77          		ld	(hl), a		; Actualiza Y del muro
06335   682D E6 07       		and	7		; Su Y es multiplo de 8? (pinta	medio ladrillo o uno entero?)
06336   682F 0E 19       		ld	c, 19h		; Map ID ladrillo completo
06337   6831 20 01       		jr	nz, murosTrampa2
06338   6833             
06339   6833 0C          		inc	c		; Map ID ladrillo simple (4 pixeles alto)
06340   6834             
06341   6834             murosTrampa2:
06342   6834 E5          		push	hl
06343   6835 CD D6 50    		call	getMapOffset00	; Obtiene en HL	el puntero al mapa de las coodenadas apuntada por HL
06344   6838 EB          		ex	de, hl
06345   6839 E1          		pop	hl
06346   683A 7E          		ld	a, (hl)		; Y del	muro
06347   683B E6 07       		and	7		; Ha bajado un tile completo o medio?
06348   683D 20 04       		jr	nz, murosTrampa3 ; Medio
06349   683F             
06350   683F 1A          		ld	a, (de)		; Tile del mapa
06351   6840 A7          		and	a		; Esta vacio?
06352   6841 20 24       		jr	nz, trampaChoca	; No, comprueba	con lo que choca
06353   6843             
06354   6843             murosTrampa3:
06355   6843 CD 82 68    		call	drawTrampa
06356   6846 21 34 E1    		ld	hl, protaStatus	; Datos	del prota
06357   6849 7E          		ld	a, (hl)		; Status prota
06358   684A B7          		or	a		; Esta realizando alguna accion	especial?
06359   684B C0          		ret	nz		; Si
06360   684C             
06361   684C 21 37 E1    		ld	hl, ProtaY
06362   684F 01 00 05    		ld	bc, 500h	; Offset X+5, Y+0
06363   6852 CD EC 68    		call	chkAplastaMuro	; Comprueba si el muro aplasta al prota
06364   6855 38 06       		jr	c, trampaMataProta ; Si, lo aplasta
06365   6857             
06366   6857 06 0B       		ld	b, 0Bh		; Offset X+11, Y+0
06367   6859 CD EC 68    		call	chkAplastaMuro	; Comprueba si aplasta al prota
06368   685C D0          		ret	nc		; No
06369   685D             
06370   685D             trampaMataProta:
06371   685D 3E 1D       		ld	a, 1Dh		; Musica muere prota
06372   685F CD A9 7A    		call	setMusic
06373   6862 AF          		xor	a
06374   6863 32 53 E0    		ld	(flagVivo), a	; Mata al prota
06375   6866 C9          		ret
06376   6867             
06377   6867             ;----------------------------------------------------
06378   6867             ; Comprueba si el muro choca contra una	plataforma o contra un objeto
06379   6867             ; Si choca contra un objeto se detiene hasta que este desaparece
06380   6867             ; Si choca contra una plataforma, se da	por terminada la trampa
06381   6867             ;----------------------------------------------------
06382   6867             
06383   6867             trampaChoca:
06384   6867 1A          		ld	a, (de)		; Tile del mapa
06385   6868             
06386   6868             	IF	(VERSION2)
06387   6868 FE 01       		cp	1
06388   686A 28 0B       		jr	z,trampaLimite
06389   686C             	ENDIF
06390   686C             
06391   686C E6 F0       		and	0F0h		; Se queda con la familia/grupo
06392   686E FE 10       		cp	10h		; Es una plataforma o muro?
06393   6870 28 05       		jr	z, trampaLimite	; Si
06394   6872             
06395   6872             	IF	(!VERSION2)
06396   6872~            		inc	hl		; (!?) Si incrementa HL	pasa a los decimales de	X. Deberia quedarse en la Y,
06397   6872             	ENDIF
06398   6872             
06399   6872 7E          		ld	a, (hl)		; Y muro
06400   6873 D6 04       		sub	4		; Decrementa 4 su Y, con lo que	detiene	su avance (deja	de bajar)
06401   6875 77          		ld	(hl), a		; Actualiza la Y
06402   6876 C9          		ret
06403   6877             
06404   6877             ;----------------------------------------------------
06405   6877             ; Si el	muro choca contra el limite inferior de	la pantalla pinta el tile de ladrillo "limite inferior"
06406   6877             ; Si choa contra una plataforma	o muro,	pinta el tile de ladrillo normal
06407   6877             ;----------------------------------------------------
06408   6877             
06409   6877             trampaLimite:
06410   6877 2B          		dec	hl		; Apunta al status del muro
06411   6878 34          		inc	(hl)		; Pasa al siguiente status = Muro cerrado por completo
06412   6879 23          		inc	hl		; Apunta a la Y
06413   687A 1A          		ld	a, (de)		; Map ID con el	que ha chocado
06414   687B FE 14       		cp	14h		; Limite inferior de la	pantalla?
06415   687D 0E 13       		ld	c, 13h		; Tile de ladrillo normal
06416   687F 20 01       		jr	nz, drawTrampa_
06417   6881             
06418   6881 0C          		inc	c		; Tile de limite inferior de la	pantalla
06419   6882             
06420   6882             drawTrampa_:
06421   6882             	IF	(!VERSION2)
06422   6882~            		call	drawTrampa	; (!?) Para que	pone un	CALL y luego un	RET?
06423   6882~            		ret
06424   6882             	ENDIF
06425   6882             drawTrampa:
06426   6882 79          		ld	a, c
06427   6883 12          		ld	(de), a		; Modifica el tile del mapa
06428   6884 E5          		push	hl		; Apunta a la Y
06429   6885 CD 75 5D    		call	getTileFromID	; Obtiene el patron que	le corresponde a ese tile del mapa
06430   6888 2B          		dec	hl
06431   6889 2B          		dec	hl		; Apunta a la Y	menos 2	bytes, necesario para que "drawTile" recoja las coordenadas
06432   688A CD 11 5C    		call	drawTile	; Dibuja el patron en pantalla
06433   688D E1          		pop	hl
06434   688E C9          		ret
06435   688F             
06436   688F             
06437   688F             ;----------------------------------------------------
06438   688F             ; Comprueba si el prota	activa un muro trampa
06439   688F             ; Cuando el prota pasa por la posicion de la trampa esta se activa
06440   688F             ; En ese momento se hace una busqueda vertical desde esa posicion
06441   688F             ; hasta	que se encuentra un muro o el limite superior de la pantalla
06442   688F             ; Ese punto es el que se toma como inicio del muro que se cierra
06443   688F             ;----------------------------------------------------
06444   688F             
06445   688F             chkActivaTrampa:
06446   688F 23          		inc	hl
06447   6890 54          		ld	d, h
06448   6891 5D          		ld	e, l
06449   6892 23          		inc	hl
06450   6893 23          		inc	hl
06451   6894 4E          		ld	c, (hl)		; X trampa
06452   6895 23          		inc	hl
06453   6896 46          		ld	b, (hl)		; Habitacion trampa
06454   6897 2A 39 E1    		ld	hl, (ProtaX)
06455   689A A7          		and	a
06456   689B ED 42       		sbc	hl, bc
06457   689D C0          		ret	nz		; El prota no esta en la misma X que la	trampa
06458   689E             
06459   689E 1A          		ld	a, (de)		; Y trampa
06460   689F 21 37 E1    		ld	hl, ProtaY
06461   68A2 BE          		cp	(hl)
06462   68A3 C0          		ret	nz		; No estan en la misma Y
06463   68A4             
06464   68A4 62          		ld	h, d
06465   68A5 6B          		ld	l, e
06466   68A6 CD D6 50    		call	getMapOffset00	; Obtiene en HL	el puntero al mapa de las coodenadas apuntada por HL
06467   68A9 06 00       		ld	b, 0
06468   68AB             
06469   68AB             trampaTecho:
06470   68AB E5          		push	hl		; Puntero a la posicion	en el mapa de la trampa
06471   68AC D5          		push	de		; Puntero a la Y de la trampa
06472   68AD A7          		and	a
06473   68AE 11 60 E7    		ld	de, MapaRAM
06474   68B1 ED 52       		sbc	hl, de		; Se sale del mapa por arriba?
06475   68B3 D1          		pop	de
06476   68B4 38 0F       		jr	c, trampaOrigen	; Si, tomamos esta posicion como inicio	del muro trampa
06477   68B6             
06478   68B6 E1          		pop	hl
06479   68B7 7E          		ld	a, (hl)		; Tile del mapa	en el que esta la trampa
06480   68B8 A7          		and	a		; Esta vacio?
06481   68B9 20 0D       		jr	nz, trampaOrigen2 ; No
06482   68BB             
06483   68BB 04          		inc	b
06484   68BC 7D          		ld	a, l
06485   68BD D6 60       		sub	60h		; distancia a la fila superior del mapa
06486   68BF 6F          		ld	l, a
06487   68C0 30 01       		jr	nc, trampaTecho2 ; No hay acarreo en la	resta
06488   68C2             
06489   68C2 25          		dec	h		; Resta	el acarreo a HL
06490   68C3             
06491   68C3             trampaTecho2:
06492   68C3 18 E6       		jr	trampaTecho	; Sigue	buscando donde poner el	origen del muro	que se cierra
06493   68C5             
06494   68C5             trampaOrigen:
06495   68C5 E1          		pop	hl
06496   68C6 36 12       		ld	(hl), 12h	; Map ID ladrillo/muro
06497   68C8             
06498   68C8             trampaOrigen2:
06499   68C8 78          		ld	a, b
06500   68C9 87          		add	a, a
06501   68CA 87          		add	a, a
06502   68CB 87          		add	a, a		; Numero de tiles de distancia hasta el	techo *	8
06503   68CC             	IF	(!VERSION2)
06504   68CC~            		sub	4
06505   68CC             	ENDIF
06506   68CC 47          		ld	b, a
06507   68CD EB          		ex	de, hl
06508   68CE             
06509   68CE 7E          		ld	a, (hl)		; Y de la trampa
06510   68CF 90          		sub	b		; Le resta la distacia en pixeles al techo u origen de la trampa
06511   68D0 77          		ld	(hl), a
06512   68D1 2B          		dec	hl		; Apunta al status de la trampa
06513   68D2 34          		inc	(hl)		; La trampa pasa al estado 1 = Bajando muro
06514   68D3             
06515   68D3             	IF	(!VERSION2)
06516   68D3~            		xor	a
06517   68D3~            		ld	(timer), a	;(!?) Para que sirve?
06518   68D3             	ENDIF
06519   68D3 C9          		ret
06520   68D4             
06521   68D4             ;----------------------------------------------------
06522   68D4             ; Obtiene un puntero a los datos del muro trampa en proceso
06523   68D4             ;----------------------------------------------------
06524   68D4             
06525   68D4             getMuroDat:
06526   68D4 21 FF E3    		ld	hl, muroTrampaDat ; Y, decimales X, X, habitacion
06527   68D7 CD 10 40    		call	ADD_A_HL
06528   68DA 3A FD E3    		ld	a, (muroTrampProces)
06529   68DD 47          		ld	b, a
06530   68DE C3 C0 65    		jp	getIndexX4_masB
06531   68E1             
06532   68E1             chkLastMuro:
06533   68E1 21 FD E3    		ld	hl, muroTrampProces
06534   68E4 34          		inc	(hl)		; Siguiente muro
06535   68E5 7E          		ld	a, (hl)		; Muro actual
06536   68E6 23          		inc	hl
06537   68E7 BE          		cp	(hl)		; Numero de muro totales
06538   68E8 C2 14 68    		jp	nz, chkNextTrampa
06539   68EB C9          		ret
06540   68EC             
06541   68EC             
06542   68EC             
06543   68EC             ;----------------------------------------------------
06544   68EC             ; Comprueba si el prota	es aplastado por un muro trampa
06545   68EC             ; In:
06546   68EC             ;   BC = Offset	XY a la	cabeza del prota
06547   68EC             ; Out:
06548   68EC             ;   Carry = Es aplastado
06549   68EC             ;----------------------------------------------------
06550   68EC             
06551   68EC             chkAplastaMuro:
06552   68EC C5          		push	bc
06553   68ED CD B7 50    		call	chkTocaMuro	; Z = choca
06554   68F0 1A          		ld	a, (de)		; Tile del mapa
06555   68F1 D6 19       		sub	19h		; #19 =	Ladrillo completo muro trampa, #1A = Ladrillo simple muro trampa
06556   68F3 FE 02       		cp	2		; Es uno de esos dos tiles del muro trampa?
06557   68F5 C1          		pop	bc
06558   68F6 C9          		ret
06559   68F7             
06560   68F7             
06561   68F7             
06562   68F7             ;----------------------------------------------------
06563   68F7             ; Dibuja la animacion de como se rompen	los ladrillos al picar
06564   68F7             ; y borra del mapa RAM los rotos. Comprueba si lo que va a picar es una	platarforma.
06565   68F7             ; Para llevar el control de la animacion se usa	"agujeroCnt"
06566   68F7             ; Esta variable	tiene un valor inicial y se decrementa en 3 a cada
06567   68F7             ; golpe	del pico. Sus valores son #12, #0F, #0C, #09, #06, #03
06568   68F7             ; y los	tiles de la animacion son #44 (semiroto), #43 (roto), #00 (vacio), #44,	#43, #00
06569   68F7             ;----------------------------------------------------
06570   68F7             
06571   68F7             drawAgujero:
06572   68F7 21 48 E1    		ld	hl, agujeroCnt	; Al comenzar a	pica vale #15
06573   68FA 7E          		ld	a, (hl)
06574   68FB A7          		and	a
06575   68FC C8          		ret	z		; Ha terminado de hacer	el agujero
06576   68FD             
06577   68FD 7E          		ld	a, (hl)
06578   68FE FE 12       		cp	12h		; Es el	primer golpe de	pico?
06579   6900 23          		inc	hl
06580   6901 28 03       		jr	z, drawAgujero2	; Si, no hace falta incrementar	la Y del agujero
06581   6903             
06582   6903 34          		inc	(hl)
06583   6904 34          		inc	(hl)
06584   6905 34          		inc	(hl)		; Incrementa la	Y del agujero en 3
06585   6906             
06586   6906             drawAgujero2:
06587   6906 47          		ld	b, a
06588   6907 E5          		push	hl
06589   6908 CD D6 50    		call	getMapOffset00	; Obtiene en HL	el puntero al mapa de las coodenadas apuntada por HL
06590   690B EB          		ex	de, hl
06591   690C E1          		pop	hl
06592   690D 78          		ld	a, b
06593   690E FE 09       		cp	9
06594   6910 20 12       		jr	nz, drawAgujero3
06595   6912             
06596   6912 1A          		ld	a, (de)		; Lee tile del mapa que	se va a	picar
06597   6913 CD 94 44    		call	AL_C__AH_B	; Copia	el nibble alto de A en B y el bajo en C
06598   6916 78          		ld	a, b		; se queda con el nibble alto, que es la familia de tiles o tipo
06599   6917 FE 01       		cp	1		; es una plataforma?
06600   6919 20 2B       		jr	nz, endAgujero	; No, finaliza el agujero. Esto	no se puede picar
06601   691B             
06602   691B 79          		ld	a, c
06603   691C FE 04       		cp	4		; Es plataforma	o vacio? (Map IDs #10-#13 = #00	(tile vacio), #00, #40 (tile ladrillo),	#40)
06604   691E 38 04       		jr	c, drawAgujero3
06605   6920             
06606   6920 FE 09       		cp	9		; Map ID #19 = Tile #40
06607   6922 20 22       		jr	nz, endAgujero
06608   6924             
06609   6924             ; Comprueba si hay que borrar el ladrillo picado del mapa de la	RAM
06610   6924             
06611   6924             drawAgujero3:
06612   6924 2B          		dec	hl
06613   6925 7E          		ld	a, (hl)		; agujeroCnt
06614   6926 23          		inc	hl
06615   6927 FE 0C       		cp	0Ch		; Valor	de la animacion	en el momento de romper	totalmente el ladrillo de arriba
06616   6929 28 04       		jr	z, drawAgujero4	; Quita	el ladrillo del	mapa
06617   692B             
06618   692B FE 03       		cp	3		; Valor	de la animacion	en el momento de romper	totalmente el ladrillo de abajo
06619   692D 20 03       		jr	nz, drawAgujero5
06620   692F             
06621   692F             drawAgujero4:
06622   692F             	IF	(VERSION2)
06623   692F 3E 01       		ld	a,1
06624   6931             	ELSE
06625   6931~            		xor	a
06626   6931             	ENDIF
06627   6931 12          		ld	(de), a		; Borra	tile del mapa RAM
06628   6932             
06629   6932             drawAgujero5:
06630   6932 3A 48 E1    		ld	a, (agujeroCnt)	; Al comenzar a	pica vale #15
06631   6935 11 93 65    		ld	de, tilesAnimCavar ; Tiles usados en la	animacion del agujero
06632   6938 CD 15 40    		call	ADD_A_DE	; Calcula indice
06633   693B 1A          		ld	a, (de)		; Tile de la animacion (ladrillo semiroto, roto	o vacio)
06634   693C 2B          		dec	hl
06635   693D 2B          		dec	hl		; Apunta a la Y	del agujero
06636   693E CD 11 5C    		call	drawTile	; Dibuja en pantalla el	tile de	la animacion del agujero
06637   6941 3E 45       		ld	a, 45h		; SFX Pico
06638   6943 C3 A9 7A    		jp	setMusic
06639   6946             
06640   6946             endAgujero:
06641   6946 AF          		xor	a
06642   6947 32 48 E1    		ld	(agujeroCnt), a	; Al comenzar a	picar vale #15
06643   694A C9          		ret
06644   694B             
06645   694B             
06646   694B             ;----------------------------------------------------
06647   694B             ; Puertas giratorias
06648   694B             ; Si estan en movimiento la anima (5 frames)
06649   694B             ; Dependiendo del sentido de giro hara la animacion hacia un lado o el otro
06650   694B             ;----------------------------------------------------
06651   694B             
06652   694B             spiningDoors:
06653   694B 21 1E E3    		ld	hl, doorGiraData ; 0 = Status (bit 0 = Girando,	bits 2-1 = altura + 2)
06654   694E             					; 1 = Y
06655   694E             					; 2 = X	decimal
06656   694E             					; 3 = X
06657   694E             					; 4 = Habitacion
06658   694E             					; 5 = Sentido giro
06659   694E             					; 6 = Contador giro
06660   694E 3A 1D E3    		ld	a, (numDoorGira)
06661   6951 47          		ld	b, a
06662   6952 B7          		or	a
06663   6953 C8          		ret	z		; No hay puertas giratorias en esta piramide
06664   6954             
06665   6954             spiningDoors2:
06666   6954 CB 46       		bit	0, (hl)		; Esta girando esta puerta?
06667   6956 20 07       		jr	nz, spiningDoors3 ; Si
06668   6958             
06669   6958 11 07 00    		ld	de, 7		; Tamaño de la estructura de cada puerta giratoria
06670   695B 19          		add	hl, de		; Puntero a la siguiente puerta
06671   695C 10 F6       		djnz	spiningDoors2
06672   695E C9          		ret
06673   695F             
06674   695F             spiningDoors3:
06675   695F 3A 03 E0    		ld	a, (timer)
06676   6962 E6 07       		and	7
06677   6964 C0          		ret	nz		; La puerta solo se mueve cada 8 frames
06678   6965             
06679   6965 E5          		push	hl
06680   6966 DD E1       		pop	ix
06681   6968 DD 7E 06    		ld	a, (ix+SPINDOOR_TIMER) ; Counter
06682   696B DD 34 06    		inc	(ix+SPINDOOR_TIMER) ; Incrementa contador
06683   696E FE 05       		cp	5		; Ha girado completamente?
06684   6970 28 31       		jr	z, spiningDoorEnd ; Si,	desactiva giro en puerta
06685   6972             
06686   6972 87          		add	a, a
06687   6973 87          		add	a, a
06688   6974 87          		add	a, a		; x8 (patrones de la tabla que ocupa cada frame	de giro	de la puerta)
06689   6975 47          		ld	b, a
06690   6976 DD 7E 05    		ld	a, (ix+SPINDOOR_SENT) ;	Sentido	del giro
06691   6979 FE 08       		cp	8		; Gira a la derecha o a	la izquierda?
06692   697B 78          		ld	a, b
06693   697C 28 03       		jr	z, spiningDoor4
06694   697E             
06695   697E 3E 20       		ld	a, 20h		; Invierte la animacion	para el	giro a la izquierda
06696   6980 90          		sub	b
06697   6981             
06698   6981             spiningDoor4:
06699   6981 11 7B 6A    		ld	de, tilesGiroDoor
06700   6984 CD 15 40    		call	ADD_A_DE
06701   6987             
06702   6987 0E 02       		ld	c, 2		; Altura por defecto y ancho fijo
06703   6989 DD 7E 00    		ld	a, (ix+SPINDOOR_STATUS)
06704   698C CB 3F       		srl	a		; Se queda con la altura
06705   698E 81          		add	a, c		; Altura base +	altura extra
06706   698F 47          		ld	b, a		; B = Altura puerta
06707   6990 DD 66 03    		ld	h, (ix+SPINDOOR_X) ; X
06708   6993 DD 6E 01    		ld	l, (ix+SPINDOOR_Y) ; Y
06709   6996             
06710   6996 3A 3A E1    		ld	a, (ProtaRoom)	; Parte	alta de	la coordenada X. Indica	la habitacion de la piramide
06711   6999 DD BE 04    		cp	(ix+SPINDOOR_ROOM) ; Esta la puerta en la misma	habitacion que el prota?
06712   699C C0          		ret	nz		; No
06713   699D             
06714   699D CD 71 6A    		call	coordVRAM_HL	; Obtiene direccion VRAM de la tabla de	nombres	a donde	apunta HL
06715   69A0 C3 C8 65    		jp	DEtoVRAM_NXNY	; Dibuja puerta	en la pantalla
06716   69A3             
06717   69A3             spiningDoorEnd:
06718   69A3 DD CB 00 86 		res	0, (ix+SPINDOOR_STATUS)	; Quita	flag de	girando
06719   69A7 3E 0C       		ld	a, 1100b
06720   69A9 DD AE 05    		xor	(ix+SPINDOOR_SENT) ; Invierte sentido de la puerta
06721   69AC DD 77 05    		ld	(ix+SPINDOOR_SENT), a ;	Actualiza sentido de la	puerta
06722   69AF             
06723   69AF             ;----------------------------------------------------
06724   69AF             ; Pone un apuerta giratoria en el mapa
06725   69AF             ;----------------------------------------------------
06726   69AF             
06727   69AF             putGiratMap:
06728   69AF DD E5       		push	ix		; Pone puerta giratoria	en el mapa
06729   69B1 E1          		pop	hl
06730   69B2 23          		inc	hl
06731   69B3 E5          		push	hl
06732   69B4 D1          		pop	de
06733   69B5 CD D6 50    		call	getMapOffset00	; Obtiene en HL	el puntero al mapa de las coodenadas apuntada por HL
06734   69B8 1B          		dec	de
06735   69B9 1A          		ld	a, (de)		; Los bits 2-1 indican la altura extra
06736   69BA 1F          		rra
06737   69BB E6 03       		and	3
06738   69BD C6 02       		add	a, 2		; Le añade la altura minima de la puerta (2)
06739   69BF 47          		ld	b, a		; Altura de la puerta
06740   69C0 3E 05       		ld	a, 5
06741   69C2 CD 15 40    		call	ADD_A_DE
06742   69C5 1A          		ld	a, (de)		; Sentido de giro
06743   69C6 CB 57       		bit	2, a
06744   69C8 3E 50       		ld	a, 50h		; Map ID puerta	izquierda
06745   69CA 28 02       		jr	z, putGiratMap2
06746   69CC 3C          		inc	a
06747   69CD 3C          		inc	a		; Map ID puerta	derecha
06748   69CE             
06749   69CE             putGiratMap2:
06750   69CE 4F          		ld	c, a
06751   69CF             
06752   69CF             putGiratMap3:
06753   69CF 71          		ld	(hl), c		; Parte	izquierda de la	puerta giratoria
06754   69D0 23          		inc	hl
06755   69D1 0C          		inc	c
06756   69D2 71          		ld	(hl), c		; Parte	derecha
06757   69D3 3E 5F       		ld	a, 5Fh		; Offset a la fila inferior del	mapa
06758   69D5 CD 10 40    		call	ADD_A_HL
06759   69D8 0D          		dec	c
06760   69D9 10 F4       		djnz	putGiratMap3	; Repite tantas	veces como alta	sea la puerta
06761   69DB C9          		ret
06762   69DC             
06763   69DC             
06764   69DC             ;----------------------------------------------------
06765   69DC             ; Comprueba cual es la puerta que esta empujando el prota
06766   69DC             ;----------------------------------------------------
06767   69DC             
06768   69DC             chkGiratorias:
06769   69DC AF          		xor	a
06770   69DD 32 1C E3    		ld	(GiratEnProceso), a
06771   69E0             
06772   69E0             chkGiratorias2:
06773   69E0 AF          		xor	a
06774   69E1 CD 1C 6A    		call	getGiratorData
06775   69E4 E5          		push	hl
06776   69E5 23          		inc	hl		; Apunta a la Y
06777   69E6 87          		add	a, a
06778   69E7 87          		add	a, a
06779   69E8 E6 18       		and	11000b
06780   69EA 86          		add	a, (hl)		; Y puerta
06781   69EB 57          		ld	d, a
06782   69EC             
06783   69EC 3A 36 E1    		ld	a, (sentidoProta) ; 1 =	Izquierda, 2 = Derecha
06784   69EF 1F          		rra
06785   69F0 3E 08       		ld	a, 8		; 8 pixeles a la derecha
06786   69F2 38 02       		jr	c, chkGiratorias3 ; A la izquierda
06787   69F4 ED 44       		neg			; 8 pixeles a la izquierda
06788   69F6             
06789   69F6             chkGiratorias3:
06790   69F6 23          		inc	hl
06791   69F7 23          		inc	hl
06792   69F8 86          		add	a, (hl)		; X puerta
06793   69F9 5F          		ld	e, a
06794   69FA             
06795   69FA 21 37 E1    		ld	hl, ProtaY
06796   69FD 7E          		ld	a, (hl)		; Y prota
06797   69FE 23          		inc	hl
06798   69FF 23          		inc	hl
06799   6A00 6E          		ld	l, (hl)		; X Prota
06800   6A01 67          		ld	h, a
06801   6A02 A7          		and	a
06802   6A03 ED 52       		sbc	hl, de		; Resta	las coordenadas	del prota y las	de la puerta
06803   6A05 E1          		pop	hl		; Recupera status puerta
06804   6A06 20 0A       		jr	nz, chkLastGirat
06805   6A08             
06806   6A08 CB C6       		set	0, (hl)		; Activa el bit	0 del estado de	la puerta
06807   6A0A 3E 06       		ld	a, 6
06808   6A0C CD 10 40    		call	ADD_A_HL
06809   6A0F 36 00       		ld	(hl), 0
06810   6A11 C9          		ret
06811   6A12             
06812   6A12             chkLastGirat:
06813   6A12 21 1C E3    		ld	hl, GiratEnProceso
06814   6A15 34          		inc	(hl)
06815   6A16 7E          		ld	a, (hl)
06816   6A17 23          		inc	hl
06817   6A18 BE          		cp	(hl)
06818   6A19 20 C5       		jr	nz, chkGiratorias2
06819   6A1B C9          		ret
06820   6A1C             
06821   6A1C             
06822   6A1C             ;----------------------------------------------------
06823   6A1C             ; Obtiene en HL	el puntero a los datos de la puerta giratoria en proceso
06824   6A1C             ; Out:
06825   6A1C             ;   A =	Estado
06826   6A1C             ;----------------------------------------------------
06827   6A1C             
06828   6A1C             
06829   6A1C             getGiratorData:
06830   6A1C 21 1E E3    		ld	hl, doorGiraData ; 0 = Status (bit 0 = Girando,	bits 2-1 = altura + 2)
06831   6A1F             					; 1 = Y
06832   6A1F             					; 2 = X	decimal
06833   6A1F             					; 3 = X
06834   6A1F             					; 4 = Habitacion
06835   6A1F             					; 5 = Sentido giro
06836   6A1F             					; 6 = Contador giro
06837   6A1F CD 10 40    		call	ADD_A_HL
06838   6A22 3A 1C E3    		ld	a, (GiratEnProceso)
06839   6A25             
06840   6A25             getHL_Ax7:
06841   6A25 47          		ld	b, a		; Devuelve HL +	A*7 y A=(HL)
06842   6A26 CB 20       		sla	b
06843   6A28 80          		add	a, b
06844   6A29 CB 20       		sla	b
06845   6A2B 80          		add	a, b
06846   6A2C CD 10 40    		call	ADD_A_HL
06847   6A2F 7E          		ld	a, (hl)
06848   6A30 C9          		ret
06849   6A31             
06850   6A31             ;----------------------------------------------------
06851   6A31             ;
06852   6A31             ; Quita	las puertas giratorias del mapa
06853   6A31             ; Si estan en la misma habitacion que el prota las borra de la pantalla
06854   6A31             ;
06855   6A31             ;----------------------------------------------------
06856   6A31             
06857   6A31             quitaGiratorias:
06858   6A31 AF          		xor	a
06859   6A32 21 1D E3    		ld	hl, numDoorGira
06860   6A35 BE          		cp	(hl)
06861   6A36 C8          		ret	z		; No hay puertas giratorias
06862   6A37             
06863   6A37 32 1C E3    		ld	(GiratEnProceso), a ; Empieza por la primera
06864   6A3A 23          		inc	hl
06865   6A3B             
06866   6A3B             quitaGiratoria2:
06867   6A3B E5          		push	hl
06868   6A3C 7E          		ld	a, (hl)		; Tamaño de la puerta giratoria
06869   6A3D 1F          		rra
06870   6A3E E6 03       		and	3
06871   6A40 C6 02       		add	a, 2
06872   6A42 47          		ld	b, a		; Altura en patrones
06873   6A43 C5          		push	bc
06874   6A44 23          		inc	hl
06875   6A45 E5          		push	hl
06876   6A46 CD D6 50    		call	getMapOffset00	; Obtiene en HL	el puntero al mapa de las coodenadas apuntada por HL
06877   6A49 0E 00       		ld	c, 0
06878   6A4B CD CF 69    		call	putGiratMap3
06879   6A4E E1          		pop	hl
06880   6A4F CD 04 5C    		call	getLocationDE3	; Comprueba si la puerta esta en la misma pantalla que el prota
06881   6A52 C1          		pop	bc
06882   6A53 0E 02       		ld	c, 2
06883   6A55 20 09       		jr	nz, quitaGiratoria3 ; No lo esta
06884   6A57 CD 28 5B    		call	coordVRAM_DE	; D = Y, E = X
06885   6A5A 11 8A 65    		ld	de, eraseData
06886   6A5D CD C8 65    		call	DEtoVRAM_NXNY	; Borra	la puerta de la	pantalla
06887   6A60             
06888   6A60             quitaGiratoria3:
06889   6A60 E1          		pop	hl
06890   6A61 11 07 00    		ld	de, 7
06891   6A64 19          		add	hl, de
06892   6A65 D9          		exx
06893   6A66 21 1C E3    		ld	hl, GiratEnProceso
06894   6A69 34          		inc	(hl)		; Incrementa el	contador de puerta giratoria en	proceso
06895   6A6A 7E          		ld	a, (hl)
06896   6A6B 23          		inc	hl
06897   6A6C BE          		cp	(hl)		; Ha comprobado	todas las puertas giratorias?
06898   6A6D D9          		exx
06899   6A6E 20 CB       		jr	nz, quitaGiratoria2
06900   6A70 C9          		ret
06901   6A71             
06902   6A71             
06903   6A71             ;----------------------------------------------------
06904   6A71             ; Calcula la direccion de la tabla de nombres a	la que apunta HL
06905   6A71             ; In:
06906   6A71             ;   H =	X
06907   6A71             ;   L =	Y
06908   6A71             ; Out:
06909   6A71             ;  HL =	Direccion VRAM de la tabla de nombres
06910   6A71             ;----------------------------------------------------
06911   6A71             
06912   6A71             coordVRAM_HL:
06913   6A71 D5          		push	de
06914   6A72 EB          		ex	de, hl
06915   6A73 7A          		ld	a, d
06916   6A74 53          		ld	d, e
06917   6A75 5F          		ld	e, a
06918   6A76 CD 28 5B    		call	coordVRAM_DE	; D = Y, E = X
06919   6A79 D1          		pop	de
06920   6A7A C9          		ret
06921   6A7B             
06922   6A7B             
06923   6A7B             ;----------------------------------------------------
06924   6A7B             ; Patrones usados para pintar una puerta giratoria en movimiento
06925   6A7B             ; Tiene	5 posiciones posibles y	una altura maxima de 32	pixeles	(4 patrones)
06926   6A7B             ; El ancho es de 16 pixeles (2 patrones)
06927   6A7B             ;----------------------------------------------------
06928   6A7B             tilesGiroDoor:	db 68h,	69h, 68h, 69h, 68h, 69h, 68h, 69h
06928   6A7B 6869686968696869
06929   6A83             		db 6Ah,	6Bh, 6Ah, 6Bh, 6Ah, 6Bh, 6Ah, 6Bh ; Azul/Blanco	girado ->
06929   6A83 6A6B6A6B6A6B6A6B
06930   6A8B             		db 54h,	55h, 54h, 55h, 54h, 55h, 54h, 55h ; Muro azul
06930   6A8B 5455545554555455
06931   6A93             		db 7Ah,	79h, 7Ah, 79h, 7Ah, 79h, 7Ah, 79h ; Blanco/azul	girado <-
06931   6A93 7A797A797A797A79
06932   6A9B             		db 78h,	77h, 78h, 77h, 78h, 77h, 78h, 77h ; Blanco/azul
06932   6A9B 7877787778777877
06933   6AA3             
06934   6AA3             
06935   6AA3             ;----------------------------------------------------
06936   6AA3             ;
06937   6AA3             ; Descomprime la piramide actual y sus elementos:
06938   6AA3             ; Plataformas, salidas,	momias, gemas, cuchillos,
06939   6AA3             ; picos, puertas giratorias, muros trampa y escaleras
06940   6AA3             ;
06941   6AA3             ;----------------------------------------------------
06942   6AA3             
06943   6AA3             setupStage:
06944   6AA3 AF          		xor	a
06945   6AA4 32 5E E0    		ld	(flagMuerte), a
06946   6AA7 32 5B E0    		ld	(UNKNOWN), a	; (!?) Se usa?
06947   6AAA CD 9A 6D    		call	BorraMapaRAM
06948   6AAD 3C          		inc	a
06949   6AAE 32 53 E0    		ld	(flagVivo), a
06950   6AB1 CD 56 43    		call	hideSprAttrib	; Limpia los atributos de los sprites (los oculta)
06951   6AB4             
06952   6AB4 21 55 E0    		ld	hl, piramideDest
06953   6AB7 7E          		ld	a, (hl)
06954   6AB8 2B          		dec	hl
06955   6AB9 77          		ld	(hl), a		; Piramide actual igual	a la de	destino
06956   6ABA CD A8 6D    		call	ChgStoneColor	; Cada 4 fases cambia el color de las piedras
06957   6ABD             
06958   6ABD 21 70 6D    		ld	hl, indexPiramides ; Indice de las piramides
06959   6AC0 3A 54 E0    		ld	a, (piramideActual)
06960   6AC3 3D          		dec	a
06961   6AC4 87          		add	a, a
06962   6AC5 CD 49 6D    		call	getIndexHL_A	; Obtiene el puntero al	mapa de	la piramide actual
06963   6AC8 EB          		ex	de, hl
06964   6AC9 06 04       		ld	b, 4
06965   6ACB DD 21 00 E7 		ld	ix, MapaRAMRoot	; La primera fila del mapa no se usa (ocupada por el marcador).	Tambien	usado como inicio de la	pila
06966   6ACF             
06967   6ACF             unpackMap:
06968   6ACF 1A          		ld	a, (de)
06969   6AD0 C5          		push	bc
06970   6AD1 D5          		push	de
06971   6AD2 21 8E 6D    		ld	hl, indexHalfMap
06972   6AD5 4F          		ld	c, a
06973   6AD6 1F          		rra
06974   6AD7 1F          		rra
06975   6AD8 1F          		rra
06976   6AD9 E6 1E       		and	1Eh
06977   6ADB CD 49 6D    		call	getIndexHL_A
06978   6ADE 79          		ld	a, c
06979   6ADF E6 0F       		and	0Fh
06980   6AE1 E5          		push	hl
06981   6AE2 26 00       		ld	h, 0
06982   6AE4 6F          		ld	l, a
06983   6AE5 29          		add	hl, hl
06984   6AE6 29          		add	hl, hl		; x4
06985   6AE7 54          		ld	d, h
06986   6AE8 5D          		ld	e, l
06987   6AE9 29          		add	hl, hl
06988   6AEA 29          		add	hl, hl		; x16
06989   6AEB 44          		ld	b, h
06990   6AEC 4D          		ld	c, l
06991   6AED 29          		add	hl, hl		; x32
06992   6AEE 09          		add	hl, bc		; x48
06993   6AEF 44          		ld	b, h
06994   6AF0 4D          		ld	c, l
06995   6AF1 E1          		pop	hl
06996   6AF2 09          		add	hl, bc
06997   6AF3 A7          		and	a
06998   6AF4 ED 52       		sbc	hl, de		; x44
06999   6AF6 DD E5       		push	ix
07000   6AF8 D1          		pop	de
07001   6AF9 D9          		exx
07002   6AFA             ;
07003   6AFA             ; Descomprime un cacho de mapa
07004   6AFA             ; 22 filas x 16	columnas (media	pantalla)
07005   6AFA             ; Cada bit indica si hay ladrillo o esta vacio
07006   6AFA             ;
07007   6AFA 06 16       		ld	b, 16h		; Numero de filas por pantalla (22)
07008   6AFC             
07009   6AFC             unpackMap2:
07010   6AFC D9          		exx
07011   6AFD 06 02       		ld	b, 2		; Dos bytes
07012   6AFF             
07013   6AFF             unpackMap3:
07014   6AFF C5          		push	bc
07015   6B00 06 08       		ld	b, 8		; Ocho bits
07016   6B02 4E          		ld	c, (hl)
07017   6B03             
07018   6B03             unpackMap4:
07019   6B03 CB 11       		rl	c		; Rota el byte para mirar si el	bit esta a 0 o a 1
07020   6B05 3E 00       		ld	a, 0		; Tile vacio
07021   6B07 30 02       		jr	nc, unpackMap5
07022   6B09 3E 12       		ld	a, 12h		; Tile ladrillo
07023   6B0B             
07024   6B0B             unpackMap5:
07025   6B0B 12          		ld	(de), a		; Pone el tile en el buffer del	mapa
07026   6B0C 13          		inc	de
07027   6B0D 10 F4       		djnz	unpackMap4
07028   6B0F             
07029   6B0F 23          		inc	hl		; Siguiente byte (8 tiles)
07030   6B10 C1          		pop	bc
07031   6B11 10 EC       		djnz	unpackMap3
07032   6B13             
07033   6B13 3E 50       		ld	a, 50h		; Distancia a la siguiente fila. Hay tres pantallas en horizontal
07034   6B15 CD 15 40    		call	ADD_A_DE
07035   6B18 D9          		exx
07036   6B19 10 E1       		djnz	unpackMap2
07037   6B1B             
07038   6B1B D9          		exx
07039   6B1C 01 10 00    		ld	bc, 10h		; Distancia a la segunda mitad de la pantalla
07040   6B1F DD 09       		add	ix, bc
07041   6B21 D1          		pop	de
07042   6B22 C1          		pop	bc
07043   6B23 1A          		ld	a, (de)
07044   6B24 13          		inc	de
07045   6B25 E6 F0       		and	0F0h
07046   6B27 FE 30       		cp	30h
07047   6B29 28 02       		jr	z, getDoors
07048   6B2B 10 A2       		djnz	unpackMap
07049   6B2D             
07050   6B2D             
07051   6B2D             ;----------------------------------------------------
07052   6B2D             ; Comprueba las	puertas	de salida de la	piramide
07053   6B2D             ; Si la	Y (primer byte)	es #FF la salida no existe
07054   6B2D             ; La puerta por	la que se entra	a la piramide la pone a	status #10 (1)
07055   6B2D             ; Si ya	se han cogido las gemas	de esta	piramide mantiene las puertas visibles y cerradas (status #80)
07056   6B2D             ; Si no	se han cogido, deja la puerta en status	0 (comprobando si se cogen todas las gemas)
07057   6B2D             ;----------------------------------------------------
07058   6B2D             
07059   6B2D             getDoors:
07060   6B2D 21 C4 E1    		ld	hl, numPuertas
07061   6B30 36 04       		ld	(hl), 4		; Maximo numero	de puertas que puede haber
07062   6B32 23          		inc	hl
07063   6B33 EB          		ex	de, hl
07064   6B34 D9          		exx
07065   6B35 06 00       		ld	b, 0		; Contador de salidas
07066   6B37             
07067   6B37             getNextDoor:
07068   6B37 D9          		exx
07069   6B38 7E          		ld	a, (hl)		; Y de la puerta
07070   6B39 3C          		inc	a		; Es #FF (Existe esta salida?)
07071   6B3A 20 0A       		jr	nz, getDoors3	; Si, existe
07072   6B3C             
07073   6B3C 3D          		dec	a
07074   6B3D 12          		ld	(de), a		; Marca	salida como no disponible
07075   6B3E 23          		inc	hl
07076   6B3F 3E 07       		ld	a, 7		; Tamaño de la estructura de cada salida
07077   6B41 CD 15 40    		call	ADD_A_DE	; DE apunta al buffer de la siguiente salida
07078   6B44 18 2C       		jr	chkLastDoor	; Comprueba si ya se han procesado todas las puertas
07079   6B46             
07080   6B46             getDoors3:
07081   6B46 CD 61 6D    		call	transfCoords	; Transfiere coordenadas desde HL a DE (Y, X)
07082   6B49             
07083   6B49 3A 56 E0    		ld	a, (puertaEntrada)
07084   6B4C CB 3F       		srl	a
07085   6B4E FE 04       		cp	4
07086   6B50 20 01       		jr	nz, getDoors4
07087   6B52 3D          		dec	a
07088   6B53             
07089   6B53             getDoors4:
07090   6B53 D9          		exx
07091   6B54 B8          		cp	b		; Esta puerta es por la	que se entra en	la piramide?
07092   6B55 D9          		exx
07093   6B56 3E 10       		ld	a, 10h		; Status: Dibuja la puerta de entrada
07094   6B58 28 0B       		jr	z, getDoors6
07095   6B5A             
07096   6B5A D5          		push	de
07097   6B5B CD 51 6D    		call	chkPiramPasada	; Comprueba si la piramide ya ha sido pasada para dejar	o quitar la puerta de salida
07098   6B5E 3E 00       		ld	a, 0		; Quita	la puerta y deja el estado que comprueba si se cogen todas las gemas
07099   6B60 28 02       		jr	z, getDoors5
07100   6B62 3E 80       		ld	a, 80h		; Mantiene la puerta cerrada visible
07101   6B64             
07102   6B64             getDoors5:
07103   6B64 D1          		pop	de
07104   6B65             
07105   6B65             getDoors6:
07106   6B65 12          		ld	(de), a		; Status de la puerta
07107   6B66 13          		inc	de
07108   6B67 7E          		ld	a, (hl)
07109   6B68 CD 94 44    		call	AL_C__AH_B	; Copia	el nibble alto de A en B y el bajo en C
07110   6B6B 78          		ld	a, b
07111   6B6C 12          		ld	(de), a		; Piramide a la	que lleva esta puerta
07112   6B6D 13          		inc	de
07113   6B6E 79          		ld	a, c
07114   6B6F 12          		ld	(de), a		; Direccion de la flecha del mapa / puerta de entrada /	direccion de la	salida
07115   6B70 13          		inc	de
07116   6B71 23          		inc	hl
07117   6B72             
07118   6B72             chkLastDoor:
07119   6B72 D9          		exx
07120   6B73 04          		inc	b
07121   6B74 3E 04       		ld	a, 4		; Numero maximo	de salidas
07122   6B76 B8          		cp	b
07123   6B77 20 BE       		jr	nz, getNextDoor	; Aun quedan puertas por comprobar
07124   6B79             
07125   6B79             
07126   6B79             
07127   6B79             ;----------------------------------------------------
07128   6B79             ;Actualiza momias de la	piramide
07129   6B79             ;----------------------------------------------------
07130   6B79 D9          		exx
07131   6B7A 7E          		ld	a, (hl)
07132   6B7B 32 64 E1    		ld	(numMomias), a
07133   6B7E 23          		inc	hl
07134   6B7F 47          		ld	b, a
07135   6B80 87          		add	a, a
07136   6B81 80          		add	a, b		; 3 bytes por momia (y,	x, tipo)
07137   6B82 06 00       		ld	b, 0
07138   6B84 4F          		ld	c, a
07139   6B85 11 4E E1    		ld	de, momiasPiramid ; Datos de las momias	que hay	en la piramide actual: y, x (%xxxxx--p), tipo
07140   6B88 ED B0       		ldir
07141   6B8A             
07142   6B8A             
07143   6B8A             ;----------------------------------------------------
07144   6B8A             ; Actualiza gemas
07145   6B8A             ;----------------------------------------------------
07146   6B8A 11 F3 E1    		ld	de, gemasTotales
07147   6B8D 7E          		ld	a, (hl)		; Numero de gemas de la	piramide
07148   6B8E ED A0       		ldi
07149   6B90 13          		inc	de
07150   6B91 47          		ld	b, a		; Numero de gemas
07151   6B92             
07152   6B92             readGemas:
07153   6B92 C5          		push	bc
07154   6B93 7E          		ld	a, (hl)		; Color
07155   6B94 E6 F0       		and	0F0h
07156   6B96 F6 01       		or	1		; Activa gema
07157   6B98 12          		ld	(de), a		; Tipo / color de la gema
07158   6B99             
07159   6B99 23          		inc	hl
07160   6B9A 13          		inc	de
07161   6B9B 3E 01       		ld	a, 1
07162   6B9D 12          		ld	(de), a		; Status 1
07163   6B9E             
07164   6B9E 13          		inc	de
07165   6B9F CD 61 6D    		call	transfCoords	; Transfiere coordenadas desde HL a DE (Y, X)
07166   6BA2 13          		inc	de
07167   6BA3 13          		inc	de
07168   6BA4 13          		inc	de		; 9 bytes por gema
07169   6BA5 C1          		pop	bc
07170   6BA6 10 EA       		djnz	readGemas
07171   6BA8             
07172   6BA8             
07173   6BA8 E5          		push	hl
07174   6BA9 AF          		xor	a
07175   6BAA 32 F4 E1    		ld	(ElemEnProceso), a ; Empezamos a pintar	las gemas desde	la primera
07176   6BAD             
07177   6BAD             putNextGema:
07178   6BAD AF          		xor	a
07179   6BAE CD B5 65    		call	getGemaDat	; Puntero a la gema en proceso
07180   6BB1 CD 51 6D    		call	chkPiramPasada	; Hay que poner	las gemas de esta piramide o ya	se han cogido antes?
07181   6BB4 28 09       		jr	z, putNextGema2	; Hay que ponerlas
07182   6BB6             
07183   6BB6 7E          		ld	a, (hl)
07184   6BB7 E6 F0       		and	0F0h
07185   6BB9 77          		ld	(hl), a		; Desactiva gema
07186   6BBA 23          		inc	hl
07187   6BBB 36 03       		ld	(hl), 3		; Status 3 de la gema
07188   6BBD 18 18       		jr	chkLastGema_
07189   6BBF             
07190   6BBF             putNextGema2:
07191   6BBF 23          		inc	hl
07192   6BC0 23          		inc	hl
07193   6BC1 CD D6 50    		call	getMapOffset00	; Obtiene en HL	el puntero al mapa de las coodenadas apuntada por HL
07194   6BC4 E5          		push	hl
07195   6BC5 11 96 6D    		ld	de, brillosGema	; Patrones que forman los destellos de la gema
07196   6BC8 CD D7 65    		call	putBrillosMap	; Pone los destellos de	la gema	en el mapa
07197   6BCB             
07198   6BCB AF          		xor	a
07199   6BCC CD B5 65    		call	getGemaDat
07200   6BCF CD 94 44    		call	AL_C__AH_B	; Copia	el nibble alto de A en B y el bajo en C
07201   6BD2 78          		ld	a, b		; Color	de la gema
07202   6BD3 C6 40       		add	a, 40h		; Map ID gemas
07203   6BD5 E1          		pop	hl
07204   6BD6 77          		ld	(hl), a		; Pone gema
07205   6BD7             
07206   6BD7             chkLastGema_:
07207   6BD7 21 F4 E1    		ld	hl, ElemEnProceso ; Usado para saber la	gema o puerta que se esta procesando
07208   6BDA 34          		inc	(hl)		; siguiente gema
07209   6BDB 7E          		ld	a, (hl)
07210   6BDC 2B          		dec	hl
07211   6BDD BE          		cp	(hl)		; Numero total de gemas
07212   6BDE 20 CD       		jr	nz, putNextGema	; Faltan gemas por procesar
07213   6BE0 E1          		pop	hl
07214   6BE1             
07215   6BE1             
07216   6BE1             
07217   6BE1             ;----------------------------------------------------
07218   6BE1             ; Actualiza cuchillos
07219   6BE1             ;----------------------------------------------------
07220   6BE1 11 63 E2    		ld	de, numKnifes
07221   6BE4 7E          		ld	a, (hl)		; Numero de cuchillos
07222   6BE5 12          		ld	(de), a		; Actualiza el numero de cuchillos de la piramide
07223   6BE6 23          		inc	hl
07224   6BE7 13          		inc	de
07225   6BE8 B7          		or	a
07226   6BE9 28 0F       		jr	z, getPicos	; No hay ninguno
07227   6BEB             
07228   6BEB 47          		ld	b, a
07229   6BEC             
07230   6BEC             setKnifeCoords:
07231   6BEC C5          		push	bc
07232   6BED 13          		inc	de
07233   6BEE 13          		inc	de
07234   6BEF CD 61 6D    		call	transfCoords	; Transfiere coordenadas desde HL a DE (Y, X)
07235   6BF2 3E 0B       		ld	a, 0Bh
07236   6BF4 CD 15 40    		call	ADD_A_DE
07237   6BF7 C1          		pop	bc
07238   6BF8 10 F2       		djnz	setKnifeCoords
07239   6BFA             
07240   6BFA             ;----------------------------------------------------
07241   6BFA             ; Actualiza picos
07242   6BFA             ;----------------------------------------------------
07243   6BFA             
07244   6BFA             getPicos:
07245   6BFA 11 CB E2    		ld	de, numPicos
07246   6BFD 7E          		ld	a, (hl)		; Numero de picos
07247   6BFE 12          		ld	(de), a		; Actualiza el numero de picos de esta piramide
07248   6BFF 13          		inc	de
07249   6C00 23          		inc	hl
07250   6C01 A7          		and	a
07251   6C02 28 24       		jr	z, getGiratorias ; No hay picos
07252   6C04             
07253   6C04 47          		ld	b, a		; Numero de picos
07254   6C05             
07255   6C05             getPicos2:
07256   6C05 C5          		push	bc
07257   6C06 3E 01       		ld	a, 1
07258   6C08 12          		ld	(de), a		; Status = 1
07259   6C09 13          		inc	de
07260   6C0A CD 61 6D    		call	transfCoords	; Transfiere coordenadas desde HL a DE (Y, X)
07261   6C0D C1          		pop	bc
07262   6C0E 10 F5       		djnz	getPicos2
07263   6C10             
07264   6C10 E5          		push	hl
07265   6C11 21 CB E2    		ld	hl, numPicos
07266   6C14 46          		ld	b, (hl)		; Numero de picos que hay en el	mapa
07267   6C15 23          		inc	hl
07268   6C16 23          		inc	hl		; Apunta a la Y	del pico
07269   6C17             
07270   6C17             getPicos3:
07271   6C17 C5          		push	bc
07272   6C18 E5          		push	hl
07273   6C19 CD D6 50    		call	getMapOffset00	; Obtiene en HL	el puntero al mapa de las coodenadas apuntada por HL
07274   6C1C 36 80       		ld	(hl), 80h	; Pone pico en el mapa
07275   6C1E E1          		pop	hl
07276   6C1F 3E 05       		ld	a, 5
07277   6C21 CD 10 40    		call	ADD_A_HL	; Pasa datos del pico para apuntar a las coordenadas del siguiente
07278   6C24 C1          		pop	bc
07279   6C25 10 F0       		djnz	getPicos3
07280   6C27 E1          		pop	hl
07281   6C28             
07282   6C28             
07283   6C28             ;----------------------------------------------------
07284   6C28             ; Actualiza puertas giratorias
07285   6C28             ;----------------------------------------------------
07286   6C28             
07287   6C28             getGiratorias:
07288   6C28 7E          		ld	a, (hl)		; Numero de puertas giratorias
07289   6C29 23          		inc	hl
07290   6C2A 11 1D E3    		ld	de, numDoorGira
07291   6C2D 12          		ld	(de), a		; Actualiza numero de puertas giratorias de la piramide
07292   6C2E B7          		or	a
07293   6C2F 28 37       		jr	z, getMuroTrampa ; No hay puertas giratorias
07294   6C31             
07295   6C31 13          		inc	de
07296   6C32 47          		ld	b, a
07297   6C33             
07298   6C33             getGiratorias2:
07299   6C33 C5          		push	bc
07300   6C34 ED A0       		ldi			; Altura puerta	(luego se divide entre 2 y se le suma 2)
07301   6C36 ED A0       		ldi			; Y
07302   6C38 13          		inc	de		; Pasa decimales X
07303   6C39             
07304   6C39 7E          		ld	a, (hl)		; Coordenada X
07305   6C3A E6 F8       		and	0F8h		; bits 7-3
07306   6C3C 12          		ld	(de), a		; X ajustada a patrones
07307   6C3D             
07308   6C3D 13          		inc	de
07309   6C3E 7E          		ld	a, (hl)
07310   6C3F 1F          		rra
07311   6C40 1F          		rra			; bit 2
07312   6C41 E6 01       		and	1
07313   6C43 12          		ld	(de), a		; Habitacion
07314   6C44             
07315   6C44 13          		inc	de
07316   6C45 7E          		ld	a, (hl)
07317   6C46 17          		rla
07318   6C47 17          		rla			; bits 0-1
07319   6C48 E6 0C       		and	0Ch
07320   6C4A 12          		ld	(de), a		; Sentido de giro
07321   6C4B 13          		inc	de
07322   6C4C 13          		inc	de
07323   6C4D 23          		inc	hl
07324   6C4E C1          		pop	bc
07325   6C4F 10 E2       		djnz	getGiratorias2
07326   6C51             
07327   6C51 E5          		push	hl
07328   6C52 DD 21 1E E3 		ld	ix, doorGiraData ; 0 = Status (bit 0 = Girando,	bits 2-1 = altura + 2)
07329   6C56             					; 1 = Y
07330   6C56             					; 2 = X	decimal
07331   6C56             					; 3 = X
07332   6C56             					; 4 = Habitacion
07333   6C56             					; 5 = Sentido giro
07334   6C56             					; 6 = Contador giro
07335   6C56             
07336   6C56             getGiratorias3:
07337   6C56 CD AF 69    		call	putGiratMap	; Pone puerta giratoria	en el mapa
07338   6C59 11 07 00    		ld	de, 7
07339   6C5C DD 19       		add	ix, de
07340   6C5E 21 1C E3    		ld	hl, GiratEnProceso
07341   6C61 34          		inc	(hl)
07342   6C62 7E          		ld	a, (hl)
07343   6C63 23          		inc	hl
07344   6C64 BE          		cp	(hl)		; Comprueba si estan todas puestas
07345   6C65 20 EF       		jr	nz, getGiratorias3 ; Aun quedan	puertas	giratorias por poner en	el mapa
07346   6C67 E1          		pop	hl
07347   6C68             
07348   6C68             
07349   6C68             ;----------------------------------------------------
07350   6C68             ; Actualiza muros trampa
07351   6C68             ;----------------------------------------------------
07352   6C68             
07353   6C68             getMuroTrampa:
07354   6C68 11 FE E3    		ld	de, numMuroTrampa ; Numero de muros trampa que hay en la piramide
07355   6C6B 7E          		ld	a, (hl)
07356   6C6C ED A0       		ldi			; Copia	el numero de muros trampa que hay en esta piramide
07357   6C6E B7          		or	a
07358   6C6F 28 09       		jr	z, getStairs	;  No hay muros	trampa
07359   6C71             
07360   6C71 47          		ld	b, a
07361   6C72             
07362   6C72             getMuroTrampa2:
07363   6C72 C5          		push	bc		; Numero de muros trampa
07364   6C73 13          		inc	de
07365   6C74 CD 61 6D    		call	transfCoords	; Transfiere coordenadas desde HL a DE (Y, X)
07366   6C77 C1          		pop	bc
07367   6C78 10 F8       		djnz	getMuroTrampa2
07368   6C7A             
07369   6C7A             
07370   6C7A             ;----------------------------------------------------
07371   6C7A             ; Procesa escaleras
07372   6C7A             ;----------------------------------------------------
07373   6C7A             
07374   6C7A             getStairs:
07375   6C7A EB          		ex	de, hl
07376   6C7B 1A          		ld	a, (de)		; Numero de escaleras
07377   6C7C 47          		ld	b, a
07378   6C7D 13          		inc	de
07379   6C7E A7          		and	a
07380   6C7F C8          		ret	z		; No hay escaleras
07381   6C80             
07382   6C80             getStairs2:
07383   6C80 C5          		push	bc
07384   6C81 21 83 E0    		ld	hl, escaleraData
07385   6C84 EB          		ex	de, hl
07386   6C85 D5          		push	de
07387   6C86 ED A0       		ldi			; Y escalera
07388   6C88             
07389   6C88 AF          		xor	a
07390   6C89 12          		ld	(de), a		; Decimales X
07391   6C8A             
07392   6C8A 13          		inc	de
07393   6C8B 7E          		ld	a, (hl)		; X
07394   6C8C E6 F8       		and	0F8h
07395   6C8E 12          		ld	(de), a		; Ajusta la X a	multiplo de 8
07396   6C8F             
07397   6C8F 7E          		ld	a, (hl)		; Bit 0	= Sentido. Bit 1 = Habitacion
07398   6C90 E6 01       		and	1
07399   6C92 47          		ld	b, a		; Sentido
07400   6C93             
07401   6C93 13          		inc	de
07402   6C94 7E          		ld	a, (hl)
07403   6C95 1F          		rra
07404   6C96 E6 01       		and	1
07405   6C98 12          		ld	(de), a		; Habitacion
07406   6C99             
07407   6C99 D1          		pop	de		; Datos	escaleras
07408   6C9A EB          		ex	de, hl
07409   6C9B D5          		push	de
07410   6C9C CD D6 50    		call	getMapOffset00	; Obtiene en HL	el puntero al mapa de las coodenadas apuntada por HL
07411   6C9F             
07412   6C9F             getStairs3:
07413   6C9F 7E          		ld	a, (hl)		; Hay algo en ese lugar	del mapa?
07414   6CA0 A7          		and	a
07415   6CA1 20 12       		jr	nz, getStairs5	; Si, la escalera ha llegado a una plataforma
07416   6CA3             
07417   6CA3 0E 20       		ld	c, 20h
07418   6CA5 CD C0 6C    		call	putPeldanoMap
07419   6CA8 A7          		and	a		; Sentido?
07420   6CA9 C5          		push	bc
07421   6CAA 01 9E FF    		ld	bc, -62h	; Desplazamiento a la fila superior del	mapa si	la escalera que	sube hacia la izquierda
07422   6CAD 28 02       		jr	z, getStairs4
07423   6CAF 03          		inc	bc
07424   6CB0 03          		inc	bc		; Hacia	la derecha
07425   6CB1             
07426   6CB1             getStairs4:
07427   6CB1 09          		add	hl, bc
07428   6CB2 C1          		pop	bc
07429   6CB3 18 EA       		jr	getStairs3
07430   6CB5             
07431   6CB5             getStairs5:
07432   6CB5 0E 15       		ld	c, 15h
07433   6CB7 CD C0 6C    		call	putPeldanoMap	; Pone peldaño especial	de inicio/fin escalera
07434   6CBA D1          		pop	de
07435   6CBB 13          		inc	de
07436   6CBC C1          		pop	bc
07437   6CBD 10 C1       		djnz	getStairs2
07438   6CBF C9          		ret
07439   6CC0             
07440   6CC0             putPeldanoMap:
07441   6CC0 78          		ld	a, b		; Sentido
07442   6CC1 A7          		and	a
07443   6CC2 28 02       		jr	z, putPeldanoMap2
07444   6CC4 0C          		inc	c
07445   6CC5 0C          		inc	c		; Peldaños hacia la izquierda
07446   6CC6             
07447   6CC6             putPeldanoMap2:
07448   6CC6 71          		ld	(hl), c
07449   6CC7 0C          		inc	c
07450   6CC8 23          		inc	hl
07451   6CC9 71          		ld	(hl), c
07452   6CCA C9          		ret
07453   6CCB             
07454   6CCB             
07455   6CCB             
07456   6CCB             ;----------------------------------------------------
07457   6CCB             ;
07458   6CCB             ; Pinta	la pantalla, los sprites, cuchillos y coloca las momias
07459   6CCB             ;
07460   6CCB             ;----------------------------------------------------
07461   6CCB             
07462   6CCB             setupRoom:
07463   6CCB 3E 01       		ld	a, 1
07464   6CCD 32 47 E1    		ld	(flagScrolling), a
07465   6CD0 3A 3A E1    		ld	a, (ProtaRoom)	; Habitacion del prota (xHigh)
07466   6CD3 87          		add	a, a
07467   6CD4 87          		add	a, a
07468   6CD5 87          		add	a, a
07469   6CD6 87          		add	a, a
07470   6CD7 87          		add	a, a		; x32 (ancho de	una pantalla)
07471   6CD8 11 60 E7    		ld	de, MapaRAM
07472   6CDB CD 15 40    		call	ADD_A_DE	; DE = Puntero a la pantalla en	la que se encuentra el prota (puede haber 3 en horizontal)
07473   6CDE CD 54 5D    		call	drawRoom	; Dibuja la habitacion en la que se encuentra el prota
07474   6CE1 CD 75 4B    		call	updateSprites	; Pone los sprites
07475   6CE4 CD FF 57    		call	AI_Cuchillos	; Pone los cuchillos
07476   6CE7 AF          		xor	a
07477   6CE8 32 65 E1    		ld	(momiaEnProceso), a
07478   6CEB             
07479   6CEB             initMomias:
07480   6CEB CD F8 6C    		call	initMomia
07481   6CEE 21 65 E1    		ld	hl, momiaEnProceso
07482   6CF1 34          		inc	(hl)
07483   6CF2 7E          		ld	a, (hl)
07484   6CF3 2B          		dec	hl
07485   6CF4 BE          		cp	(hl)		; Se han procesado todas las momia?
07486   6CF5 20 F4       		jr	nz, initMomias
07487   6CF7 C9          		ret
07488   6CF8             
07489   6CF8             
07490   6CF8             ;----------------------------------------------------
07491   6CF8             ;
07492   6CF8             ; Inicializa la	momia en proceso
07493   6CF8             ;
07494   6CF8             ; Pasa los datos de la momia a su estructura
07495   6CF8             ; Pone el estado 4 que es el de	aparecer
07496   6CF8             ; Fija su velocidad y color dependiendo	del tipo de momia
07497   6CF8             ; El tipo de momia se ve incrementado por el numero de veces que se ha terminado el juego
07498   6CF8             ;----------------------------------------------------
07499   6CF8             
07500   6CF8             initMomia:
07501   6CF8 CD DB 73    		call	getMomiaProcDat
07502   6CFB DD E5       		push	ix
07503   6CFD E1          		pop	hl		; Puntero a la estructura de la	momia
07504   6CFE 36 04       		ld	(hl), 4		; Accion momia aparecer
07505   6D00 23          		inc	hl
07506   6D01 23          		inc	hl
07507   6D02 23          		inc	hl
07508   6D03 11 4E E1    		ld	de, momiasPiramid ; Datos de las momias	que hay	en la piramide actual: y, x (%xxxxx--p), tipo
07509   6D06 3A 65 E1    		ld	a, (momiaEnProceso)
07510   6D09 4F          		ld	c, a
07511   6D0A 87          		add	a, a
07512   6D0B 81          		add	a, c		; x3
07513   6D0C CD 15 40    		call	ADD_A_DE
07514   6D0F EB          		ex	de, hl		; HL apunta a la definicion de momia
07515   6D10             
07516   6D10             	IF	(VERSION2)
07517   6D10 CD 61 6D    		call	transfCoords	; Transfiere coordenadas de la momia
07518   6D13             	ELSE
07519   6D13~            		ldi			; Copia	la Y
07520   6D13~            
07521   6D13~            		inc	de		; Pasa decimales X
07522   6D13~            
07523   6D13~            		ld	a, (hl)
07524   6D13~            		and	0F8h		; Ajusta la coordenada X a multiplo de 8
07525   6D13~            		ld	(de), a		; X
07526   6D13~            
07527   6D13~            		inc	de
07528   6D13~            		ld	a, (hl)
07529   6D13~            		and	1
07530   6D13~            		ld	(de), a		; Habitacion de	inicio (xHigh)
07531   6D13~            
07532   6D13~            		inc	de
07533   6D13~            		inc	hl
07534   6D13             	ENDIF
07535   6D13             
07536   6D13 7E          		ld	a, (hl)		; Tipo de momia
07537   6D14 4F          		ld	c, a
07538   6D15 3A 58 E0    		ld	a, (numFinishGame) ; Numero de veces que se ha terminado el juego
07539   6D18 81          		add	a, c		; Suma al tipo de momia	las veces que se ha terminado el juego
07540   6D19 FE 05       		cp	5		; Comprueba si se sale del rango de tipos de momias existentes
07541   6D1B 38 02       		jr	c, initMomia2
07542   6D1D             
07543   6D1D 3E 04       		ld	a, 4		; Tipo de momia	mas inteligente
07544   6D1F             
07545   6D1F             initMomia2:
07546   6D1F 4F          		ld	c, a		; Tipo de momia
07547   6D20 EB          		ex	de, hl
07548   6D21 11 44 6D    		ld	de, tiposMomia	; Caracteristicas de cada tipo de momia	(color y velocidad)
07549   6D24 CD 15 40    		call	ADD_A_DE
07550   6D27 1A          		ld	a, (de)
07551   6D28 47          		ld	b, a
07552   6D29 E6 F0       		and	0F0h		; El nibble alto indica	la velocidad de	la momia
07553   6D2B 77          		ld	(hl), a		; Velocidad
07554   6D2C             
07555   6D2C 3E 0A       		ld	a, 0Ah
07556   6D2E CD 10 40    		call	ADD_A_HL
07557   6D31 36 10       		ld	(hl), 10h	; Timer	(tiempo	que tarda en aparecer)
07558   6D33 23          		inc	hl
07559   6D34 23          		inc	hl
07560   6D35 23          		inc	hl
07561   6D36 71          		ld	(hl), c		; Tipo de momia
07562   6D37 13          		inc	de
07563   6D38 CD F3 71    		call	getMomiaAtrib	; Attributos del sprite	de la momia
07564   6D3B 23          		inc	hl
07565   6D3C 23          		inc	hl
07566   6D3D 23          		inc	hl
07567   6D3E 78          		ld	a, b
07568   6D3F CD 94 44    		call	AL_C__AH_B	; Copia	el nibble alto de A en B y el bajo en C
07569   6D42 71          		ld	(hl), c		; Color
07570   6D43 C9          		ret
07571   6D44             
07572   6D44             ;----------------------------------------------------
07573   6D44             ; Tipos	de momia
07574   6D44             ; Nibble bajo =	Color
07575   6D44             ; Nibble alto =	Velocidad
07576   6D44             ;----------------------------------------------------
07577   6D44 5F          tiposMomia:	db 5Fh
07578   6D45 59          		db 59h
07579   6D46 A4          		db 0A4h
07580   6D47 A8          		db 0A8h
07581   6D48 BA          		db 0BAh
07582   6D49             
07583   6D49             ;----------------------------------------------------
07584   6D49             ; Get index HL,	A
07585   6D49             ;
07586   6D49             ; In: HL = Index pointer
07587   6D49             ;      A = Index
07588   6D49             ; Out: HL = (HL	+ A)
07589   6D49             ;----------------------------------------------------
07590   6D49             
07591   6D49             getIndexHL_A:
07592   6D49 CD 10 40    		call	ADD_A_HL
07593   6D4C 7E          		ld	a, (hl)
07594   6D4D 23          		inc	hl
07595   6D4E 66          		ld	h, (hl)
07596   6D4F 6F          		ld	l, a
07597   6D50 C9          		ret
07598   6D51             
07599   6D51             
07600   6D51             ;----------------------------------------------------
07601   6D51             ; Comprueba si la piramide actual ya ha	sido terminada
07602   6D51             ; Out: NZ = Pasada
07603   6D51             ;	Z = No pasada
07604   6D51             ;----------------------------------------------------
07605   6D51             
07606   6D51             chkPiramPasada:
07607   6D51 ED 4B 62 E0 		ld	bc, (PiramidesPasadas) ; Cada bit indica si la piramide	correspondiente	ya esta	pasada/terminada
07608   6D55 C5          		push	bc
07609   6D56 CD 23 65    		call	calcBitMask	; Devuelve en DE el bit	activo que corresponde a la piramide actual
07610   6D59 C1          		pop	bc
07611   6D5A 78          		ld	a, b
07612   6D5B A2          		and	d
07613   6D5C 47          		ld	b, a
07614   6D5D 79          		ld	a, c
07615   6D5E A3          		and	e
07616   6D5F 80          		add	a, b
07617   6D60 C9          		ret
07618   6D61             
07619   6D61             
07620   6D61             ;----------------------------------------------------
07621   6D61             ; Transfiere coordenadas desde HL a DE (Y, X)
07622   6D61             ; In:
07623   6D61             ;   HL = Y, X (XXXXXxxP) X = Coordenada	X, P = Pantalla
07624   6D61             ;----------------------------------------------------
07625   6D61             
07626   6D61             transfCoords:
07627   6D61 ED A0       		ldi			; Copia	coordenada Y
07628   6D63 13          		inc	de		; Pasa los decimales de	la X
07629   6D64 7E          		ld	a, (hl)
07630   6D65 E6 F8       		and	0F8h		; Ajusta coordenada X a	multiplos de 8 (patrones)
07631   6D67 12          		ld	(de), a		; Guarda coordenada X
07632   6D68             
07633   6D68 13          		inc	de		; Apunta al segundo byte de la coordenada X (habitacion)
07634   6D69 7E          		ld	a, (hl)		; Vuelve a leer	la coordenada X
07635   6D6A E6 01       		and	1		; Se queda con el bit 0	(!?) Solo pueden ponerse la gemas en la	pantalla 0 o 1
07636   6D6C 12          		ld	(de), a		; Interpreta el	bit 0 como pantalla de destino (coordenada + 256*bit0)
07637   6D6D 13          		inc	de
07638   6D6E 23          		inc	hl
07639   6D6F C9          		ret
07640   6D70             
07641   6D70             
07642   6D70             
07643   6D70             ;----------------------------------------------------
07644   6D70             ; Mapas	de las piramides
07645   6D70             ;----------------------------------------------------
07646   6D70 47 60       indexPiramides:	dw MapStage1
07647   6D72 7A 60       		dw MapStage2
07648   6D74 88 61       		dw MapStage3
07649   6D76 22 61       		dw MapStage4
07650   6D78 DD 60       		dw MapStage5
07651   6D7A C8 61       		dw MapStage6
07652   6D7C E1 62       		dw MapStage7
07653   6D7E 35 62       		dw MapStage8
07654   6D80 21 63       		dw MapStage9
07655   6D82 5F 63       		dw MapStage10
07656   6D84 97 62       		dw MapStage11
07657   6D86 08 64       		dw MapStage12
07658   6D88 6C 64       		dw MapStage13
07659   6D8A B8 64       		dw MapStage14
07660   6D8C BF 63       		dw MapStage15
07661   6D8E             
07662   6D8E DF 5D       indexHalfMap:	dw halfMap1
07663   6D90 8F 5E       		dw halfMap2
07664   6D92 13 5F       		dw halfMap3
07665   6D94 97 5F       		dw halfMap4
07666   6D96             
07667   6D96             
07668   6D96             ;----------------------------------------------------
07669   6D96             ; Patrones que forman el destello de las gemas
07670   6D96             ;----------------------------------------------------
07671   6D96 40          brillosGema:	db 40h			; Superior
07672   6D97 41          		db 41h			; Izquierda
07673   6D98 00          		db 0			; Espacio para la gema
07674   6D99 42          		db 42h			; Derecha
07675   6D9A             
07676   6D9A             
07677   6D9A             ;----------------------------------------------------
07678   6D9A             ; Borra	el mapa	de la RAM
07679   6D9A             ;----------------------------------------------------
07680   6D9A             
07681   6D9A             BorraMapaRAM:
07682   6D9A 21 60 E7    		ld	hl, MapaRAM
07683   6D9D 11 61 E7    		ld	de,  MapaRAM+1
07684   6DA0 01 A0 08    		ld	bc, 8A0h
07685   6DA3 36 14       		ld	(hl), 14h
07686   6DA5 ED B0       		ldir
07687   6DA7 C9          		ret
07688   6DA8             
07689   6DA8             ;----------------------------------------------------
07690   6DA8             ;
07691   6DA8             ; Cambia el color de los ladrillos cada	4 fases
07692   6DA8             ;
07693   6DA8             ;----------------------------------------------------
07694   6DA8             
07695   6DA8             ChgStoneColor:
07696   6DA8 3A 54 E0    		ld	a, (piramideActual)
07697   6DAB 3D          		dec	a
07698   6DAC 1F          		rra
07699   6DAD 1F          		rra
07700   6DAE E6 03       		and	3
07701   6DB0 21 CC 6D    		ld	hl, ColoresPiedra
07702   6DB3 CD BE 65    		call	getIndexX9
07703   6DB6 EB          		ex	de, hl
07704   6DB7 21 00 02    		ld	hl, 200h	; Destino = Patron #40 (Piedras/ladrillos)
07705   6DBA 06 05       		ld	b, 5		; Numero de patrones a pintar
07706   6DBC             
07707   6DBC             ChgStoneColor2:
07708   6DBC C5          		push	bc
07709   6DBD D5          		push	de
07710   6DBE E5          		push	hl
07711   6DBF CD F1 44    		call	UnpackPatterns
07712   6DC2 E1          		pop	hl
07713   6DC3 11 08 00    		ld	de, 8
07714   6DC6 19          		add	hl, de
07715   6DC7 D1          		pop	de
07716   6DC8 C1          		pop	bc
07717   6DC9 10 F1       		djnz	ChgStoneColor2
07718   6DCB C9          		ret
07719   6DCC             
07720   6DCC             ;----------------------------------------------------
07721   6DCC             ; Colores de los ladrillos
07722   6DCC             ; Formato: numero de filas, color
07723   6DCC             ;----------------------------------------------------
07724   6DCC             ColoresPiedra:	db    2,0A0h,	2, 60h,	  2,0A0h,   2, 60h,   0
07724   6DCC 02A0026002A0026000
07725   6DD5             		db    2, 40h,	2, 70h,	  2, 40h,   2, 70h,   0
07725   6DD5 024002700240027000
07726   6DDE             		db    2, 60h,	2,0A0h,	  2, 60h,   2,0A0h,   0
07726   6DDE 026002A0026002A000
07727   6DE7             		db    2,0C0h,	2,0B0h,	  2,0C0h,   2, 30h,   0
07727   6DE7 02C002B002C0023000
07728   6DF0             
07729   6DF0             
07730   6DF0             ;----------------------------------------------------
07731   6DF0             ;
07732   6DF0             ; Logica del prota en las escaleras cuando entra o sale	de la piramide
07733   6DF0             ; Comprueba si las sube	o las baja y actualiza las coordenadas del prota
07734   6DF0             ; Si sale, comprueba si	hay que	dar un bonus
07735   6DF0             ;
07736   6DF0             ;----------------------------------------------------
07737   6DF0             
07738   6DF0             escalerasEntrada:
07739   6DF0 3A 30 E1    		ld	a, (statusEntrada) ; Status del	prota en las escaleras de la entrada/salida
07740   6DF3 CD 4B 40    		call	jumpIndex
07741   6DF6             
07742   6DF6 FE 6D       		dw entraSale		; Subiendo o bajando por las escaleras
07743   6DF8 5E 6E       		dw quietoFinEsc		; Ha llegado al	final de las escaleras.	Espera un rato
07744   6DFA 85 6E       		dw chkBonusStage	; Comprueba si hay que dar un bonus por	pasarse	la piramide
07745   6DFC B8 6E       		dw haSalido		; Ha salido de la piramide. Pasa al pergamino
07746   6DFE             
07747   6DFE             entraSale:
07748   6DFE 21 3E E1    		ld	hl, protaMovCnt	; (!?) Donde se	usa HL?
07749   6E01 3A 03 E0    		ld	a, (timer)
07750   6E04 E6 03       		and	3
07751   6E06 C0          		ret	nz		; Procesa una de cada cuatro iteraciones
07752   6E07             
07753   6E07 21 E0 01    		ld	hl, 1E0h
07754   6E0A 22 3B E1    		ld	(protaSpeed), hl ; Velocidad X mientras	entra en la piramide
07755   6E0D CD FB 73    		call	mueveProta	; Actualiza la posicion	del prota
07756   6E10             
07757   6E10 3A 00 E0    		ld	a, (GameStatus)
07758   6E13 FE 04       		cp	4		; Entrando o saliendo de la piramide?
07759   6E15 20 13       		jr	nz, salePiramide
07760   6E17             
07761   6E17 21 37 E1    		ld	hl, ProtaY
07762   6E1A 34          		inc	(hl)		; Incrementa la	Y del prota
07763   6E1B 7E          		ld	a, (hl)
07764   6E1C E6 07       		and	7		; Ha terminado de bajar	las escaleras? (solo baja 1 tile)
07765   6E1E 20 1E       		jr	nz, animProta	; Siguiente frame de la	animacion del prota
07766   6E20             
07767   6E20 3E 01       		ld	a, 1
07768   6E22 32 3F E1    		ld	(protaFrame), a	; Pone frame de	quieto
07769   6E25 CD FA 4C    		call	setAttribProta	; Actualiza atributos de los sprites del prota
07770   6E28 18 1E       		jr	finEntraSale
07771   6E2A             
07772   6E2A             salePiramide:
07773   6E2A 21 37 E1    		ld	hl, ProtaY
07774   6E2D 35          		dec	(hl)		; Decrementa la	Y del prota
07775   6E2E 23          		inc	hl
07776   6E2F 23          		inc	hl
07777   6E30 7E          		ld	a, (hl)		; X prota
07778   6E31 C6 08       		add	a, 8
07779   6E33 21 B1 E0    		ld	hl, puertaXspr	; X sprite puerta (parte derecha)
07780   6E36 BE          		cp	(hl)		; Esta medio cuerpo del	prota tapado por la puerta derecha?
07781   6E37 38 05       		jr	c, animProta	; No
07782   6E39             
07783   6E39 CD 56 43    		call	hideSprAttrib	; Oculta todos los sprites (prota, puerta derecha...)
07784   6E3C 18 0A       		jr	finEntraSale
07785   6E3E             
07786   6E3E             animProta:
07787   6E3E 21 3F E1    		ld	hl, protaFrame
07788   6E41 34          		inc	(hl)		; siguiente frame
07789   6E42 E6 07       		and	7		; rango	0-7
07790   6E44 77          		ld	(hl), a
07791   6E45 C3 FA 4C    		jp	setAttribProta	; Actualiza atributos de los sprites del prota
07792   6E48             
07793   6E48             finEntraSale:
07794   6E48 01 A8 00    		ld	bc, 0A8h
07795   6E4B ED 43 3B E1 		ld	(protaSpeed), bc ; El byte bajo	indica la parte	"decimal" y el alto la entera
07796   6E4F 06 04       		ld	b, 4		; Numero de sprites a quitar
07797   6E51 CD 58 43    		call	hideSprAttrib2	; Oculta los sprites de	la puerta
07798   6E54             
07799   6E54 21 30 E1    		ld	hl, statusEntrada ; Status del prota en	las escaleras
07800   6E57 34          		inc	(hl)		; Pasa al siguiente estado: quieto al pie de las escaleras
07801   6E58             
07802   6E58 3E 20       		ld	a, 20h
07803   6E5A 32 03 E0    		ld	(timer), a
07804   6E5D C9          		ret
07805   6E5E             
07806   6E5E             
07807   6E5E             ;----------------------------------------------------
07808   6E5E             ; El prota ha llegado al final de las escaleras
07809   6E5E             ; al entrar o al salir de la piramide
07810   6E5E             ;----------------------------------------------------
07811   6E5E             
07812   6E5E             quietoFinEsc:
07813   6E5E CD EA 65    		call	AI_Salidas
07814   6E61 3A C2 E1    		ld	a, (puertaCerrada) ; Vale 1 al cerrarse	la salida
07815   6E64 B7          		or	a
07816   6E65 C8          		ret	z		; La puerta no se ha cerrado aun
07817   6E66             
07818   6E66 3A 00 E0    		ld	a, (GameStatus)
07819   6E69 FE 04       		cp	4		; Entrando o saliendo de la piramide?
07820   6E6B 28 0E       		jr	z, estaDentro	; Entrando
07821   6E6D             
07822   6E6D 3E 20       		ld	a, 20h		; Silencio
07823   6E6F CD A9 7A    		call	setMusic
07824   6E72             
07825   6E72 21 30 E1    		ld	hl, statusEntrada
07826   6E75 34          		inc	(hl)		; Pasa al siguiente estado de las escaleras: comprueba si hay que dar un bonus por pasarse la fase
07827   6E76             
07828   6E76 AF          		xor	a
07829   6E77 32 F4 E1    		ld	(ElemEnProceso), a ; Usado para	saber la gema o	puerta que se esta procesando
07830   6E7A C9          		ret
07831   6E7B             
07832   6E7B             
07833   6E7B             ;----------------------------------------------------
07834   6E7B             ; Ya esta dentro de la piramide	y la puerta se ha cerrado.
07835   6E7B             ; Pasa al siguiente substado que inicia	la fase
07836   6E7B             ;----------------------------------------------------
07837   6E7B             
07838   6E7B             estaDentro:
07839   6E7B 3E 28       		ld	a, 28h
07840   6E7D 32 04 E0    		ld	(waitCounter), a
07841   6E80 21 01 E0    		ld	hl, subStatus
07842   6E83 34          		inc	(hl)		; Inicia la fase
07843   6E84 C9          		ret
07844   6E85             
07845   6E85             ;----------------------------------------------------
07846   6E85             ;
07847   6E85             ; Comprueba si hay que dar un bonus por	pasarse	la piramide
07848   6E85             ; Si ya	se ha pasado no	hay bonus
07849   6E85             ;
07850   6E85             ;----------------------------------------------------
07851   6E85             
07852   6E85             chkBonusStage:
07853   6E85 21 04 E0    		ld	hl, waitCounter
07854   6E88 35          		dec	(hl)
07855   6E89 F0          		ret	p
07856   6E8A             
07857   6E8A CD 51 6D    		call	chkPiramPasada
07858   6E8D 20 0B       		jr	nz, chkBonusStage2 ; Ya	se la habia pasado
07859   6E8F             
07860   6E8F 11 00 20    		ld	de, 2000h
07861   6E92 CD 12 44    		call	SumaPuntos	; Bonus	de 2000	puntos
07862   6E95 3E 8F       		ld	a, 8Fh		; Bonus	stage clear
07863   6E97 CD A9 7A    		call	setMusic
07864   6E9A             
07865   6E9A             chkBonusStage2:
07866   6E9A 21 30 E1    		ld	hl, statusEntrada
07867   6E9D 34          		inc	(hl)		; Pasa al siguiente estado
07868   6E9E             
07869   6E9E 3E 70       		ld	a, 70h
07870   6EA0 32 04 E0    		ld	(waitCounter), a ; Tiempo que espera antes de finalizar	el proceso de salida
07871   6EA3             
07872   6EA3 CD 23 65    		call	calcBitMask	; Devuelve en DE el bit	activo que corresponde a la piramide actual
07873   6EA6 21 62 E0    		ld	hl, PiramidesPasadas ; Cada bit	indica si la piramide correspondiente ya esta pasada/terminada
07874   6EA9 C3 18 65    		jp	setPiramidClear	; Marca	la piramide actual como	pasada
07875   6EAC             
07876   6EAC             
07877   6EAC             ;----------------------------------------------------
07878   6EAC             ; Vida extra
07879   6EAC             ; Suma una vida	y reproduce un SFX para	indicarlo
07880   6EAC             ;----------------------------------------------------
07881   6EAC             
07882   6EAC             VidaExtra:
07883   6EAC 21 50 E0    		ld	hl, Vidas
07884   6EAF 34          		inc	(hl)		; Incrementa el	numero de vidas
07885   6EB0             
07886   6EB0 3E 8A       		ld	a, 8Ah		; SFX vida extra
07887   6EB2 CD A9 7A    		call	setMusic
07888   6EB5 C3 85 43    		jp	dibujaVidas
07889   6EB8             
07890   6EB8             ;----------------------------------------------------
07891   6EB8             ; Ha salido de la piramide
07892   6EB8             ;
07893   6EB8             ;----------------------------------------------------
07894   6EB8             
07895   6EB8             haSalido:
07896   6EB8 21 03 E0    		ld	hl, timer
07897   6EBB 7E          		ld	a, (hl)
07898   6EBC E6 03       		and	3		; (!?) Para que	hace esto sin o	vale para nada?
07899   6EBE             
07900   6EBE 23          		inc	hl
07901   6EBF 35          		dec	(hl)		; Decrementa waitCounter
07902   6EC0 C0          		ret	nz		; Aun hay que esperar a	que termine la fanfarria de "se salio de la piramide"
07903   6EC1             
07904   6EC1 AF          		xor	a
07905   6EC2 32 32 E1    		ld	(flagEntraSale), a ; Continua con la logica normal del juego
07906   6EC5             
07907   6EC5 3E 08       		ld	a, 8		; Status = Stage clear
07908   6EC7 32 00 E0    		ld	(GameStatus), a
07909   6ECA C9          		ret
07910   6ECB             
07911   6ECB             
07912   6ECB             ;----------------------------------------------------
07913   6ECB             ; Inicializa los sprites del prota y de	la puerta de entrada
07914   6ECB             ; Coloca al prota en la	parte superior derecha de las escaleras	e indica color de ropa y piel
07915   6ECB             ; Cambia el estado de la puerta	a "cerrandose"
07916   6ECB             ; Coloca los sprites que forman	la hoja	derecha	de la puerta que solapa	al prota
07917   6ECB             ; Cuatro sprites en total (dos parejas solapadas)
07918   6ECB             ;----------------------------------------------------
07919   6ECB             
07920   6ECB             setSprDoorProta:
07921   6ECB 11 B0 E0    		ld	de, sprAttrib	; Tabla	de atributos de	los sprites en RAM (Y, X, Spr, Col)
07922   6ECE 21 54 6F    		ld	hl, attribDoor	; Atributos de las puertas de la entrada
07923   6ED1 01 10 00    		ld	bc, 10h		; 4 sprites * 4	bytes
07924   6ED4 ED B0       		ldir
07925   6ED6             
07926   6ED6 3E 0E       		ld	a, 0Eh
07927   6ED8 32 C3 E0    		ld	(protaColorRopa), a ; Color gris para la ropa y	casco del prota
07928   6EDB 3E 06       		ld	a, 6
07929   6EDD 32 C7 E0    		ld	(ProtaColorPiel), a ; Color naranja para la piel
07930   6EE0             
07931   6EE0 3A 56 E0    		ld	a, (puertaEntrada) ; Puerta por	la que se esta entrando	(direccion)
07932   6EE3 CB 3F       		srl	a		; Los valores son 1,2,4,8
07933   6EE5 FE 04       		cp	4
07934   6EE7 20 01       		jr	nz, initDoorProta2
07935   6EE9 3D          		dec	a		; Convierte numero de bit a decimal
07936   6EEA             
07937   6EEA             initDoorProta2:
07938   6EEA 21 C5 E1    		ld	hl, pyramidDoors ; Y (FF = Desactivado)
07939   6EED             					; X decimales
07940   6EED             					; X
07941   6EED             					; Habitacion
07942   6EED             					; Status (Nibble alto =	Status,	Nibble bajo = contador)
07943   6EED             					; Piramide destino
07944   6EED             					; Direccion por	la que se entra	/ Flecha del mapa
07945   6EED CD 25 6A    		call	getHL_Ax7	; Obtiene puntero a los	datos de la puerta por la que se entra
07946   6EF0             
07947   6EF0 E5          		push	hl
07948   6EF1 11 37 E1    		ld	de, ProtaY
07949   6EF4 7E          		ld	a, (hl)		; Y centro puerta
07950   6EF5 D6 08       		sub	8
07951   6EF7 12          		ld	(de), a		; Coloca al prota 8 pixeles mas	arriba
07952   6EF8 13          		inc	de
07953   6EF9 23          		inc	hl
07954   6EFA ED A0       		ldi			; X decimales
07955   6EFC             
07956   6EFC 7E          		ld	a, (hl)		; X centro puerta
07957   6EFD C6 08       		add	a, 8
07958   6EFF 12          		ld	(de), a		; Coloca al prota 8 pixeles a la derecha
07959   6F00             
07960   6F00 13          		inc	de
07961   6F01 23          		inc	hl
07962   6F02 ED A0       		ldi			; Misma	habitacion para	la puerta y para el prota
07963   6F04             
07964   6F04 01 05 00    		ld	bc, 5
07965   6F07 21 4F 6F    		ld	hl, protaDataDoor
07966   6F0A ED B0       		ldir			; Pone valores por defecto al iniciar una fase
07967   6F0C             
07968   6F0C CD FA 4C    		call	setAttribProta	; Actualiza los	atributos RAM de los sprites del prota segun sus coordenadas y sentido
07969   6F0F             
07970   6F0F 3A 56 E0    		ld	a, (puertaEntrada)
07971   6F12 CB 3F       		srl	a
07972   6F14 FE 04       		cp	4
07973   6F16 20 01       		jr	nz, initDoorProta3 ; Guarda el indice de puerta	por la que se entra a la piramide
07974   6F18 3D          		dec	a		; Convierte numero de bit a decimal
07975   6F19             
07976   6F19             initDoorProta3:
07977   6F19 32 F4 E1    		ld	(ElemEnProceso), a ; Guarda el indice de puerta	por la que se entra a la piramide
07978   6F1C 3E 04       		ld	a, 4		; Status
07979   6F1E CD 5B 67    		call	getExitDat	; Obtiene un puntero al	estado de la puerta
07980   6F21 36 50       		ld	(hl), 50h	; Estado de cerrando puerta
07981   6F23             
07982   6F23 E1          		pop	hl		; Puntero a la puerta
07983   6F24 56          		ld	d, (hl)		; Coordenada Y central de la puerta
07984   6F25 23          		inc	hl
07985   6F26 23          		inc	hl
07986   6F27 5E          		ld	e, (hl)		; Coordenada X central de la puerta
07987   6F28             
07988   6F28 21 B0 E0    		ld	hl, sprAttrib	; Tabla	de atributos de	los sprites en RAM (Y, X, Spr, Col)
07989   6F2B 3E 10       		ld	a, 16
07990   6F2D 83          		add	a, e
07991   6F2E 5F          		ld	e, a		; Suma 16 a la X de la puerta
07992   6F2F             
07993   6F2F 7A          		ld	a, d
07994   6F30 D6 11       		sub	17
07995   6F32 57          		ld	d, a		; Resta	17 a la	Y de la	puerta
07996   6F33             
07997   6F33 06 02       		ld	b, 2
07998   6F35             
07999   6F35             initDoorProta4:
08000   6F35 0E 02       		ld	c, 2		; Son dos sprites solapados para conseguir color de fondo y de tinta
08001   6F37             
08002   6F37             initDoorProta5:
08003   6F37 72          		ld	(hl), d		; Y
08004   6F38 23          		inc	hl
08005   6F39 73          		ld	(hl), e		; X
08006   6F3A 23          		inc	hl		; El sprite ya ha sido indicado	antes mediante 'attribDoor'
08007   6F3B 23          		inc	hl		; El color tambien ha sido indicado por	'atribDoor'
08008   6F3C 23          		inc	hl		; Apunta a los atributos del siguiente sprite
08009   6F3D 0D          		dec	c
08010   6F3E 20 F7       		jr	nz, initDoorProta5 ; Siguiente sprite solapado
08011   6F40             
08012   6F40             
08013   6F40 7A          		ld	a, d		; Y del	primer cacho de	puerta
08014   6F41 C6 10       		add	a, 16		; Desplaza el alto del sprite (16 pixeles)
08015   6F43 57          		ld	d, a
08016   6F44 10 EF       		djnz	initDoorProta4	; Pone el siguiente par	de sprites debajo del anterior
08017   6F46             
08018   6F46 AF          		xor	a
08019   6F47 32 30 E1    		ld	(statusEntrada), a ; Subestado de la puerta por	la que entra en	la piramide
08020   6F4A 3C          		inc	a
08021   6F4B 32 36 E1    		ld	(sentidoProta),	a ; 1 =	Izquierda, 2 = Derecha
08022   6F4E C9          		ret
08023   6F4F             
08024   6F4F             
08025   6F4F             ;----------------------------------------------------
08026   6F4F             ; Valores iniciales de las siguientes variables	al
08027   6F4F             ; comenzar una fase
08028   6F4F             ;
08029   6F4F             ; Velocidad X decimales,
08030   6F4F             ; Velocidad X entero,
08031   6F4F             ; Velocidad X habitacion,
08032   6F4F             ; Contador movimiento,
08033   6F4F             ; Frame
08034   6F4F             ;----------------------------------------------------
08035   6F4F C800000101  protaDataDoor:	db 0C8h, 0, 0, 1, 1
08036   6F54             
08037   6F54             
08038   6F54             ;----------------------------------------------------
08039   6F54             ; Attributos de	la puerta de entrada
08040   6F54             ; x, y,	sprite,	color
08041   6F54             ;----------------------------------------------------
08042   6F54 E0 B0 D8 01 attribDoor:	db 0E0h,0B0h,0D8h,   1	; Dibujo ladrillos
08043   6F58 E0 B0 DC 03 		db 0E0h,0B0h,0DCh,   3	; Relleno ladrillos
08044   6F5C E0 B0 E0 01 		db 0E0h,0B0h,0E0h,   1	; Dibujo ladrillos
08045   6F60 E0 B0 E4 03 		db 0E0h,0B0h,0E4h,   3	; Relleno
08046   6F64             
08047   6F64             
08048   6F64             ;----------------------------------------------------
08049   6F64             ; AI Momias
08050   6F64             ; Inteligencia de las momias
08051   6F64             ; Dependiendo del tipo de momia, estas dudan mas o menos al tomar una decision
08052   6F64             ; y van	mas rapidas o lentas por las escaleras.
08053   6F64             ; Itentan acercarse al prota y se aseguran de no aparecer por sorpresa por un lado de la pantalla cuando el prota esta cerca del borde
08054   6F64             ;----------------------------------------------------
08055   6F64             
08056   6F64             AI_Momias:
08057   6F64 AF          		xor	a		; Empieza por la primera momia :)
08058   6F65 32 65 E1    		ld	(momiaEnProceso), a
08059   6F68             
08060   6F68             nextMomia:
08061   6F68 CD DB 73    		call	getMomiaProcDat	; Obtiene puntero a la momia en	proceso
08062   6F6B D9          		exx
08063   6F6C 62          		ld	h, d
08064   6F6D 6B          		ld	l, e
08065   6F6E 46          		ld	b, (hl)		; Status de la momia
08066   6F6F 23          		inc	hl
08067   6F70 7E          		ld	a, (hl)		; Sentido (1 = izquierda, 2 = derecha)
08068   6F71 CB 3F       		srl	a
08069   6F73 CB 3F       		srl	a
08070   6F75 23          		inc	hl
08071   6F76 77          		ld	(hl), a		; Controles. Dependiendo del sentido "aprieta" DERECHA o IZQUIERDA
08072   6F77 78          		ld	a, b		; Estado de la momia
08073   6F78 D9          		exx
08074   6F79             
08075   6F79             
08076   6F79 21 7D 70    		ld	hl, updateMomiaAtr ; Actualiza los atributos RAM de la momia
08077   6F7C E5          		push	hl		; Guarda esta funcion en la pila para ejecutarla al terminar el	proceso	actual
08078   6F7D             
08079   6F7D             
08080   6F7D CD 4B 40    		call	jumpIndex	; Dependiendo del estado de la momia salta a una de las	siguientes funciones
08081   6F80             
08082   6F80             
08083   6F80 92 6F       		dw momiaAnda		; 0 = Anda y comprueba si se cae o decide saltar. Al finalizar pasa al estado de pensar
08084   6F82 EE 70       		dw momiaSaltando	; 1 = Procesa salto
08085   6F84 3E 71       		dw momiaCayendo		; 2 = Momia cayendo. Al	llegar al suelo	pasa al	estado de andar
08086   6F86 48 71       		dw momiaEscaleras	; 3 = Mueve a la momia por las escaleras y comprueba si	llega al final de las mismas
08087   6F88 7E 71       		dw momiaLimbo		; 4 = Espera un	tiempo antes de	pasar al siguiente estado (aparecer)
08088   6F8A 9C 71       		dw momiaAparece		; 5 = Proceso de aparicion de la momia mediante	una nube de polvo
08089   6F8C C4 71       		dw momiaSuicida		; 6 = Anda hacia la derecha y explota
08090   6F8E 08 72       		dw momiaPiensa		; 7 = Mira a los lados y decide	como acercarse al prota
08091   6F90 61 72       		dw momiaDesaparece
08092   6F92             
08093   6F92             ;----------------------------------------------------
08094   6F92             ; Momia	anda
08095   6F92             ; Si el	timer de la momia es 0 pasa al estado de pensar	y fija cuantas veces dudara antes de decidirse
08096   6F92             ; Cuando la momia choca	contra un muro se incrementa su	nivel de stress.
08097   6F92             ; Cada vez que consigue	andar un rato sin chocarse, el nivel de	stress disminuye.
08098   6F92             ; Cuando se estresa mucho, la momia acaba explotando.
08099   6F92             ; De esta forma	se evita que se	quede trabada en un agujero o en una ruta sin salida
08100   6F92             ;----------------------------------------------------
08101   6F92             
08102   6F92             momiaAnda:
08103   6F92 DD 7E 11    		ld	a, (ix+ACTOR_TIMER)
08104   6F95 B7          		or	a		; Esta andando?
08105   6F96 20 12       		jr	nz, momiaAnda2	; si
08106   6F98             
08107   6F98 DD 36 00 07 		ld	(ix+ACTOR_STATUS), 7 ; Estado: Pensando
08108   6F9C DD 7E 14    		ld	a, (ix+ACTOR_TIPO) ; Tipo de momia
08109   6F9F 11 78 70    		ld	de, vecesDudaMomia
08110   6FA2 CD 15 40    		call	ADD_A_DE
08111   6FA5 1A          		ld	a, (de)		; Segun	el tipo	de momia, duda o mira mas tiempo a los lados
08112   6FA6 DD 77 11    		ld	(ix+ACTOR_TIMER), a ; Veces que	mira a los lados
08113   6FA9 C9          		ret
08114   6FAA             
08115   6FAA             momiaAnda2:
08116   6FAA 3A 03 E0    		ld	a, (timer)
08117   6FAD E6 0F       		and	0Fh
08118   6FAF 20 03       		jr	nz, momiaAnda3
08119   6FB1             
08120   6FB1 DD 35 11    		dec	(ix+ACTOR_TIMER) ; Cada	16 iteraciones decrementa el tiempo de andar
08121   6FB4             
08122   6FB4             momiaAnda3:
08123   6FB4 E1          		pop	hl		; Saca de la pila la rutina que	actualiza los atributos	de la momia
08124   6FB5 CD 84 72    		call	evitaSorpresa	; Evita	que una	momia aparezca por un lateral cuando el	prota esta cerca
08125   6FB8             
08126   6FB8 21 7D 70    		ld	hl, updateMomiaAtr ; Funcion que actualiza los atributos RAM del sprite	de la momia
08127   6FBB E5          		push	hl		; Guarda la funcion en la pila para ejecutar al	terminar el proceso
08128   6FBC             
08129   6FBC DD 7E 01    		ld	a, (ix+ACTOR_CONTROL) ;	1 = Arriba, 2 =	Abajo, 4 = Izquierda, 8	= Derecha
08130   6FBF CB 67       		bit	4, a		; Boton	A:Orden	de saltar
08131   6FC1 C2 C9 70    		jp	nz, tryToJump	; Salta	si no hay obstaculos
08132   6FC4             
08133   6FC4 DD E5       		push	ix		; Datos	momia
08134   6FC6 E1          		pop	hl
08135   6FC7             
08136   6FC7             
08137   6FC7 23          		inc	hl
08138   6FC8 E5          		push	hl		; Pointer a los	controles de la	momia
08139   6FC9 23          		inc	hl
08140   6FCA 23          		inc	hl		; Apunta a la coordenada Y
08141   6FCB CD 98 50    		call	chkCae		; Comprueba si tiene suelo bajo	los pies
08142   6FCE E1          		pop	hl
08143   6FCF DA 1F 71    		jp	c, momiaSinSuelo ; Se va a caer	o decide saltar
08144   6FD2             
08145   6FD2 E5          		push	hl		; Puntero a los	controles (+#01)
08146   6FD3 3E 01       		ld	a, 1		; Las momias no	actualizan la variable "sentidoEscalera" del prota
08147   6FD5 32 4D E1    		ld	(modoSentEsc), a ; Si es 0 guarda en "sentidoEscalera" el tipo de escalera que se coge el prota. 0 = \, 1 = /
08148   6FD8 CD 33 51    		call	chkCogeEsc2	; Comprueba si comienza	a subir	o bajr por una escalera
08149   6FDB E1          		pop	hl
08150   6FDC CA 5C 70    		jp	z, setSentEsc	; Ha cogido unas escaleras
08151   6FDF             
08152   6FDF CD D5 51    		call	chkChocaAndar2	; Comprueba si choca contra un muro o puerta giratoria
08153   6FE2             
08154   6FE2 F5          		push	af
08155   6FE3 3E 15       		ld	a, ACTOR_STRESS	; Contador de veces que	choca (stress)
08156   6FE5 CD 00 72    		call	getVariableMomia
08157   6FE8 F1          		pop	af
08158   6FE9             
08159   6FE9 7E          		ld	a, (hl)		; Numero de veces que ha chocado
08160   6FEA 30 16       		jr	nc, momiaDecStress ; No	choca contra un	muro o puerta giratoria. Decrementa numero de decisiones
08161   6FEC             
08162   6FEC             ; La momia ha chocado con un muro
08163   6FEC             ; Si el	numero de veces	que ha chocado casi consecutivamente es	9, la momia explota
08164   6FEC             ; De esta forma	se evita que se	quede trabada en un agujero o en una ruta sin salida
08165   6FEC E6 F0       		and	0F0h
08166   6FEE C6 1F       		add	a, 1Fh		; Incrementa el	stress de la momia
08167   6FF0 77          		ld	(hl), a
08168   6FF1 FE AF       		cp	0AFh
08169   6FF3 20 2D       		jr	nz, momiaHaChocado
08170   6FF5             
08171   6FF5             momiaVanish:
08172   6FF5 DD 36 00 08 		ld	(ix+ACTOR_STATUS), 8 ; Estado: momia explota y desaparece
08173   6FF9 DD 36 01 04 		ld	(ix+ACTOR_CONTROL), 4 ;	Va a la	izquierda
08174   6FFD DD 36 11 22 		ld	(ix+ACTOR_TIMER), 22h
08175   7001 C9          		ret
08176   7002             
08177   7002             momiaDecStress:
08178   7002 FE F0       		cp	0F0h
08179   7004 28 0A       		jr	z, momiaUpdate	; Si el	contado	de stress es 0 no lo decrementa
08180   7006             
08181   7006 3A 03 E0    		ld	a, (timer)
08182   7009 E6 1F       		and	1Fh
08183   700B 20 03       		jr	nz, momiaUpdate	; Solo lo decrementa cada #20 iteraciones
08184   700D             
08185   700D 35          		dec	(hl)		; Decrementa el	stress de la momia
08186   700E 20 00       		jr	nz, momiaUpdate	; (!?) Para que?
08187   7010             
08188   7010             ;----------------------------------------------------
08189   7010             ; Actualiza la posicion	y frame	de la momia
08190   7010             ;----------------------------------------------------
08191   7010             
08192   7010             momiaUpdate:
08193   7010 DD 5E 07    		ld	e, (ix+ACTOR_SPEEDXDEC)
08194   7013 DD 56 08    		ld	d, (ix+ACTOR_SPEED_X) ;	DE = Velocidad de la momia
08195   7016 3E 04       		ld	a, 4		; Offset X decimal
08196   7018 CD 00 72    		call	getVariableMomia ; Obtiene puntero a la	X con decimales	de la momia
08197   701B CD 02 74    		call	mueveElemento	; Actualiza sus	coordenadas al sumarle la velocidad
08198   701E CD 53 70    		call	momiaCalcFrame	; Actualiza si es necesario el frame de	la animacion
08199   7021 C9          		ret
08200   7022             
08201   7022             ;----------------------------------------------------
08202   7022             ; Tras chocar contra un	muro la	momia salta o se da la vuelta
08203   7022             ; Si es	la mas tonta y se queda	entre dos muro se para a pensar
08204   7022             ;----------------------------------------------------
08205   7022             
08206   7022             momiaHaChocado:
08207   7022 2B          		dec	hl
08208   7023 7E          		ld	a, (hl)		; Tipo de momia
08209   7024 B7          		or	a		; Es la	mas tonta? =0
08210   7025 20 16       		jr	nz, saltaOVuelve ; No
08211   7027             
08212   7027 CD FE 71    		call	getYMomia
08213   702A 2B          		dec	hl
08214   702B 7E          		ld	a, (hl)		; Sentido
08215   702C EE 03       		xor	3		; Invierte derecha/izquierda
08216   702E 47          		ld	b, a		; Cambia el sentido del	movimiento (la gira)
08217   702F CD DB 51    		call	chkChocaAndar4	; Tambien choca	por el otro lado?
08218   7032 30 09       		jr	nc, saltaOVuelve ; No choca
08219   7034             
08220   7034             
08221   7034             ; La momia tonta (blanca) se queda atrapada entre dos muros
08222   7034             
08223   7034 DD 36 11 FF 		ld	(ix+ACTOR_TIMER), 0FFh
08224   7038 DD 36 00 07 		ld	(ix+ACTOR_STATUS), 7 ; Estado de pensar
08225   703C C9          		ret
08226   703D             
08227   703D             ;----------------------------------------------------
08228   703D             ; La momia salta si puede. Si no, se da	la vuelta
08229   703D             ;----------------------------------------------------
08230   703D             
08231   703D             saltaOVuelve:
08232   703D CD FE 71    		call	getYMomia
08233   7040 FE 08       		cp	8
08234   7042 38 06       		jr	c, daLaVuelta	; Esta muy arriba, da la vuelta
08235   7044             
08236   7044 CD 34 74    		call	chkSaltar	; Puede	saltar?	(No tiene nada encima ni delante)
08237   7047 DA D4 70    		jp	c, momiaSetSalta ; Salta
08238   704A             
08239   704A             daLaVuelta:
08240   704A DD 7E 01    		ld	a, (ix+ACTOR_CONTROL) ;	1 = Arriba, 2 =	Abajo, 4 = Izquierda, 8	= Derecha
08241   704D EE 0C       		xor	0Ch		; Cambia de direccion
08242   704F DD 77 01    		ld	(ix+ACTOR_CONTROL), a ;	1 = Arriba, 2 =	Abajo, 4 = Izquierda, 8	= Derecha
08243   7052 C9          		ret
08244   7053             
08245   7053             ;----------------------------------------------------
08246   7053             ; Incrementa el	contador de movimientos	y actualiza el numero de frame
08247   7053             ;----------------------------------------------------
08248   7053             
08249   7053             momiaCalcFrame:
08250   7053 3E 0A       		ld	a, 0Ah		; Offset a contador de movimientos
08251   7055 CD 00 72    		call	getVariableMomia
08252   7058 34          		inc	(hl)		; Incrementa el	numero de movimientos
08253   7059 C3 31 4D    		jp	calcFrame2	; Actualiza el numero de frame (0-7) segun  el numero de movimientos acumulados
08254   705C             
08255   705C             ;----------------------------------------------------
08256   705C             ; Guarda el sentido de las escaleras dentro de la estructura de	la momia
08257   705C             ; In:
08258   705C             ;   C =	tile mapa (escaleras)
08259   705C             ;----------------------------------------------------
08260   705C             
08261   705C             setSentEsc:
08262   705C DD 7E 01    		ld	a, (ix+ACTOR_CONTROL) ;	1 = Arriba, 2 =	Abajo, 4 = Izquierda, 8	= Derecha
08263   705F 1F          		rra			; Pasa control ARRIBA al carry
08264   7060 79          		ld	a, c
08265   7061 06 08       		ld	b, 8		; Control: DERECHA
08266   7063 30 04       		jr	nc, setSentEsc2	; No tiene ARRIBA apretado
08267   7065             
08268   7065 06 04       		ld	b, 4		; Control: IZQUIERDA
08269   7067 EE 01       		xor	1
08270   7069             
08271   7069             setSentEsc2:
08272   7069 E6 01       		and	1
08273   706B DD 77 0F    		ld	(ix+ACTOR_SENT_ESC), a ; Sentido en el que van las escaleras. 0	= \  1 = /
08274   706E A7          		and	a
08275   706F 78          		ld	a, b
08276   7070 28 02       		jr	z, setSentEsc3
08277   7072 EE 0C       		xor	0Ch		; Cambia sentido del movimiento
08278   7074             
08279   7074             setSentEsc3:
08280   7074 DD 77 01    		ld	(ix+ACTOR_CONTROL), a ;	1 = Arriba, 2 =	Abajo, 4 = Izquierda, 8	= Derecha
08281   7077 C9          		ret
08282   7078             
08283   7078             ;----------------------------------------------------
08284   7078             ; Numero de veces que duda (mira a los lados) cada momia
08285   7078             ; cuando esta decidiendo el siguiente movimiento
08286   7078             ;----------------------------------------------------
08287   7078 03          vecesDudaMomia:	db    3
08288   7079 03          		db    3
08289   707A 00          		db    0
08290   707B 00          		db    0
08291   707C 03          		db    3
08292   707D             
08293   707D             
08294   707D             ;----------------------------------------------------
08295   707D             ; Actualiza los	atributos RAM de una momia
08296   707D             ; Su posicion y	frame. La oculta si esta en otra habitacion
08297   707D             ;----------------------------------------------------
08298   707D             
08299   707D             updateMomiaAtr:
08300   707D DD 4E 03    		ld	c, (ix+ACTOR_Y)
08301   7080 DD 46 05    		ld	b, (ix+ACTOR_X)
08302   7083 CD F3 71    		call	getMomiaAtrib
08303   7086             
08304   7086 3A 3A E1    		ld	a, (ProtaRoom)	; Parte	alta de	la coordenada X. Indica	la habitacion de la piramide
08305   7089 DD BE 06    		cp	(ix+ACTOR_ROOM)
08306   708C 20 23       		jr	nz, hideMomia	; No estan en la misma habitacion
08307   708E             
08308   708E 0D          		dec	c
08309   708F 0D          		dec	c		; Y = Y	- 2
08310   7090 DD 7E 0B    		ld	a, (ix+ACTOR_FRAME)
08311   7093 F5          		push	af
08312   7094 1F          		rra			; Si el	frame es par, mueve la momia un	poco hacia arriba
08313   7095 38 01       		jr	c, updateMomiaAt2
08314   7097 0C          		inc	c
08315   7098             
08316   7098             updateMomiaAt2:
08317   7098 F1          		pop	af
08318   7099 11 BE 70    		ld	de, framesMomia
08319   709C CD 15 40    		call	ADD_A_DE
08320   709F 1A          		ld	a, (de)
08321   70A0 57          		ld	d, a		; Frame
08322   70A1 71          		ld	(hl), c		; Coordenada Y
08323   70A2 23          		inc	hl
08324   70A3 70          		ld	(hl), b		; Coordenada X
08325   70A4 23          		inc	hl
08326   70A5 DD 7E 02    		ld	a, (ix+ACTOR_SENTIDO) ;	1 = Izquierda, 2 = Derecha
08327   70A8 1F          		rra
08328   70A9 7A          		ld	a, d
08329   70AA 30 02       		jr	nc, setFrameMomia
08330   70AC C6 60       		add	a, 60h		; Desplazamiento a sprites invertidos
08331   70AE             
08332   70AE             setFrameMomia:
08333   70AE 77          		ld	(hl), a
08334   70AF 18 02       		jr	chkLastMomia	; Comprueba si faltan momias por procesar
08335   70B1             
08336   70B1             hideMomia:
08337   70B1 36 E0       		ld	(hl), 0E0h	; Oculta el sprite (Y =	#E0)
08338   70B3             
08339   70B3             chkLastMomia:
08340   70B3 21 65 E1    		ld	hl, momiaEnProceso ; Comprueba si faltan momias	por procesar
08341   70B6 34          		inc	(hl)
08342   70B7 7E          		ld	a, (hl)
08343   70B8 2B          		dec	hl
08344   70B9 BE          		cp	(hl)		; Ha procesado todas las momias?
08345   70BA D0          		ret	nc		; Si, termina
08346   70BB C3 68 6F    		jp	nextMomia
08347   70BE             
08348   70BE 2C          framesMomia:	db 2Ch			; Pie atras
08349   70BF 28          		db 28h			; Pies juntos
08350   70C0 30          		db 30h			; Pies separados
08351   70C1 2C          		db 2Ch			; Pie atras
08352   70C2 28          		db 28h			; Pies juntos
08353   70C3 30          		db 30h			; Pies separados
08354   70C4 28          		db 28h			; Pies juntos
08355   70C5 30          		db 30h			; Pies eparados
08356   70C6 E8          		db 0E8h			; Nube grande
08357   70C7 EC          		db 0ECh			; Nube pequeña
08358   70C8 D4          		db 0D4h			; Destello
08359   70C9             
08360   70C9             ;----------------------------------------------------
08361   70C9             ; Intenta saltar
08362   70C9             ; Salta	si no esta muy arriba y	no hay obstaculos
08363   70C9             ;----------------------------------------------------
08364   70C9             
08365   70C9             tryToJump:
08366   70C9 CD FE 71    		call	getYMomia
08367   70CC 7E          		ld	a, (hl)
08368   70CD FE 08       		cp	8
08369   70CF D8          		ret	c
08370   70D0 CD 34 74    		call	chkSaltar
08371   70D3 D0          		ret	nc
08372   70D4             
08373   70D4             
08374   70D4             ;----------------------------------------------------
08375   70D4             ; Pone estado de salto
08376   70D4             ; Guarda puntero a los valores de desplazamientos Y del	salto
08377   70D4             ;----------------------------------------------------
08378   70D4             
08379   70D4             momiaSetSalta:
08380   70D4 DD E5       		push	ix
08381   70D6 E1          		pop	hl		; Datos	momia
08382   70D7             
08383   70D7             Salta:	
08384   70D7 36 01       		ld	(hl), 1		; Status = Saltar
08385   70D9 23          		inc	hl
08386   70DA CB A6       		res	4, (hl)		; Quita	"Boton A" del estado de las teclas del elemento
08387   70DC             
08388   70DC 3E 0A       		ld	a, 0Ah
08389   70DE CD 10 40    		call	ADD_A_HL
08390   70E1 36 02       		ld	(hl), 2		; Frame	2 = Piernas separadas
08391   70E3 23          		inc	hl
08392   70E4 11 57 75    		ld	de, valoresSalto
08393   70E7 73          		ld	(hl), e
08394   70E8 23          		inc	hl
08395   70E9 72          		ld	(hl), d		; Guarda puntero a los valores del salto
08396   70EA             
08397   70EA 23          		inc	hl
08398   70EB 36 00       		ld	(hl), 0		; Salto	subiendo (1 = cayendo)
08399   70ED C9          		ret
08400   70EE             
08401   70EE             ;----------------------------------------------------
08402   70EE             ; Momia	saltando
08403   70EE             ; Actualiza las	coordenadas de la momia	y comprueba si choca
08404   70EE             ; contra algo para quitar el estado de salto y
08405   70EE             ; poner	el de andar o caida.
08406   70EE             ;----------------------------------------------------
08407   70EE             
08408   70EE             momiaSaltando:
08409   70EE CD FE 71    		call	getYMomia	; Obtiene puntero a los	datos de la momia
08410   70F1 2B          		dec	hl
08411   70F2 E5          		push	hl
08412   70F3 DD E5       		push	ix
08413   70F5 CD F4 74    		call	doSalto		; Procesa el salto
08414   70F8             
08415   70F8 DD E1       		pop	ix
08416   70FA E1          		pop	hl
08417   70FB CD 0B 71    		call	chkPasaRoom	; Comprueba si pasa a otra habitacion
08418   70FE DD E5       		push	ix
08419   7100 E1          		pop	hl		; Puntero a estructura de la momia
08420   7101             
08421   7101             	IF	(VERSION2)
08422   7101 23          		inc	hl
08423   7102 AF          		xor	a
08424   7103 FE 01       		cp	1
08425   7105 CD 8A 74    		call	chkChocaSalto1
08426   7108             	ELSE
08427   7108~            		call	chkChocaSalto	; Choca	con algo al saltar?
08428   7108             	ENDIF
08429   7108 28 34       		jr	z, momiaCayendo	; Si, quita estado de salto y pone el de caida (si no hay suelo) o de andar (si	hay suelo)
08430   710A C9          		ret
08431   710B             
08432   710B             
08433   710B             ;----------------------------------------------------
08434   710B             ; Comprueba si el elemento llega a los limites de la pantalla
08435   710B             ; y pasa de habitacion
08436   710B             ; Out:
08437   710B             ;   Z =	Pasa a otra habitacion
08438   710B             ;  NZ =	No pasa
08439   710B             ;----------------------------------------------------
08440   710B             
08441   710B             chkPasaRoom:
08442   710B 7E          		ld	a, (hl)		; Sentido
08443   710C 23          		inc	hl
08444   710D 23          		inc	hl
08445   710E 23          		inc	hl		; Apunta a la X
08446   710F 06 00       		ld	b, 0		; Limite izquierdo = 0
08447   7111 1F          		rra			; Derecha o izquierda?
08448   7112 30 01       		jr	nc, chkPasaRoom2
08449   7114 05          		dec	b		; Limite derecho = 255
08450   7115             
08451   7115             chkPasaRoom2:
08452   7115 78          		ld	a, b		; Limite
08453   7116 BE          		cp	(hl)		; Lo compara con la X del elemento
08454   7117 23          		inc	hl
08455   7118 C0          		ret	nz		; No ha	llegado	al limite de la	habitacion
08456   7119             
08457   7119 34          		inc	(hl)		; Pasa a la habitacion de la derecha
08458   711A A7          		and	a
08459   711B C8          		ret	z
08460   711C             
08461   711C 35          		dec	(hl)
08462   711D 35          		dec	(hl)		; Pasa a la habitacion de la izquierda
08463   711E C9          		ret
08464   711F             
08465   711F             ;----------------------------------------------------
08466   711F             ; Cuando la momia llega	al borde de una	plataforma
08467   711F             ; puede	saltar o dejarse caer
08468   711F             ;----------------------------------------------------
08469   711F             
08470   711F             momiaSinSuelo:
08471   711F DD 7E 14    		ld	a, (ix+ACTOR_TIPO)
08472   7122 A7          		and	a
08473   7123 28 19       		jr	z, momiaCayendo	; Momia	mas tonta. Nunca salta
08474   7125             
08475   7125 FE 03       		cp	3
08476   7127 28 15       		jr	z, momiaCayendo
08477   7129             
08478   7129 DD 7E 10    		ld	a, (ix+ACTOR_POS_RELAT)	; 0 = A	la misma altura	(o casi), 1 = Momia por	encima,	2 = Por	debajo
08479   712C FE 01       		cp	1		; La momia esta	por encima del prota?
08480   712E 28 0E       		jr	z, momiaCayendo	; Si, se deja caer para	bajar
08481   7130             
08482   7130 CD FE 71    		call	getYMomia	; Obtiene la Y de la momia
08483   7133 7E          		ld	a, (hl)		; (!?) No hace falta
08484   7134 FE 08       		cp	8		; Esta muy cerca de la parte de	arriba?
08485   7136 38 06       		jr	c, momiaCayendo	; No salta
08486   7138             
08487   7138             ; Va a saltar
08488   7138 CD 34 74    		call	chkSaltar	; Tiene	espacio	para saltar?
08489   713B DA D4 70    		jp	c, momiaSetSalta ; si, salta
08490   713E             
08491   713E             
08492   713E             ;----------------------------------------------------
08493   713E             ; Procesa la caida de la momia y comprueba si llega al suelo
08494   713E             ; Al llegar al suelo pone el estado de andar
08495   713E             ;----------------------------------------------------
08496   713E             
08497   713E             
08498   713E             momiaCayendo:
08499   713E DD E5       		push	ix
08500   7140 E1          		pop	hl
08501   7141 CD 64 75    		call	cayendo		; Incrementa la	Y y comprueba si choca contra el suelo
08502   7144 D2 70 71    		jp	nc, setMomiaAndar ; No esta cayendo, pone estado de andar
08503   7147 C9          		ret
08504   7148             
08505   7148             momiaEscaleras:
08506   7148 DD E5       		push	ix
08507   714A E1          		pop	hl
08508   714B 23          		inc	hl
08509   714C 7E          		ld	a, (hl)		; Controles
08510   714D E6 0C       		and	0Ch
08511   714F C8          		ret	z		; No va	ni a la	derecha	ni a la	izquierda
08512   7150             
08513   7150 DD 7E 14    		ld	a, (ix+ACTOR_TIPO)
08514   7153 11 79 71    		ld	de, pausaEscalera
08515   7156 CD 15 40    		call	ADD_A_DE
08516   7159 1A          		ld	a, (de)		; Masca	aplicada al timer para ralentizar el movimiento	de la momia en la escalera
08517   715A 47          		ld	b, a
08518   715B 3E 01       		ld	a, 1
08519   715D 32 5F E0    		ld	(quienEscalera), a ; (!?) Se usa esto? Quien esta en una escalera 0 = Prota. 1 = Momia
08520   7160 32 5F E0    		ld	(quienEscalera), a ; (!?) Para que lo pone dos veces?
08521   7163 CD 7D 75    		call	andaEscalera
08522   7166 28 04       		jr	z, setMomiaPensar ; Ha llegado al final	de la escalera
08523   7168 CD 53 70    		call	momiaCalcFrame
08524   716B C9          		ret
08525   716C             
08526   716C             setMomiaPensar:
08527   716C DD 36 11 00 		ld	(ix+ACTOR_TIMER), 0 ; Al poner el timer	a 0 y el estado	de andar se consigue pasar al estado de	pensar en la siguiente iteracion
08528   7170             
08529   7170             setMomiaAndar:
08530   7170 AF          		xor	a
08531   7171 18 02       		jr	setMomiaStatus
08532   7173             
08533   7173             
08534   7173             
08535   7173 3E 03       		ld	a, 3		; (!?) Este codigo no se ejecuta nunca!
08536   7175             
08537   7175             setMomiaStatus:
08538   7175 DD 77 00    		ld	(ix+ACTOR_STATUS), a
08539   7178 C9          		ret
08540   7179             
08541   7179             ;----------------------------------------------------
08542   7179             ; Frames que los tipos de momia	se paran en cada paso
08543   7179             ; que dan por las escaleras
08544   7179             ; 0 = Muy rapido, 3 = lento
08545   7179             ;----------------------------------------------------
08546   7179 03          pausaEscalera:	db    3
08547   717A 00          		db    0
08548   717B 01          		db    1
08549   717C 00          		db    0
08550   717D 03          		db    3
08551   717E             
08552   717E             ;----------------------------------------------------
08553   717E             ; Estado por defecto de	la momia al empezar una	partida
08554   717E             ; Espera un tiempo antes de aparecer
08555   717E             ; El timer vale	#10 para que no	aparezca nada mas empezar
08556   717E             ;----------------------------------------------------
08557   717E             
08558   717E             momiaLimbo:
08559   717E E1          		pop	hl		; Saca de la pila la funcion que actualiza los atributos de la momia (no es visible)
08560   717F 3A 03 E0    		ld	a, (timer)
08561   7182 E6 01       		and	1
08562   7184 C2 B3 70    		jp	nz, chkLastMomia ; Procesa solo	una de cada dos	iteraciones
08563   7187             
08564   7187 DD 35 11    		dec	(ix+ACTOR_TIMER)
08565   718A C2 B3 70    		jp	nz, chkLastMomia ; Aun falta tiempo para que aparezca
08566   718D             
08567   718D DD 34 00    		inc	(ix+ACTOR_STATUS) ; Siguiente estado de	la momia: Aparece
08568   7190 DD 36 11 82 		ld	(ix+ACTOR_TIMER), 82h
08569   7194             
08570   7194 3E 87       		ld	a, 87h		; SFX aparece momia
08571   7196 CD A9 7A    		call	setMusic
08572   7199 C3 B3 70    		jp	chkLastMomia	; Comprueba si faltan momias por procesar
08573   719C             
08574   719C             ;----------------------------------------------------
08575   719C             ; Proceso de aparicion de una momia
08576   719C             ; Decrementa el	tiempo de aparicion. Al	llegar al final	pasa al	estado 0
08577   719C             ; Si faltan menos de 8 iteraciones muestra la momia con	las piernas abiertas mirando a la izquierda
08578   719C             ; Cada 32 frames anima la nube que indica que va a aparecer una	momia
08579   719C             ;----------------------------------------------------
08580   719C             
08581   719C             momiaAparece:
08582   719C DD 36 01 08 		ld	(ix+ACTOR_CONTROL), 8 ;	Mirando	a la derecha
08583   71A0 DD 35 11    		dec	(ix+ACTOR_TIMER) ; Decrementa el tiempo	de aparicion
08584   71A3 CA BC 71    		jp	z, setMomiaViva	; Ha llegado al	final
08585   71A6             
08586   71A6 DD 7E 11    		ld	a, (ix+ACTOR_TIMER)
08587   71A9 FE 07       		cp	7		; Falta	poco para que vuelva a la vida?
08588   71AB 38 12       		jr	c, momiaOpenLegs ; Muestra la momia con	las piernas separadas
08589   71AD             
08590   71AD 47          		ld	b, a
08591   71AE E6 1F       		and	1Fh
08592   71B0 C0          		ret	nz		; No han pasado	32 iteraciones
08593   71B1             
08594   71B1 CB 68       		bit	5, b
08595   71B3 3E 08       		ld	a, 8		; Frame	nube grande
08596   71B5 28 01       		jr	z, setMomiaFrame
08597   71B7             
08598   71B7 3C          		inc	a		; Frame	nube pequeña
08599   71B8             
08600   71B8             setMomiaFrame:
08601   71B8 DD 77 0B    		ld	(ix+ACTOR_FRAME), a
08602   71BB C9          		ret
08603   71BC             
08604   71BC             setMomiaViva:
08605   71BC CD 70 71    		call	setMomiaAndar
08606   71BF             
08607   71BF             momiaOpenLegs:
08608   71BF DD 36 0B 02 		ld	(ix+ACTOR_FRAME), 2 ; Piernas separadas
08609   71C3 C9          		ret
08610   71C4             
08611   71C4             momiaSuicida:
08612   71C4 DD 36 01 08 		ld	(ix+ACTOR_CONTROL), 8 ;	1 = Arriba, 2 =	Abajo, 4 = Izquierda, 8	= Derecha
08613   71C8 DD 35 11    		dec	(ix+ACTOR_TIMER)
08614   71CB DD 7E 11    		ld	a, (ix+ACTOR_TIMER)
08615   71CE 47          		ld	b, a		; (!?) Donde se	unsa B?
08616   71CF 28 09       		jr	z, mataMomia
08617   71D1 E6 1F       		and	1Fh
08618   71D3 C0          		ret	nz
08619   71D4             
08620   71D4 3E 0A       		ld	a, 0Ah		; Frame	destello desaparecer
08621   71D6 DD 77 0B    		ld	(ix+ACTOR_FRAME), a
08622   71D9 C9          		ret
08623   71DA             
08624   71DA             mataMomia:
08625   71DA CD E1 71    		call	quitaMomia
08626   71DD E1          		pop	hl
08627   71DE C3 B3 70    		jp	chkLastMomia	; Comprueba si faltan momias por procesar
08628   71E1             
08629   71E1             
08630   71E1             ;----------------------------------------------------
08631   71E1             ; Manda	una momia al limbo.
08632   71E1             ; Quita	su sprite de la	pantalla.
08633   71E1             ; Tras explotar	una momia se va	al limbo un rato
08634   71E1             ;----------------------------------------------------
08635   71E1             
08636   71E1             quitaMomia:
08637   71E1 CD F3 71    		call	getMomiaAtrib
08638   71E4 36 E0       		ld	(hl), 0E0h	; Y = #E0. Quita momia de la pantalla
08639   71E6 DD 36 00 04 		ld	(ix+ACTOR_STATUS), 4 ; Limbo
08640   71EA DD 36 11 80 		ld	(ix+ACTOR_TIMER), 80h
08641   71EE DD 36 0B 09 		ld	(ix+ACTOR_FRAME), 9
08642   71F2 C9          		ret
08643   71F3             
08644   71F3             ;----------------------------------------------------
08645   71F3             ; Obtiene un puntero a los atributos RAM de la momia en	proceso
08646   71F3             ; HL = Puntero
08647   71F3             ;----------------------------------------------------
08648   71F3             
08649   71F3             getMomiaAtrib:
08650   71F3 3A 65 E1    		ld	a, (momiaEnProceso)
08651   71F6 21 C8 E0    		ld	hl, enemyAttrib
08652   71F9             
08653   71F9             getMomiaAtrib2:
08654   71F9 87          		add	a, a
08655   71FA 87          		add	a, a
08656   71FB C3 10 40    		jp	ADD_A_HL
08657   71FE             
08658   71FE             getYMomia:
08659   71FE 3E 03       		ld	a, 3		; Coordenada Y
08660   7200             
08661   7200             ;----------------------------------------------------
08662   7200             ; Devuelve el valor A de la estructura de la momia actual
08663   7200             ; In: A	= Valor	a leer
08664   7200             ; Out: A = Valor leido
08665   7200             ;----------------------------------------------------
08666   7200             
08667   7200             getVariableMomia:
08668   7200 2A 62 E1    		ld	hl, (pMomiaProceso) ; Puntero a	los datos de la	momia en proceso
08669   7203 CD 10 40    		call	ADD_A_HL
08670   7206 7E          		ld	a, (hl)
08671   7207 C9          		ret
08672   7208             
08673   7208             
08674   7208             ;----------------------------------------------------
08675   7208             ; La momia piensa que hacer
08676   7208             ; Mira a los lados tantas veces	como vale TIMER
08677   7208             ; In:
08678   7208             ;    IX	= Datos	momia
08679   7208             ;----------------------------------------------------
08680   7208             
08681   7208             momiaPiensa:
08682   7208 DD 7E 11    		ld	a, (ix+ACTOR_TIMER) ; Veces que	duda
08683   720B B7          		or	a
08684   720C 28 17       		jr	z, momiaPiensa2	; Ya se	lo ha pensado
08685   720E             
08686   720E FE E0       		cp	0E0h
08687   7210 28 1B       		jr	z, momiaUnknown
08688   7212             
08689   7212 DD 36 0B 02 		ld	(ix+ACTOR_FRAME), 2 ; Frame piernas separadas
08690   7216 E6 03       		and	3
08691   7218 DD 77 02    		ld	(ix+ACTOR_SENTIDO), a ;	Sentido	en el que mira
08692   721B             
08693   721B 3A 03 E0    		ld	a, (timer)
08694   721E E6 1F       		and	1Fh
08695   7220 C0          		ret	nz		; Permanece 32 frames en esa postura
08696   7221             
08697   7221 DD 35 11    		dec	(ix+ACTOR_TIMER) ; Decrementa las veces	que mira a los lados
08698   7224 C0          		ret	nz		; Aun tiene que	pensarselo un poco mas
08699   7225             
08700   7225             momiaPiensa2:
08701   7225 CD C8 72    		call	momiaDecide	; Toma una decision para acercarse al prota
08702   7228 DD 36 00 00 		ld	(ix+ACTOR_STATUS), 0 ; Estado: andar
08703   722C C9          		ret
08704   722D             
08705   722D             ; (!?) Para que	sirve esto?
08706   722D             
08707   722D             momiaUnknown:
08708   722D DD 7E 01    		ld	a, (ix+ACTOR_CONTROL) ;	1 = Arriba, 2 =	Abajo, 4 = Izquierda, 8	= Derecha
08709   7230 EE 0C       		xor	1100b
08710   7232 DD 77 01    		ld	(ix+ACTOR_CONTROL), a ;	Invierte el sentido de la momia
08711   7235 1F          		rra
08712   7236 1F          		rra
08713   7237 E6 03       		and	3
08714   7239 DD 77 02    		ld	(ix+ACTOR_SENTIDO), a ;	1 = Izquierda, 2 = Derecha
08715   723C             
08716   723C CD FE 71    		call	getYMomia
08717   723F 01 FC 00    		ld	bc, 0FCh	; X+15,Y+12
08718   7242 CD E1 50    		call	getMapOffset	; Obtiene en HL	la direccion del mapa que corresponde a	las coordenadas
08719   7245 47          		ld	b, a		; (!?) Guarda el tile del mapa en B. Para que?
08720   7246 E6 F0       		and	0F0h		; Se queda con la familia o tipo de tile
08721   7248 FE 10       		cp	10h
08722   724A C2 C9 70    		jp	nz, tryToJump	; Salta	si no hay un muro/plataforma en	su parte inferior derecha
08723   724D             
08724   724D CD FE 71    		call	getYMomia
08725   7250 01 FC 10    		ld	bc, 10FCh	; X+16,	Y-4
08726   7253 CD E1 50    		call	getMapOffset	; Obtiene en HL	la direccion del mapa que corresponde a	las coordenadas
08727   7256 47          		ld	b, a		; (!?) Para que	lo guarda en B?
08728   7257 E6 F0       		and	0F0h
08729   7259 FE 10       		cp	10h
08730   725B C2 C9 70    		jp	nz, tryToJump	; salta	si no hay un muro/plataforma en	su parte superior derecha
08731   725E C3 F5 6F    		jp	momiaVanish
08732   7261             
08733   7261             momiaDesaparece:
08734   7261 DD 36 01 08 		ld	(ix+ACTOR_CONTROL), 8 ;	Anda a la derecha
08735   7265             
08736   7265 DD 35 11    		dec	(ix+ACTOR_TIMER) ; Decrementa el tiempo	de exploxion
08737   7268             
08738   7268 DD 7E 11    		ld	a, (ix+ACTOR_TIMER)
08739   726B 47          		ld	b, a
08740   726C 28 08       		jr	z, quitaACTOR_	; Ha terminado el tiempo. La momia desaparece
08741   726E             
08742   726E E6 1F       		and	1Fh
08743   7270 C0          		ret	nz		; No es	multiplo de #20
08744   7271             
08745   7271 DD 36 0B 0A 		ld	(ix+ACTOR_FRAME), 0Ah ;	Destello desaparece
08746   7275 C9          		ret
08747   7276             
08748   7276             quitaACTOR_:
08749   7276 CD E1 71    		call	quitaMomia	; Quita	el sprite de la	pantalla y manda la momia al limbo (estado 4)
08750   7279 DD 36 11 FF 		ld	(ix+ACTOR_TIMER), 0FFh
08751   727D CD F8 6C    		call	initMomia
08752   7280 E1          		pop	hl
08753   7281 C3 B3 70    		jp	chkLastMomia	; Comprueba si faltan momias por procesar
08754   7284             
08755   7284             
08756   7284             ;----------------------------------------------------
08757   7284             ; Evita	que una	momia aparezca por un lateral cuando el	prota esta cerca
08758   7284             ; Si una momia se encuentra cerca del lateral de una
08759   7284             ; habitacion contigua, y el prota esta en el lateral adyacente
08760   7284             ; se cambia el sentido de la momia para	que no aparezca	'por sorpresa'
08761   7284             ; y sin	tiempo a reaccionar para poder esquivarla
08762   7284             ;----------------------------------------------------
08763   7284             
08764   7284             evitaSorpresa:
08765   7284 D9          		exx			; DE = Puntero estructura momia
08766   7285 21 06 00    		ld	hl, 6		; Offset a la variable 'room'
08767   7288 19          		add	hl, de
08768   7289 3A 3A E1    		ld	a, (ProtaRoom)	; Parte	alta de	la coordenada X. Indica	la habitacion de la piramide
08769   728C 46          		ld	b, (hl)		; B = Habitacion momia
08770   728D BE          		cp	(hl)		; Comprueba si la momia	esta en	la habitacion actual
08771   728E 28 36       		jr	z, evitaSorpresa6 ; si
08772   7290             
08773   7290 2B          		dec	hl
08774   7291 7E          		ld	a, (hl)		; X momia
08775   7292 0E 50       		ld	c, 50h
08776   7294 B9          		cp	c
08777   7295 38 07       		jr	c, evitaSorpresa2 ; La X de la momia es	menor de #50
08778   7297             
08779   7297 0E B0       		ld	c, 0B0h
08780   7299 B9          		cp	c
08781   729A 38 2A       		jr	c, evitaSorpresa6 ; La X de la momia es	menor de #B0. No se encuentra cerca de los bordes laterales
08782   729C             
08783   729C 04          		inc	b
08784   729D 04          		inc	b
08785   729E             
08786   729E             evitaSorpresa2:
08787   729E 05          		dec	b
08788   729F 3A 3A E1    		ld	a, (ProtaRoom)	; Parte	alta de	la coordenada X. Indica	la habitacion de la piramide
08789   72A2 B8          		cp	b		; Se encuentra en el lateral cercano a la habitacion en	la que esta el prota?
08790   72A3 20 21       		jr	nz, evitaSorpresa6 ; No
08791   72A5             
08792   72A5 AF          		xor	a
08793   72A6 91          		sub	c
08794   72A7 4F          		ld	c, a
08795   72A8 FE 50       		cp	50h
08796   72AA 3A 39 E1    		ld	a, (ProtaX)
08797   72AD 28 14       		jr	z, evitaSorpresa5
08798   72AF             
08799   72AF B9          		cp	c
08800   72B0 38 14       		jr	c, evitaSorpresa6
08801   72B2             
08802   72B2             evitaSorpresa3:
08803   72B2 23          		inc	hl
08804   72B3 3A 3A E1    		ld	a, (ProtaRoom)	; Parte	alta de	la coordenada X. Indica	la habitacion de la piramide
08805   72B6 BE          		cp	(hl)		; Habitacion de	la momia
08806   72B7 3E 08       		ld	a, 8		; Cambia el sentido hacia la derecha
08807   72B9 38 02       		jr	c, evitaSorpresa4
08808   72BB             
08809   72BB 3E 04       		ld	a, 4		; Cambia el sentido hacia la izquierda
08810   72BD             
08811   72BD             evitaSorpresa4:
08812   72BD 62          		ld	h, d
08813   72BE 6B          		ld	l, e		; Puntero a la estructura de la	momia
08814   72BF 23          		inc	hl
08815   72C0 77          		ld	(hl), a		; Sentido en el	que anda la momia
08816   72C1 D9          		exx
08817   72C2 C9          		ret
08818   72C3             
08819   72C3             evitaSorpresa5:
08820   72C3 B9          		cp	c
08821   72C4 38 EC       		jr	c, evitaSorpresa3
08822   72C6             
08823   72C6             evitaSorpresa6:
08824   72C6 D9          		exx
08825   72C7 C9          		ret
08826   72C8             
08827   72C8             
08828   72C8             ;----------------------------------------------------
08829   72C8             ; La momia toma	una decision
08830   72C8             ; Busca	al prota y se mueve hacia el
08831   72C8             ;----------------------------------------------------
08832   72C8             
08833   72C8             momiaDecide:
08834   72C8 3E 05       		ld	a, 5
08835   72CA DD 77 11    		ld	(ix+ACTOR_TIMER), a
08836   72CD             
08837   72CD CD 56 73    		call	buscaCercanias	; Mira si hay escaleras	para subir o bajar en las cercanias (5 tiles a cada lado)
08838   72D0 CD 33 73    		call	buscaProta	; Comprueba la posicion	de la momia relativa al	prota
08839   72D3 A7          		and	a
08840   72D4 28 06       		jr	z, momiaDecide2	; A la misma altura
08841   72D6             
08842   72D6 3D          		dec	a
08843   72D7 28 49       		jr	z, setOrdenBajar ; La momia esta por encima
08844   72D9             
08845   72D9 3D          		dec	a
08846   72DA 28 50       		jr	z, setOrdenSubir ; La momia esta por debajo
08847   72DC             
08848   72DC             momiaDecide2:
08849   72DC 3A 3A E1    		ld	a, (ProtaRoom)	; Parte	alta de	la coordenada X. Indica	la habitacion de la piramide
08850   72DF DD BE 06    		cp	(ix+ACTOR_ROOM)
08851   72E2 20 06       		jr	nz, momiaDecide3 ; estan en habitaciones distintas
08852   72E4             
08853   72E4 3A 39 E1    		ld	a, (ProtaX)
08854   72E7 DD BE 05    		cp	(ix+ACTOR_X)	; Compara la X del prota con la	X de la	momia
08855   72EA             
08856   72EA             momiaDecide3:
08857   72EA 3E 08       		ld	a, 8		; Control: Anda	a la DERECHA
08858   72EC 30 02       		jr	nc, momiaDecide4 ; El prota esta a la derecha
08859   72EE             
08860   72EE 3E 04       		ld	a, 4		; Control: anda	a la IZQUIERDA
08861   72F0             
08862   72F0             momiaDecide4:
08863   72F0 DD 77 01    		ld	(ix+ACTOR_CONTROL), a ;	Fija la	direccion que debe seguir la momia para	acercarse al prota
08864   72F3             
08865   72F3 4F          		ld	c, a
08866   72F4 21 37 E1    		ld	hl, ProtaY
08867   72F7 CD D6 50    		call	getMapOffset00	; Obtiene puntero a la posicion	del mapa del prota
08868   72FA EB          		ex	de, hl
08869   72FB CD FE 71    		call	getYMomia
08870   72FE CD D6 50    		call	getMapOffset00	; Obtiene puntero a la posicion	del mapa de la momia
08871   7301             
08872   7301             
08873   7301             ; Comprueba si entre la	momia y	el prota hay algun obstaculo
08874   7301             ; De ser asi, intentara	subir o	bajar de donde se encuentra
08875   7301             
08876   7301 06 20       		ld	b, 20h		; Ancho	de la habitacion
08877   7303             
08878   7303             momiaDecide5:
08879   7303 A7          		and	a
08880   7304 E5          		push	hl		; Mapa momia
08881   7305 ED 52       		sbc	hl, de
08882   7307 E1          		pop	hl
08883   7308 C8          		ret	z		; Ha llegado a la posicion del prota en	la busqueda
08884   7309             
08885   7309 7E          		ld	a, (hl)		; Tipo de tile
08886   730A E6 F0       		and	0F0h		; Se queda con la familia
08887   730C FE 10       		cp	10h		; Es una plataforma o muro?
08888   730E 28 0A       		jr	z, momiaDecide7	; Si
08889   7310             
08890   7310 2B          		dec	hl		; Tile de la izquierda del mapa
08891   7311 CB 51       		bit	2, c		; Sentido en el	que se mueve la	momia
08892   7313 20 02       		jr	nz, momiaDecide6 ; Va a	la izquierda
08893   7315             
08894   7315 23          		inc	hl
08895   7316 23          		inc	hl		; Tile de la derecha
08896   7317             
08897   7317             momiaDecide6:
08898   7317 10 EA       		djnz	momiaDecide5
08899   7319 C9          		ret
08900   731A             
08901   731A             momiaDecide7:
08902   731A ED 57       		ld	a, i		; Valor	aleatorio
08903   731C 1F          		rra
08904   731D B1          		or	c		; Sentido en el	que se mueve la	momia
08905   731E 1F          		rra
08906   731F DC 2C 73    		call	c, setOrdenSubir
08907   7322             
08908   7322             setOrdenBajar:
08909   7322 21 68 E1    		ld	hl, ordenBajar
08910   7325 7E          		ld	a, (hl)		; Se mueve hacia la escaleras mas lejanas (dentro del radio de busqueda) que bajan
08911   7326 A7          		and	a
08912   7327             
08913   7327             momiaSetControl:
08914   7327 C8          		ret	z
08915   7328 DD 77 01    		ld	(ix+ACTOR_CONTROL), a ;	1 = Arriba, 2 =	Abajo, 4 = Izquierda, 8	= Derecha
08916   732B C9          		ret
08917   732C             
08918   732C             setOrdenSubir:
08919   732C 21 66 E1    		ld	hl, ordenSubir
08920   732F 7E          		ld	a, (hl)		; Controles para dirigirse a la	escalera mas lejana (dentro del	radio de busqueda) que sube
08921   7330 A7          		and	a
08922   7331 18 F4       		jr	momiaSetControl
08923   7333             
08924   7333             
08925   7333             ;----------------------------------------------------
08926   7333             ; Calcula la posicion relativa de la momia respecto al prota
08927   7333             ; Out: A y B
08928   7333             ;   0 =	Estan casi a la	misma altura
08929   7333             ;   1 =	La momia esta por encima
08930   7333             ;   2 =	La momia esta por debajo
08931   7333             ;----------------------------------------------------
08932   7333             
08933   7333             buscaProta:
08934   7333 06 00       		ld	b, 0
08935   7335 11 37 E1    		ld	de, ProtaY
08936   7338 CD FE 71    		call	getYMomia	; Obtiene la Y de la momia
08937   733B 3A 34 E1    		ld	a, (protaStatus) ; 0 = Normal
08938   733E             					; 1 = Salto
08939   733E             					; 2 = Cayendo
08940   733E             					; 3 = Escaleras
08941   733E             					; 4 = Lanzando un cuhillo
08942   733E             					; 5 = Picando
08943   733E             					; 6 = Pasando por un apuerta giratoria
08944   733E FE 03       		cp	3		; Escaleras?
08945   7340 28 09       		jr	z, buscaProta2
08946   7342             
08947   7342 1A          		ld	a, (de)		; Y del	prota
08948   7343 96          		sub	(hl)		; Le resta la Y	de la momia
08949   7344 4F          		ld	c, a
08950   7345 D6 0A       		sub	10
08951   7347 C6 12       		add	a, 18
08952   7349 38 06       		jr	c, buscaProta3	; Estan	casi a la misma	altura
08953   734B             
08954   734B             buscaProta2:
08955   734B 04          		inc	b
08956   734C 1A          		ld	a, (de)		; Y del	prota
08957   734D 96          		sub	(hl)		; Y de la momia
08958   734E 30 01       		jr	nc, buscaProta3	; La momia esta	por encima
08959   7350 04          		inc	b		; La momia esta	por debajo
08960   7351             
08961   7351             buscaProta3:
08962   7351 78          		ld	a, b
08963   7352 DD 77 10    		ld	(ix+ACTOR_POS_RELAT), a	; 0 = A	la misma altura	(o casi), 1 = Momia por	encima,	2 = Por	debajo
08964   7355 C9          		ret
08965   7356             
08966   7356             
08967   7356             ;----------------------------------------------------
08968   7356             ; Busca	en las cercanias de la momia para ver si hay
08969   7356             ; escaleras que	suben, bajan o un muro
08970   7356             ; Dependiendo de lo que	encuentre guardara las ordenes de subir	o bajar
08971   7356             ;----------------------------------------------------
08972   7356             
08973   7356             buscaCercanias:
08974   7356 06 04       		ld	b, 4
08975   7358 21 66 E1    		ld	hl, ordenSubir
08976   735B             
08977   735B             buscaCercanias2:
08978   735B 36 00       		ld	(hl), 0
08979   735D 23          		inc	hl
08980   735E 10 FB       		djnz	buscaCercanias2	; Borra	ordenes	de subir o bajar anteriores
08981   7360             
08982   7360 DD E5       		push	ix		; Datos	momia
08983   7362 E1          		pop	hl
08984   7363             
08985   7363 23          		inc	hl
08986   7364 08          		ex	af, af'
08987   7365 7E          		ld	a, (hl)		; Controles: Sentido en	el que va
08988   7366 08          		ex	af, af'
08989   7367             
08990   7367 23          		inc	hl
08991   7368 23          		inc	hl
08992   7369 E5          		push	hl		; Y
08993   736A CD 72 73    		call	buscaCercanias3	; Busca	primero	en el sentido actual
08994   736D E1          		pop	hl
08995   736E 08          		ex	af, af'
08996   736F EE 0C       		xor	0Ch		; Invierte sentido para	buscar en el contrario al que va
08997   7371 08          		ex	af, af'
08998   7372             
08999   7372             buscaCercanias3:
09000   7372 CD FE 71    		call	getYMomia
09001   7375 01 08 00    		ld	bc, 8		; (!?) Con poner 'ld c,8' bastaria
09002   7378 41          		ld	b, c		; Punto	central	de la momia
09003   7379 CD E1 50    		call	getMapOffset	; Obtiene en HL	la direccion del mapa que corresponde a	las coordenadas
09004   737C             
09005   737C 08          		ex	af, af'
09006   737D 2B          		dec	hl		; Tile a la izquierda de la momia
09007   737E CB 57       		bit	2, a		; Va a la izquierda?
09008   7380 20 02       		jr	nz, buscaCercanias4 ; Si, va a la izquierda
09009   7382             
09010   7382 23          		inc	hl
09011   7383 23          		inc	hl		; Tile a la derecha de la momia
09012   7384             
09013   7384             buscaCercanias4:
09014   7384 08          		ex	af, af'
09015   7385 06 00       		ld	b, 0		; contador de desplazamientos X	en la busqueda
09016   7387             
09017   7387             buscaCercanias5:
09018   7387 08          		ex	af, af'
09019   7388 2B          		dec	hl		; desplaza la busqueda un tile a la izquierda
09020   7389 CB 57       		bit	2, a		; Va a la izquierda?
09021   738B 20 02       		jr	nz, buscaCercanias6 ; si, va a la izquierda
09022   738D             
09023   738D 23          		inc	hl
09024   738E 23          		inc	hl		; desplaza la busqueda un tile a la derecha
09025   738F             
09026   738F             buscaCercanias6:
09027   738F 08          		ex	af, af'
09028   7390 7E          		ld	a, (hl)		; tile del mapa
09029   7391 E6 F0       		and	0F0h		; se queda con la familia o tipo de tile
09030   7393 FE 10       		cp	10h		; es un	muro o plataforma?
09031   7395 C8          		ret	z		; si
09032   7396             
09033   7396 FE 20       		cp	20h		; Es una escalera?
09034   7398 28 09       		jr	z, buscaCercanias7 ; Ha	encontrado una escalera
09035   739A             
09036   739A FE 30       		cp	30h		; Es un	cuchillo?
09037   739C 20 0D       		jr	nz, buscaCercanias8
09038   739E             
09039   739E 7E          		ld	a, (hl)
09040   739F FE 30       		cp	30h		; Es un	cuchillo clavado en el suelo?
09041   73A1 28 08       		jr	z, buscaCercanias8
09042   73A3             
09043   73A3             buscaCercanias7:
09044   73A3 0E 01       		ld	c, 1		; Orden	subir
09045   73A5 11 67 E1    		ld	de, distSubida
09046   73A8 CD CC 73    		call	guardaOrden
09047   73AB             
09048   73AB             buscaCercanias8:
09049   73AB E5          		push	hl
09050   73AC 3E 60       		ld	a, 60h		; Ancho	de las 3 habitaciones
09051   73AE CD 10 40    		call	ADD_A_HL	; Apunta a la fila inferior (yTile+1)
09052   73B1 7E          		ld	a, (hl)		; lee el tile del mapa
09053   73B2 4F          		ld	c, a
09054   73B3 E1          		pop	hl
09055   73B4 E6 F0       		and	0F0h		; Se queda con el tipo de tile
09056   73B6 28 0F       		jr	z, momiaBaja	; Esta vacio
09057   73B8             
09058   73B8 79          		ld	a, c		; Tile del mapa
09059   73B9 E6 0F       		and	0Fh
09060   73BB FE 05       		cp	5		; Escaleras que	bajan?
09061   73BD D4 C7 73    		call	nc, momiaBaja	; Si, da orden de bajar
09062   73C0             
09063   73C0 04          		inc	b
09064   73C1 3E 05       		ld	a, 5
09065   73C3 B8          		cp	b		; Ha buscado ya	5 posiciones en	una direccion?
09066   73C4 20 C1       		jr	nz, buscaCercanias5
09067   73C6 C9          		ret
09068   73C7             
09069   73C7             momiaBaja:
09070   73C7 0E 02       		ld	c, 2		; Orden	bajar
09071   73C9 11 69 E1    		ld	de, distBajada
09072   73CC             
09073   73CC             guardaOrden:
09074   73CC 1A          		ld	a, (de)
09075   73CD B8          		cp	b
09076   73CE D0          		ret	nc		; La orden existente tiene mas prioridad (va a las escaleras mas lejanas?)
09077   73CF             
09078   73CF 78          		ld	a, b
09079   73D0 12          		ld	(de), a		; Distancia a las escaleras
09080   73D1 1B          		dec	de
09081   73D2 08          		ex	af, af'
09082   73D3 F5          		push	af
09083   73D4 E6 FC       		and	0FCh		; Mantiene el sentido de la busqueda
09084   73D6 B1          		or	c		; Añade	orden de subir o bajar
09085   73D7 12          		ld	(de), a		; Guarda la orden
09086   73D8 F1          		pop	af
09087   73D9 08          		ex	af, af'
09088   73DA C9          		ret
09089   73DB             
09090   73DB             ;----------------------------------------------------
09091   73DB             ; Obtiene datos	de la momia en proceso
09092   73DB             ; Out:
09093   73DB             ; IX = Datos momia
09094   73DB             ; (pMomiaData) = Puntero datos momia
09095   73DB             ;----------------------------------------------------
09096   73DB             
09097   73DB             getMomiaProcDat:
09098   73DB 21 65 E1    		ld	hl, momiaEnProceso
09099   73DE 7E          		ld	a, (hl)
09100   73DF             
09101   73DF             getMomiaDat:
09102   73DF 47          		ld	b, a
09103   73E0 CB 20       		sla	b
09104   73E2 78          		ld	a, b
09105   73E3 CB 20       		sla	b
09106   73E5 80          		add	a, b
09107   73E6 CB 20       		sla	b
09108   73E8 CB 20       		sla	b
09109   73EA 80          		add	a, b		; x22
09110   73EB D9          		exx
09111   73EC 21 6A E1    		ld	hl, momiaDat	; Estructuras de las momias
09112   73EF CD 10 40    		call	ADD_A_HL
09113   73F2 E5          		push	hl
09114   73F3 22 62 E1    		ld	(pMomiaProceso), hl ; Puntero a	los datos de la	momia en proceso
09115   73F6 DD E1       		pop	ix
09116   73F8 EB          		ex	de, hl
09117   73F9 D9          		exx
09118   73FA C9          		ret
09119   73FB             
09120   73FB             
09121   73FB             ;----------------------------------------------------
09122   73FB             ;
09123   73FB             ; Actualiza las	coordenadas de un elemento segun su velocidad X
09124   73FB             ; In:
09125   73FB             ;  DE =	velocida. D = Parte entera, E =	Parte decimal
09126   73FB             ; Out:
09127   73FB             ;  A,D = Coordenada X
09128   73FB             ;  E = Decimales X
09129   73FB             ;----------------------------------------------------
09130   73FB             
09131   73FB             
09132   73FB             mueveProta:
09133   73FB 21 38 E1    		ld	hl, ProtaXdecimal ; 'Decimales' usados en el calculo de la X. Asi se consiguen velocidades menores a 1 pixel
09134   73FE ED 5B 3B E1 		ld	de, (protaSpeed) ; El byte bajo	indica la parte	"decimal" y el alto la entera
09135   7402             
09136   7402             mueveElemento:
09137   7402 DD E5       		push	ix
09138   7404 E5          		push	hl
09139   7405 E5          		push	hl
09140   7406 7E          		ld	a, (hl)
09141   7407 23          		inc	hl
09142   7408 66          		ld	h, (hl)
09143   7409 6F          		ld	l, a
09144   740A DD E1       		pop	ix
09145   740C DD 46 02    		ld	b, (ix+2)	; Habitacion
09146   740F DD 4E 05    		ld	c, (ix+5)	; Desplazamiento habitacion
09147   7412 DD 7E FE    		ld	a, (ix-2)	; Sentido del movimiento
09148   7415 1F          		rra
09149   7416 30 0A       		jr	nc, mueveElemento2 ; Va	hacia la derecha
09150   7418 79          		ld	a, c
09151   7419 2F          		cpl
09152   741A 4F          		ld	c, a
09153   741B 7A          		ld	a, d
09154   741C 2F          		cpl
09155   741D 57          		ld	d, a
09156   741E 7B          		ld	a, e
09157   741F 2F          		cpl
09158   7420 5F          		ld	e, a
09159   7421 13          		inc	de
09160   7422             
09161   7422             mueveElemento2:
09162   7422 19          		add	hl, de		; Suma desplazamiento
09163   7423 78          		ld	a, b		; Habitacion actual
09164   7424 89          		adc	a, c		; Suma desplazamiento X	alto, por si ha	cambiado de habitacion
09165   7425 47          		ld	b, a
09166   7426 DD 7E 01    		ld	a, (ix+1)	; Coordenada X
09167   7429 EB          		ex	de, hl
09168   742A E1          		pop	hl
09169   742B 73          		ld	(hl), e		; X decimales
09170   742C 23          		inc	hl
09171   742D 72          		ld	(hl), d		; X
09172   742E DD 70 02    		ld	(ix+2),	b	; Room
09173   7431 DD E1       		pop	ix
09174   7433 C9          		ret
09175   7434             
09176   7434             
09177   7434             ;----------------------------------------------------
09178   7434             ; Comprueba si puede realizar un salto mirando si hay
09179   7434             ; techo	sobre el elemento, si el salto es solamente vertical
09180   7434             ; Si es	con desplazamiento, comprueba si tienen	un muro	delante
09181   7434             ; (y si	el techo es mazizo?)
09182   7434             ; Out:
09183   7434             ;   NC = No puede saltar
09184   7434             ;----------------------------------------------------
09185   7434             
09186   7434             chkSaltar:
09187   7434 E5          		push	hl
09188   7435 2B          		dec	hl
09189   7436 2B          		dec	hl
09190   7437 7E          		ld	a, (hl)		; Controles del	elemento
09191   7438 E1          		pop	hl
09192   7439 FE 10       		cp	10h		; Salto	vertical sin desplazamiento lateral?
09193   743B 28 2D       		jr	z, chkChocaTecho ; Si, solo comprueba que no tenga techo sobre la cabeza
09194   743D             
09195   743D             ;---------------------------------------
09196   743D             ; El salto es con desplazamiento lateral
09197   743D             ; Comprueba si tiene un	muro delante
09198   743D             ;---------------------------------------
09199   743D CD 6A 74    		call	chkChocaTecho
09200   7440 D0          		ret	nc		; Ha chocado
09201   7441             
09202   7441 2B          		dec	hl
09203   7442 7E          		ld	a, (hl)		; Sentido
09204   7443 23          		inc	hl
09205   7444 01 04 03    		ld	bc, 304h	; Offset para la parte superior	izquierda
09206   7447 CB 1F       		rr	a
09207   7449 38 02       		jr	c, chkIncrustUp	; Izquierda
09208   744B             
09209   744B 06 0C       		ld	b, 0Ch		; Offset X parte derecha
09210   744D             
09211   744D             chkIncrustUp:
09212   744D C5          		push	bc
09213   744E CD B7 50    		call	chkTocaMuro	; Z = choca
09214   7451 C1          		pop	bc		; Recupera offset coordendas de	choque
09215   7452 28 06       		jr	z, chkTechoMazizo ; Ha chocado
09216   7454             
09217   7454 CD 7A 74    		call	chkTocaY_8	; Decrementa en	8 el offset Y y	comprueba si choca
09218   7457 C8          		ret	z
09219   7458             
09220   7458 37          		scf
09221   7459 C9          		ret
09222   745A             
09223   745A             chkTechoMazizo:
09224   745A CD 7A 74    		call	chkTocaY_8	; Decrementa en	8 el offset Y y	comprueba si choca
09225   745D C8          		ret	z		; Choca
09226   745E             
09227   745E CD 7A 74    		call	chkTocaY_8	; Decrementa en	8 el offset Y y	comprueba si choca
09228   7461 C8          		ret	z		; Choca
09229   7462             
09230   7462 06 08       		ld	b, 8		; Parte	central	X del elemento
09231   7464 CD B7 50    		call	chkTocaMuro	; Z = choca
09232   7467 C8          		ret	z		; Choca
09233   7468             
09234   7468 37          		scf			; No choca
09235   7469 C9          		ret
09236   746A             
09237   746A             ;----------------------------------------------------
09238   746A             ; Comprueba si choca mientras salta
09239   746A             ; Out: Carry = No choca
09240   746A             ;----------------------------------------------------
09241   746A             
09242   746A             chkChocaTecho:
09243   746A 01 FE 04    		ld	bc, 4FEh
09244   746D CD B7 50    		call	chkTocaMuro	; Z = choca
09245   7470 C8          		ret	z
09246   7471             
09247   7471 01 FE 0A    		ld	bc, 0AFEh
09248   7474 CD B7 50    		call	chkTocaMuro	; Z = choca
09249   7477 C8          		ret	z
09250   7478             
09251   7478 37          		scf			; No choca
09252   7479 C9          		ret
09253   747A             
09254   747A             chkTocaY_8:
09255   747A 79          		ld	a, c		; Decrementa en	8 el offset Y y	comprueba si choca
09256   747B D6 08       		sub	8
09257   747D 4F          		ld	c, a
09258   747E C5          		push	bc
09259   747F CD B7 50    		call	chkTocaMuro	; Z = choca
09260   7482 C1          		pop	bc
09261   7483 C9          		ret
09262   7484             
09263   7484             
09264   7484             ;----------------------------------------------------
09265   7484             ; Comprueba si choca con algo mientras salta, ya sea mientras
09266   7484             ; sube o mientras cae
09267   7484             ; Out:
09268   7484             ;   Z =	Ha chocado con algo al saltar. Termina el salto
09269   7484             ;----------------------------------------------------
09270   7484             
09271   7484             chkChocaSalto:
09272   7484 23          		inc	hl
09273   7485 3A 43 E1    		ld	a, (sentidoEscalera) ; Valor de	los controles en el momento del	salto. Así se sabe si fue un salto vertical
09274   7488 FE 10       		cp	10h		; Boton	A apretado? (Hold jump)
09275   748A             chkChocaSalto1:
09276   748A 23          		inc	hl
09277   748B 56          		ld	d, (hl)		; Sentido
09278   748C 23          		inc	hl
09279   748D 28 37       		jr	z, chkChocaCae	; Esta apretado.
09280   748F             
09281   748F DD 7E 05    		ld	a, (ix+ACTOR_X)
09282   7492 E6 07       		and	7
09283   7494 FE 04       		cp	4		; Esta en medio	de un tile?
09284   7496 20 2E       		jr	nz, chkChocaCae	; No
09285   7498             
09286   7498             ;------------------------------
09287   7498             ; Comprueba si choca por arriba
09288   7498             ;------------------------------
09289   7498 7A          		ld	a, d		; Sentido
09290   7499 1F          		rra
09291   749A 01 00 03    		ld	bc, 300h	; Offset superior izquierdo
09292   749D 38 02       		jr	c, chkChocaSalto2 ; Va a la izquierda
09293   749F 06 0C       		ld	b, 0Ch		; Offset derecho
09294   74A1             
09295   74A1             chkChocaSalto2:
09296   74A1 D5          		push	de
09297   74A2 CD B7 50    		call	chkTocaMuro	; Z = choca
09298   74A5 D1          		pop	de
09299   74A6 28 3A       		jr	z, ajustaPasillo ; Comprueba si	se ha encajado en un pasillo (muro por arriba y	por abajo)
09300   74A8             
09301   74A8             ;----------------------------------------
09302   74A8             ; Comprueba si choca con la parte central
09303   74A8             ;----------------------------------------
09304   74A8             
09305   74A8             chkChocaSalto3:
09306   74A8 7A          		ld	a, d		; Sentido
09307   74A9 01 08 03    		ld	bc, 308h	; Offset central izquierdo
09308   74AC 1F          		rra
09309   74AD 38 02       		jr	c, chkChocaSalto4 ; Va a la izquierda
09310   74AF 06 0C       		ld	b, 0Ch		; Offset derecho
09311   74B1             
09312   74B1             chkChocaSalto4:
09313   74B1 D5          		push	de
09314   74B2 CD B7 50    		call	chkTocaMuro	; Conca	con la parte central?
09315   74B5 D1          		pop	de
09316   74B6 28 1A       		jr	z, setFinSalto	; Si, termina el salto
09317   74B8             
09318   74B8             ;------------------------------------------
09319   74B8             ; Comprueba si choca con la parte de abajo
09320   74B8             ;------------------------------------------
09321   74B8             
09322   74B8 7A          		ld	a, d		; Sentido
09323   74B9 1F          		rra
09324   74BA 01 0E 03    		ld	bc, 30Eh	; Offset inferior izquierdo
09325   74BD 38 02       		jr	c, chkChocaSalto5 ; Va a la izquierda
09326   74BF 06 0C       		ld	b, 0Ch		; Derecho
09327   74C1             
09328   74C1             chkChocaSalto5:
09329   74C1 CD B7 50    		call	chkTocaMuro	; Z = choca
09330   74C4 28 0C       		jr	z, setFinSalto	; Si, termina el salto
09331   74C6             
09332   74C6             chkChocaCae:
09333   74C6 DD 7E 0E    		ld	a, (ix+ACTOR_JUMPSENT) ; 0 = Subiendo, 1 = Cayendo
09334   74C9 A7          		and	a		; Esta subiendo	o cayendo?
09335   74CA 28 12       		jr	z, setNZ	; Subiendo
09336   74CC             
09337   74CC CD 7E 50    		call	chkChocaSuelo	; Comprueba si choca con el suelo mientras cae
09338   74CF DA D9 74    		jp	c, chkLlegaSuelo ; No ha chocado
09339   74D2             
09340   74D2             setFinSalto:
09341   74D2 7E          		ld	a, (hl)		; Y
09342   74D3 E6 F8       		and	0F8h
09343   74D5 77          		ld	(hl), a		; Ajusta la coordenada Y a multiplo de 8 descartando los valores menores de 8
09344   74D6             
09345   74D6 AF          		xor	a
09346   74D7 A7          		and	a		; Set Z, fin del salto
09347   74D8 C9          		ret
09348   74D9             
09349   74D9             ; Comprueba si ha llegado al nivel del suelo
09350   74D9             
09351   74D9             chkLlegaSuelo:
09352   74D9 CD AD 50    		call	chkPisaSuelo
09353   74DC 28 F4       		jr	z, setFinSalto	; Si, esta en el suelo
09354   74DE             
09355   74DE             setNZ:	
09356   74DE AF          		xor	a
09357   74DF FE 01       		cp	1		; Set NZ
09358   74E1 C9          		ret
09359   74E2             
09360   74E2             ;----------------------------------------------------
09361   74E2             ; Se llama a esta funcion si al	saltar ha chocado con algo por la parte	superior
09362   74E2             ; Comprueba si bajo los	pies hay suelo y ajusta	la Y en	ese caso
09363   74E2             ;----------------------------------------------------
09364   74E2             
09365   74E2             ajustaPasillo:
09366   74E2 7A          		ld	a, d		; Sentido
09367   74E3 01 14 03    		ld	bc, 314h	; Offset medio tile por	debajo del elemento (izquierda)
09368   74E6 1F          		rra
09369   74E7 38 02       		jr	c, ajustaPasillo2
09370   74E9 06 0C       		ld	b, 0Ch		; Derecha
09371   74EB             
09372   74EB             ajustaPasillo2:
09373   74EB D5          		push	de
09374   74EC CD B7 50    		call	chkTocaMuro	; Z = choca
09375   74EF D1          		pop	de
09376   74F0 28 E0       		jr	z, setFinSalto	; Y
09377   74F2             
09378   74F2 18 B4       		jr	chkChocaSalto3
09379   74F4             
09380   74F4             
09381   74F4             ;----------------------------------------------------
09382   74F4             ; Salto
09383   74F4             ; Si se	esta ejecutando	el ending, los valores del salto se multiplican	x4
09384   74F4             ; Dependiendo de la direccion que este pulsada,	salta a	la derecha o a la izquierda
09385   74F4             ; Recorre la tabla de desplazamientos hasta llegar al final. Entonces
09386   74F4             ; indica que hay que recorrerla	al reves para caer de la misma forma que se subio
09387   74F4             ; Si llega al final nuevamente (inicio), cae a velocidad maxima	y continua asi
09388   74F4             ;----------------------------------------------------
09389   74F4             
09390   74F4             doSalto:
09391   74F4 3A 00 E0    		ld	a, (GameStatus)
09392   74F7 FE 0A       		cp	0Ah		; Status = Final del juego (ending)?
09393   74F9 28 04       		jr	z, doSalto2	; Si, esta en el final del juego
09394   74FB             
09395   74FB AF          		xor	a		; No esta en el	final del juego.
09396   74FC 32 04 E0    		ld	(waitCounter), a ; Lo pone a cero para no multiplicar los calores del salto x4
09397   74FF             
09398   74FF             doSalto2:
09399   74FF E5          		push	hl
09400   7500 E5          		push	hl
09401   7501 3E 0A       		ld	a, 0Ah
09402   7503 CD 10 40    		call	ADD_A_HL
09403   7506 5E          		ld	e, (hl)
09404   7507 23          		inc	hl
09405   7508 56          		ld	d, (hl)		; DE = Puntero a los desplazamientos del salto
09406   7509 23          		inc	hl
09407   750A 46          		ld	b, (hl)		; Sentido del salto: Subiendo o	bajando?
09408   750B E1          		pop	hl
09409   750C DD E1       		pop	ix
09410   750E 2B          		dec	hl
09411   750F             
09412   750F 7E          		ld	a, (hl)		; Teclas pulsadas
09413   7510 23          		inc	hl
09414   7511 23          		inc	hl
09415   7512 23          		inc	hl
09416   7513 23          		inc	hl
09417   7514 E6 0C       		and	0Ch		; Se queda solo	con derecha e izquierda
09418   7516 28 07       		jr	z, doSalto3
09419   7518             
09420   7518 35          		dec	(hl)		; Decrementa la	X
09421   7519 CB 57       		bit	2, a		; Izquierda = 4
09422   751B 20 02       		jr	nz, doSalto3
09423   751D             
09424   751D 34          		inc	(hl)		; Derecha = 8
09425   751E 34          		inc	(hl)		; Incrementa la	X
09426   751F             
09427   751F             doSalto3:
09428   751F 1A          		ld	a, (de)		; Desplazamiento Y del salto
09429   7520 3C          		inc	a		; Ha llegado al	final de la tabla?
09430   7521 28 2C       		jr	z, saltoCaeMax	; Si, cae a la maxima velocidad
09431   7523             
09432   7523 3D          		dec	a		; Restaura el valor de desplazamiento
09433   7524 4F          		ld	c, a		; Lo guarda en C
09434   7525             
09435   7525 3A 04 E0    		ld	a, (waitCounter)
09436   7528 3D          		dec	a
09437   7529 3D          		dec	a
09438   752A 79          		ld	a, c
09439   752B 20 02       		jr	nz, chkSaltoSubBaj ; Salta si waitCounter no es	2
09440   752D             
09441   752D 87          		add	a, a
09442   752E 87          		add	a, a		; Multiplica el	desplazamiento x4
09443   752F             
09444   752F             chkSaltoSubBaj:
09445   752F 05          		dec	b
09446   7530 04          		inc	b		; Sube o cae?
09447   7531 20 02       		jr	nz, saltoUpdate	; Sube
09448   7533 ED 44       		neg			; Cae, asi que pasa el valor a negativo
09449   7535             
09450   7535             saltoUpdate:
09451   7535 CD 51 75    		call	saltoUpdateY	; Actualiza la coordenada Y del	elemento que esta saltando
09452   7538 13          		inc	de		; Siguiente posicion de	la lista de desplazamientos
09453   7539             
09454   7539 78          		ld	a, b		; Sentido del salto
09455   753A A7          		and	a		; Sube o cae?
09456   753B 28 02       		jr	z, saltoUpdate3	; Sube
09457   753D             
09458   753D 1B          		dec	de		; Recorre la lista hacia atras
09459   753E             
09460   753E             saltoUpdate2:
09461   753E 1B          		dec	de
09462   753F             
09463   753F             saltoUpdate3:
09464   753F DD 73 0A    		ld	(ix+0Ah), e
09465   7542 DD 72 0B    		ld	(ix+0Bh), d	; Guarda puntero a los desplazamientos del salto
09466   7545 1A          		ld	a, (de)
09467   7546 FE FE       		cp	0FEh		; Ha llegado al	final de la tabla? (Punto mas alto del salto)
09468   7548 C0          		ret	nz		; No
09469   7549             
09470   7549 DD 36 0C 01 		ld	(ix+0Ch), 1	; Cambia el sentido del	salto. Comienza	a caer
09471   754D             					; Para ello recorre la misma lista hacia atras
09472   754D 18 EF       		jr	saltoUpdate2	; Decrementa el	puntero	para dejarlo en	un valor valido
09473   754F             
09474   754F             saltoCaeMax:
09475   754F 3E 04       		ld	a, 4
09476   7551             
09477   7551             saltoUpdateY:
09478   7551 2B          		dec	hl
09479   7552 2B          		dec	hl
09480   7553 86          		add	a, (hl)
09481   7554 77          		ld	(hl), a
09482   7555 C9          		ret
09483   7556             
09484   7556             ;----------------------------------------------------
09485   7556             ; Desplazamientos aplicados a la Y del elemento	cuando salta
09486   7556             ;----------------------------------------------------
09487   7556 FF          		db 0FFh			; Fin del salto. Cae a maxima velocidad
09488   7557 04          valoresSalto:	db 4
09489   7558 02          		db    2
09490   7559 02          		db    2
09491   755A 02          		db    2
09492   755B 01          		db    1
09493   755C 01          		db    1
09494   755D 02          		db    2
09495   755E 00          		db    0
09496   755F 01          		db    1
09497   7560 01          		db    1
09498   7561 00          		db    0
09499   7562 00          		db    0
09500   7563 FE          		db -2			; Final	de la tabla. Comienza la caida
09501   7564             
09502   7564             ;----------------------------------------------------
09503   7564             ; Pone estado de cayendo
09504   7564             ; Actualiza coordenada Y debido	a la caida y comprueba si choca	contra el suelo
09505   7564             ; Out:
09506   7564             ;   C =	Cae
09507   7564             ;  NC =	Esta sobre suelo
09508   7564             ;----------------------------------------------------
09509   7564             
09510   7564             cayendo:
09511   7564 36 02       		ld	(hl), 2		; Estado de cayendo
09512   7566 23          		inc	hl
09513   7567 23          		inc	hl
09514   7568 23          		inc	hl
09515   7569 7E          		ld	a, (hl)		; Y
09516   756A E6 FC       		and	0FCh
09517   756C 77          		ld	(hl), a		; Ajusta la Y a	multiplo de 4
09518   756D             
09519   756D E5          		push	hl
09520   756E CD 98 50    		call	chkCae
09521   7571 E1          		pop	hl
09522   7572 D0          		ret	nc		; Esta pisando algo
09523   7573             
09524   7573 7E          		ld	a, (hl)		; Y
09525   7574 C6 04       		add	a, 4		; Incrementa la	Y en 4
09526   7576 E6 FC       		and	0FCh
09527   7578 77          		ld	(hl), a		; Ajusta la Y a	multiplo de 4
09528   7579             
09529   7579 AF          		xor	a
09530   757A D6 01       		sub	1		; Set Carry
09531   757C C9          		ret
09532   757D             
09533   757D             
09534   757D             ;----------------------------------------------------
09535   757D             ; Mueve	a un personaje por las escaleras
09536   757D             ; Out:
09537   757D             ;    Z = Ha llegado al final de	las escaleras
09538   757D             ;----------------------------------------------------
09539   757D             
09540   757D             andaEscalera:
09541   757D 3A 03 E0    		ld	a, (timer)
09542   7580 A0          		and	b		; Mascara para ralentizar la velocidad en las escaleras
09543   7581 C0          		ret	nz
09544   7582             
09545   7582 23          		inc	hl
09546   7583 4E          		ld	c, (hl)		; Sentido
09547   7584 23          		inc	hl
09548   7585 23          		inc	hl
09549   7586 23          		inc	hl
09550   7587 7E          		ld	a, (hl)		; X
09551   7588 2B          		dec	hl
09552   7589 2B          		dec	hl		; Apunta a la Y
09553   758A E6 03       		and	3
09554   758C 20 06       		jr	nz, andaEscalera2 ; La X no es multiplo	de 4
09555   758E             
09556   758E E5          		push	hl		; Apunta a la Y
09557   758F CD 1D 51    		call	chkFinEscalera	; Comprueba si llega al	final de la escalera
09558   7592 E1          		pop	hl
09559   7593 C8          		ret	z		; Si, ha llegado al final
09560   7594             
09561   7594             andaEscalera2:
09562   7594 79          		ld	a, c		; Sentido
09563   7595 23          		inc	hl
09564   7596 23          		inc	hl
09565   7597 34          		inc	(hl)		; Incrementa la	X
09566   7598 1F          		rra
09567   7599 30 02       		jr	nc, andaEscalera3 ; Va a la derecha
09568   759B 35          		dec	(hl)
09569   759C 35          		dec	(hl)		; Decrementa la	X. Va a	la izquierda
09570   759D             
09571   759D             andaEscalera3:
09572   759D E5          		push	hl
09573   759E 3E 0A       		ld	a, 0Ah
09574   75A0 CD 10 40    		call	ADD_A_HL	; Apunta al sentido de las escaleras (+#0f)
09575   75A3 7E          		ld	a, (hl)
09576   75A4 2B          		dec	hl
09577   75A5 2B          		dec	hl
09578   75A6 2B          		dec	hl
09579   75A7 2B          		dec	hl
09580   75A8 2B          		dec	hl
09581   75A9 34          		inc	(hl)		; Contador de movimiento
09582   75AA E1          		pop	hl		; Apunta a la X
09583   75AB             
09584   75AB 81          		add	a, c		; Sentido escalera + sentido movimiento
09585   75AC 06 01       		ld	b, 1		; Baja
09586   75AE CB 47       		bit	0, a
09587   75B0 28 02       		jr	z, andaEscalera4
09588   75B2 06 FF       		ld	b, -1		; Sube
09589   75B4             
09590   75B4             andaEscalera4:
09591   75B4 2B          		dec	hl
09592   75B5 2B          		dec	hl		; Apunta a la Y
09593   75B6 7E          		ld	a, (hl)		; Y
09594   75B7 80          		add	a, b		; Suma desplazamineto vertical
09595   75B8 77          		ld	(hl), a		; Actualiza la coordenada Y dependiendo	del sentido de la escalera y hacia donde se mueve
09596   75B9             
09597   75B9 AF          		xor	a
09598   75BA FE 01       		cp	1		; Set NZ
09599   75BC C9          		ret
09600   75BD             
09601   75BD             
09602   75BD             ;----------------------------------------------------
09603   75BD             ; Muestra el final del juego
09604   75BD             ;----------------------------------------------------
09605   75BD             
09606   75BD             ShowEnding:
09607   75BD C5          		push	bc
09608   75BE CD 75 4B    		call	updateSprites
09609   75C1 C1          		pop	bc
09610   75C2 10 20       		djnz	showEnding2
09611   75C4             
09612   75C4 21 3C 77    		ld	hl, protaEndingDat ; Datos preparados para el ending (el prota sale de la piramide, anda a la izquierda	y salta)
09613   75C7 11 34 E1    		ld	de, protaStatus	; Destino: estructura del prota
09614   75CA 01 0C 00    		ld	bc, 0Ch		; Numero de datos a copiar
09615   75CD ED B0       		ldir
09616   75CF             
09617   75CF CD FA 4C    		call	setAttribProta	; Actualiza atributos de los sprites del prota
09618   75D2 21 E0 75    		ld	hl, controlsEnding ; Izquierda,	Izquierda+Salto
09619   75D5 22 80 E0    		ld	(keyPressDemo),	hl ; Puntero a los controles grabados
09620   75D8 3E 88       		ld	a, 88h
09621   75DA 32 82 E0    		ld	(KeyHoldCntDemo), a
09622   75DD             
09623   75DD             nextSubStatus_:
09624   75DD C3 3C 41    		jp	NextSubStatus
09625   75E0             
09626   75E0             
09627   75E0 04 1B       controlsEnding:	db 4, 1Bh
09628   75E2 14 FF       		db 14h,	0FFh		; Izquierda, Izquierda+Salto
09629   75E4             
09630   75E4             ;----------------------------------------------------
09631   75E4             ; Anda hasta el	centro de la pantalla y	salta
09632   75E4             ;----------------------------------------------------
09633   75E4             
09634   75E4             showEnding2:
09635   75E4 10 1C       		djnz	showEnding3
09636   75E6 CD D6 45    		call	ReplaySavedMov	; Reproduce movimientos	grabados del ending (andar izquierda y saltar)
09637   75E9 CD 59 4C    		call	AI_Prota	; Mueve	y anima	al prota
09638   75EC 3A 53 E0    		ld	a, (flagVivo)
09639   75EF A7          		and	a
09640   75F0 C0          		ret	nz		; Se ha	terminado la demo
09641   75F1             
09642   75F1 CD 61 4D    		call	setProtaSalta_	; Salta
09643   75F4             
09644   75F4 21 36 E1    		ld	hl, sentidoProta ; 1 = Izquierda, 2 = Derecha
09645   75F7 77          		ld	(hl), a		; (!?) A = #3F No parece que tenga un valor puesto a proposito
09646   75F8 3D          		dec	a		; #3E?
09647   75F9 2B          		dec	hl
09648   75FA 77          		ld	(hl), a		; ProntaControl
09649   75FB 3E 02       		ld	a, 2
09650   75FD 32 04 E0    		ld	(waitCounter), a
09651   7600 18 DB       		jr	nextSubStatus_
09652   7602             
09653   7602             ;----------------------------------------------------
09654   7602             ; Espera a que termine el salto
09655   7602             ;----------------------------------------------------
09656   7602             
09657   7602             showEnding3:
09658   7602 10 0A       		djnz	showSpecialBonus
09659   7604 CD 59 4C    		call	AI_Prota	; Mueve	y anima	al prota
09660   7607 3A 42 E1    		ld	a, (flagSalto)	; 0 = Saltando,	1 = En el suelo
09661   760A B7          		or	a
09662   760B C8          		ret	z		; Aun no ha terminado el salto
09663   760C 18 CF       		jr	nextSubStatus_
09664   760E             
09665   760E             ;----------------------------------------------------
09666   760E             ; Muestra texto	de CONGRATULATIONS, SPECIAL BONUS y suma 10.000	puntos
09667   760E             ;----------------------------------------------------
09668   760E             
09669   760E             showSpecialBonus:
09670   760E 10 0D       		djnz	waitEnding
09671   7610 CD AC 6E    		call	VidaExtra	; Suma una vida	extra
09672   7613 CD 1D 78    		call	specialBonus	; Muestra texto	de CONGARTULATIONS, SPECIAL BONUS y suma 10.000	puntos
09673   7616 3E D0       		ld	a, 0D0h
09674   7618 32 04 E0    		ld	(waitCounter), a
09675   761B 18 C0       		jr	nextSubStatus_
09676   761D             
09677   761D             ;----------------------------------------------------
09678   761D             ; Espera un rato mientras esta el texto	en pantalla
09679   761D             ; Pasa a estado	"Stage clear"
09680   761D             ;----------------------------------------------------
09681   761D             
09682   761D             waitEnding:
09683   761D 10 0B       		djnz	setupEnding
09684   761F 21 04 E0    		ld	hl, waitCounter
09685   7622 35          		dec	(hl)
09686   7623 C0          		ret	nz
09687   7624             
09688   7624 3E 08       		ld	a, 8		; status: Stage	clear
09689   7626 32 00 E0    		ld	(GameStatus), a
09690   7629 C9          		ret
09691   762A             
09692   762A             ;----------------------------------------------------
09693   762A             ; Prepara todo para mostrar el final
09694   762A             ; - Oculta los sprites y muestra la cortinilla
09695   762A             ; - Carga los sprites del porta	con el pico
09696   762A             ; - Pone la musica del juego
09697   762A             ; - Borra todo el mapa RAM
09698   762A             ;----------------------------------------------------
09699   762A             
09700   762A             setupEnding:
09701   762A CD 56 43    		call	hideSprAttrib	; Oculta los sprites
09702   762D CD 30 43    		call	drawCortinilla	; Dibuja la cortinilla
09703   7630 F0          		ret	p		; No ha	terminado con la cortinilla
09704   7631             
09705   7631 3E 20       		ld	a, 20h
09706   7633 CD BB 4E    		call	cogeObjeto	; Hace que el prota lleve el pico
09707   7636             
09708   7636 3E 8B       		ld	a, 8Bh		; Ingame music
09709   7638 CD A9 7A    		call	setMusic
09710   763B             
09711   763B CD 9A 6D    		call	BorraMapaRAM
09712   763E 21 00 E7    		ld	hl, MapaRAMRoot	; La primera fila del mapa no se usa (ocupada por el marcador).	Tambien	usado como inicio de la	pila
09713   7641 11 01 E7    		ld	de,  MapaRAMRoot+1 ; La	primera	fila del mapa no se usa	(ocupada por el	marcador). Tambien usado como inicio de	la pila
09714   7644 01 20 07    		ld	bc, 720h
09715   7647 36 00       		ld	(hl), 0		; Tile vacio
09716   7649 ED B0       		ldir
09717   764B             
09718   764B 21 80 24    		ld	hl, 2480h	; VRAM address pattern generator table = Pattern #90
09719   764E 11 E2 76    		ld	de, endingTiles
09720   7651 CD F1 44    		call	UnpackPatterns
09721   7654             
09722   7654 21 80 04    		ld	hl, 480h	; VRAM address color table = pattern #90
09723   7657 11 13 77    		ld	de, endingColors
09724   765A CD F1 44    		call	UnpackPatterns
09725   765D             
09726   765D 21 1F 39    		ld	hl, 391Fh	; VRAM address name table = Posicion pico piramide grande derecha
09727   7660 0E 90       		ld	c, 90h
09728   7662 AF          		xor	a
09729   7663 CD B3 76    		call	drawHalfPiram
09730   7666             
09731   7666 21 03 3A    		ld	hl, 3A03h	; VRAM address name table = Posicion vertice izquierdo piramide	mediana	izquierda
09732   7669 0E 92       		ld	c, 92h
09733   766B CD B3 76    		call	drawHalfPiram
09734   766E             
09735   766E 21 2B 3A    		ld	hl, 3A2Bh	; VRAM address name table = Posicion vert. izq.	piramide pequeña central
09736   7671 CD B3 76    		call	drawHalfPiram
09737   7674             
09738   7674 21 04 3A    		ld	hl, 3A04h	; VRAM address name table = Posicion vertice superior lado derecho piramide mediana izquierda
09739   7677 0E 94       		ld	c, 94h
09740   7679 3C          		inc	a		; Lado derecho de las piramides
09741   767A CD B3 76    		call	drawHalfPiram
09742   767D             
09743   767D 21 2C 3A    		ld	hl, 3A2Ch	; VRAM address name table = Posicion vertice superior lado derecho piramide pequeña central
09744   7680 CD B3 76    		call	drawHalfPiram
09745   7683             
09746   7683 11 2F 77    		ld	de, tilesEndDoor ; Patrones que	forman la puerta de la piramide	grande
09747   7686 01 02 03    		ld	bc, 302h	; Alto = 3 tiles, ancho	= 2 tiles
09748   7689 21 1E 3A    		ld	hl, 3A1Eh	; VRAM address name table = Posicion de	la puerta
09749   768C CD C8 65    		call	DEtoVRAM_NXNY	; Dibuja la puerta en pantalla
09750   768F             
09751   768F 3E 96       		ld	a, 96h		; Patron suelo de arena
09752   7691 21 60 3A    		ld	hl, 3A60h	; VRAM address name table = Suelo
09753   7694 01 20 00    		ld	bc, 20h		; Ancho	de la pantalla
09754   7697 CD AB 44    		call	setFillVRAM	; Dibuja el suelo
09755   769A CD 07 44    		call	renderMarcador
09756   769D             
09757   769D 11 35 77    		ld	de, starsLocations
09758   76A0 06 06       		ld	b, 6		; Numero de estrellas en el cielo
09759   76A2             
09760   76A2             drawStars:
09761   76A2 1A          		ld	a, (de)		; Byte bajo de la direccion VRAM tabla de nombres (semicoordenada) de la estrella
09762   76A3 6F          		ld	l, a
09763   76A4 26 39       		ld	h, 39h		; Byte alto de la direccion VRAM de la tabla de	nombres
09764   76A6 3E 97       		ld	a, 97h		; Patron estrella
09765   76A8 CD 4D 00    		call	WRTVRM		; Dibuja la estrella
09766   76AB 13          		inc	de		; Siguiente estrella
09767   76AC 10 F4       		djnz	drawStars
09768   76AE             
09769   76AE             nextSubstatus2:
09770   76AE 21 01 E0    		ld	hl, subStatus
09771   76B1 34          		inc	(hl)
09772   76B2 C9          		ret
09773   76B3             
09774   76B3             ;----------------------------------------------------
09775   76B3             ; Dibuja media piramide	(triangulo rectangulo)
09776   76B3             ; Pinta	la piramide desde la altura del	vertice	hasta que llega	al suelo, incrementando	el ancho en cada linea
09777   76B3             ; In:
09778   76B3             ;  HL =	VRAM address name table
09779   76B3             ;   C =	Patron diagonal	piramide / o \.	(C+1)= Patron relleno
09780   76B3             ;   A =	Lado de	la piramide que	pinta (0 = izquierdo, 1	= derecho)
09781   76B3             ;----------------------------------------------------
09782   76B3             
09783   76B3             drawHalfPiram:
09784   76B3 06 00       		ld	b, 0		; Contador del ancho de	la fila	actual de la piramide
09785   76B5             
09786   76B5             chkVertice:
09787   76B5 E5          		push	hl		; Guarda direccion VRAM	del eje	de la piramide
09788   76B6 C5          		push	bc		; Guarda el ancho de la	linea actual de	la piramide
09789   76B7 05          		dec	b
09790   76B8 04          		inc	b		; Es cero el ancho? (Es	el vertice superior?)
09791   76B9 28 0F       		jr	z, drawVertice	; Coloca el vertice de la piramide
09792   76BB             
09793   76BB             drawRelleno:
09794   76BB 08          		ex	af, af'         ; Guarda la direccion de pintado
09795   76BC 79          		ld	a, c		; Tile de arista / o \
09796   76BD 3C          		inc	a		; Lo pasa a tile de relleno
09797   76BE CD 4D 00    		call	WRTVRM		; Tile de relleno de la	piramide
09798   76C1 08          		ex	af, af'         ; Recupera la direccion de pintado
09799   76C2 2B          		dec	hl		; Se mueve un patron a la izquierda
09800   76C3 A7          		and	a		; Lado de la piramide que tiene	que pintar?
09801   76C4 28 02       		jr	z, drawRelleno2
09802   76C6             
09803   76C6 23          		inc	hl
09804   76C7 23          		inc	hl		; Se mueve un patron a la derecha
09805   76C8             
09806   76C8             drawRelleno2:
09807   76C8 10 F1       		djnz	drawRelleno	; Aun faltan patrones por pintar de la fila actual de la piramide
09808   76CA             
09809   76CA             drawVertice:
09810   76CA C1          		pop	bc		; Recupera el ancho actual de la fila de la piramide
09811   76CB 04          		inc	b		; Incrementa contador del ancho	de la piramide
09812   76CC 08          		ex	af, af'         ; Guarda la direccion de pintado indicada en A
09813   76CD 79          		ld	a, c		; Vertice de la	piramide / patron diagonal
09814   76CE CD 4D 00    		call	WRTVRM		; Dibuja el patron en pantalla
09815   76D1 08          		ex	af, af'         ; Recupera la direccion de pintado
09816   76D2             
09817   76D2 E1          		pop	hl		; Recupera la direccion	VRAM del eje central de	la piramide
09818   76D3 11 20 00    		ld	de, 20h		; Distancia al tile inferior
09819   76D6 19          		add	hl, de		; Coloca puntero VRAM un tile mas abajo
09820   76D7 E5          		push	hl		; Guarda direccion VRAM	del eje	central
09821   76D8 A7          		and	a
09822   76D9 11 80 3A    		ld	de, 3A80h	; VRAM address name table por debajo de	la linea del suelo
09823   76DC ED 52       		sbc	hl, de		; Comprueba si ya se ha	pintado	la piramide hasta el suelo
09824   76DE E1          		pop	hl
09825   76DF 38 D4       		jr	c, chkVertice	; Continua pintando otra fila de la piramide
09826   76E1             
09827   76E1 C9          		ret
09828   76E2             
09829   76E2             
09830   76E2             ;----------------------------------------------------
09831   76E2             ; Tiles	usados para dibujar el escenario final
09832   76E2             ; Tiles:
09833   76E2             ;   - Lateral dcho. ladrillo, relleno ladrillo (piramide cercana)
09834   76E2             ;   - Lateral dcho. arenisca, relleno arenisca (piramide lejana)
09835   76E2             ;   - Lateral izdo. arenisca oscura, relleno arenisca oscura
09836   76E2             ;   - Arena del	suelo
09837   76E2             ;   - Estrella del cielo
09838   76E2             ;----------------------------------------------------
09839   76E2             endingTiles:	db 88h,	0, 2, 6, 0, 0Fh, 2Fh, 6Fh, 0, 3, 0FEh, 81h, 0
09839   76E2 88000206000F2F6F0003FE8100
09840   76EF             		db 3, 0EFh, 88h, 0, 1, 3, 7, 0Fh, 1Fh, 3Fh, 7Fh, 9, 0FFh
09840   76EF 03EF88000103070F1F3F7F09FF
09841   76FC             		db 87h,	80h, 0C0h, 0E0h, 0F0h, 0F8h, 0FCh, 0FEh, 9, 0FFh
09841   76FC 8780C0E0F0F8FCFE09FF
09842   7706             		db 87h,	55h, 0AAh, 55h,	0AAh, 66h, 99h,	66h, 8,	0, 81h
09842   7706 8755AA55AA669966080081
09843   7711 C0 00       		db 0C0h, 0
09844   7713             
09845   7713             ;----------------------------------------------------
09846   7713             ; Tabla	de colores de los tiles	de fondo anteriores
09847   7713             ;----------------------------------------------------
09848   7713             endingColors:	db 88h,	60h, 60h, 0A0h,	0A0h, 60h, 60h,	0A0h, 0A0h, 2
09848   7713 886060A0A06060A0A002
09849   771D             		db 60h,	2, 0A0h, 2, 60h, 2, 0A0h, 10h, 80h, 10h, 60h, 4
09849   771D 6002A0026002A01080106004
09850   7729             		db 8Ah,	4, 6Ah,	8, 50h,	0
09850   7729 8A046A085000
09851   772F             
09852   772F             
09853   772F             ;----------------------------------------------------
09854   772F             ; Patrones que forman la puerta	de la piramide del final del juego
09855   772F             ;----------------------------------------------------
09856   772F             tilesEndDoor:	db 63h,	64h, 0,	65h, 66h, 67h
09856   772F 636400656667
09857   7735             
09858   7735             ;----------------------------------------------------
09859   7735             ; Bytes	bajos de la direccion VRAM de la tabla de nombres donde	se pintan las estrellas
09860   7735             ; El byte alto es fijo = #39
09861   7735             ;----------------------------------------------------
09862   7735             starsLocations:	db 9, 16h, 38h,	67h, 74h, 8Eh, 0A9h
09862   7735 09163867748EA9
09863   773C             
09864   773C             
09865   773C             ;----------------------------------------------------
09866   773C             ; Datos	del prota para el ending
09867   773C             ; Status, Control, sentido, Y, decimales, X, habitacion, speed decimales, speed	X, Speed room, movCnt, frame
09868   773C             ; Andar, izquierda, izquierda, Y=#88, 0, X=#F0,	0, spd=#C0
09869   773C             ;----------------------------------------------------
09870   773C             protaEndingDat:	db 0, 4, 1, 88h, 0, 0F0h, 0, 0C0h, 0, 0, 0, 0
09870   773C 0004018800F000C000000000
09871   7748             
09872   7748             
09873   7748             ;----------------------------------------------------
09874   7748             ; Setup	pergamino
09875   7748             ;----------------------------------------------------
09876   7748             
09877   7748             setupPergamino:
09878   7748 CD 56 43    		call	hideSprAttrib
09879   774B 11 41 78    		ld	de, gfxMap	; Patrones del pergamino con el	mapa de	piramides
09880   774E 21 00 26    		ld	hl, 2600h	; VRAM address pattern #C0
09881   7751 CD F1 44    		call	UnpackPatterns	; Descomprime los patrones en VRAM
09882   7754             
09883   7754 11 EA 78    		ld	de, colorTableMap ; Tabla de color de los patrones del mapa
09884   7757 21 00 06    		ld	hl, 600h	; VRAM address color table pattern #C0
09885   775A CD F1 44    		call	UnpackPatterns	; Descomprime tabla de colores
09886   775D             
09887   775D 11 13 79    		ld	de, gfxSprMapa	; Sprites usados en el mapa (silueta piramide y	flechas)
09888   7760 CD 14 45    		call	unpackGFXset	; Descomprime sprites
09889   7763             
09890   7763 AF          		xor	a
09891   7764 32 30 E1    		ld	(statusEntrada), a
09892   7767 32 40 E1    		ld	(timerPergam2),	a ; Se usa para	hacer una pausa	tras terminar de sonar la musica del pergamino al llegar al GOAL
09893   776A             
09894   776A 3E 91       		ld	a, 91h		; Musica pergamino
09895   776C CD A9 7A    		call	setMusic
09896   776F             
09897   776F 3A 54 E0    		ld	a, (piramideActual)
09898   7772 CD 2E 78    		call	setPiramidMap	; Coloca la silueta para resaltar la piramide actual
09899   7775             
09900   7775 3A 57 E0    		ld	a, (puertaSalida) ; Direccion de la salida de la piramide
09901   7778 11 79 7A    		ld	de, numSprFlechas ; Numero de sprites de las flechas
09902   777B             
09903   777B             setFlechaMap:
09904   777B D5          		push	de
09905   777C CB 3F       		srl	a
09906   777E FE 04       		cp	4
09907   7780 20 01       		jr	nz, setFlechaMap2
09908   7782 3D          		dec	a		; Convierte valores 1,2,4,8 en 0,1,2,3
09909   7783             
09910   7783             setFlechaMap2:
09911   7783 F5          		push	af
09912   7784 87          		add	a, a
09913   7785 21 71 7A    		ld	hl, offsetFlechas
09914   7788 CD 10 40    		call	ADD_A_HL
09915   778B 11 FC E0    		ld	de, attrPiramidMap ; Atributos del sprite usado	para resaltar una piramide en el mapa (silueta)
09916   778E 01 00 E1    		ld	bc, attrFlechaMap ; Atributos de la flecha del mapa
09917   7791 1A          		ld	a, (de)		; Y de la piramide
09918   7792 86          		add	a, (hl)		; Le suma el desplazamiento que	le corresponde a la flecha
09919   7793 02          		ld	(bc), a		; Y de la flecha
09920   7794 23          		inc	hl
09921   7795 13          		inc	de
09922   7796 03          		inc	bc
09923   7797 1A          		ld	a, (de)		; X de la piramide
09924   7798 86          		add	a, (hl)		; Le suma el desplazamiento
09925   7799 02          		ld	(bc), a		; X de la flecha
09926   779A 03          		inc	bc
09927   779B F1          		pop	af		; Recupera la direccion	de la flecha
09928   779C D1          		pop	de		; Puntero al numero de sprite que corresponde cada direccion
09929   779D CD 15 40    		call	ADD_A_DE
09930   77A0 1A          		ld	a, (de)		; Sprite que corresponde a la direccion	de salida
09931   77A1 02          		ld	(bc), a		; Sprite de la flecha
09932   77A2 C9          		ret
09933   77A3             
09934   77A3             ;----------------------------------------------------
09935   77A3             ;
09936   77A3             ; Coloca la flecha en la casilla "GOAL" del mapa
09937   77A3             ;
09938   77A3             ;----------------------------------------------------
09939   77A3             
09940   77A3             setFlechaGoal:
09941   77A3 21 FC E0    		ld	hl, attrPiramidMap ; Atributos del sprite usado	para resaltar una piramide en el mapa (silueta)
09942   77A6 E5          		push	hl
09943   77A7 36 97       		ld	(hl), 97h
09944   77A9 23          		inc	hl
09945   77AA 36 7B       		ld	(hl), 7Bh
09946   77AC 3E 01       		ld	a, 1		; Flecha por arriba
09947   77AE CD BE 77    		call	setFlechaInvert
09948   77B1 E1          		pop	hl
09949   77B2 36 C3       		ld	(hl), 0C3h
09950   77B4 C9          		ret
09951   77B5             
09952   77B5             ;----------------------------------------------------
09953   77B5             ;
09954   77B5             ; Actualiza las	coordenadas y los sprites del mapa de piramides
09955   77B5             ; Sprites: flecha y silueta de piramide
09956   77B5             ;
09957   77B5             ;----------------------------------------------------
09958   77B5             
09959   77B5             setDestinoMap:
09960   77B5 3A 55 E0    		ld	a, (piramideDest)
09961   77B8 CD 2E 78    		call	setPiramidMap
09962   77BB 3A 56 E0    		ld	a, (puertaEntrada)
09963   77BE             
09964   77BE             setFlechaInvert:
09965   77BE 11 7D 7A    		ld	de, numSprFlechInv
09966   77C1 18 B8       		jr	setFlechaMap
09967   77C3             
09968   77C3             ;----------------------------------------------------
09969   77C3             ;
09970   77C3             ; Logica del mapa de piramides
09971   77C3             ;
09972   77C3             ;----------------------------------------------------
09973   77C3             
09974   77C3             tickPergamino:
09975   77C3 3A 03 E0    		ld	a, (timer)
09976   77C6 E6 07       		and	7		; 8 colores de animacion
09977   77C8 21 4B 7A    		ld	hl, coloresFlecha ; Colores usados para	resaltar la flecha y piramide en el mapa
09978   77CB CD 10 40    		call	ADD_A_HL
09979   77CE 7E          		ld	a, (hl)
09980   77CF 32 FF E0    		ld	(colorPiramidMap), a ; Color del outline de la piramide	en el mapa
09981   77D2 32 03 E1    		ld	(colorFlechaMap), a ; Color de la flecha que indica a que piramide vamos en el mapa
09982   77D5 CD 75 4B    		call	updateSprites
09983   77D8             
09984   77D8 CD 11 4C    		call	chkPause	; Comprueba si se pulsa	F1 en el mapa
09985   77DB             
09986   77DB 21 54 E0    		ld	hl, piramideActual
09987   77DE 7E          		ld	a, (hl)
09988   77DF 23          		inc	hl
09989   77E0 96          		sub	(hl)
09990   77E1 21 30 E1    		ld	hl, statusEntrada
09991   77E4 34          		inc	(hl)
09992   77E5 FE 0E       		cp	0Eh		; Ultima piramide?
09993   77E7 7E          		ld	a, (hl)
09994   77E8 28 0C       		jr	z, setEndingStat
09995   77EA             
09996   77EA FE 58       		cp	58h		; Ciclos que muestra la	flecha de salida
09997   77EC 28 C7       		jr	z, setDestinoMap
09998   77EE             
09999   77EE FE E0       		cp	0E0h		; Ciclos que muestra la	flecha de entrada
10000   77F0 C0          		ret	nz
10001   77F1             
10002   77F1 3C          		inc	a
10003   77F2 32 0D E0    		ld	(flagEndPergamino), a ;	1 = Ha terminado de mostar el pergamino/mapa
10004   77F5 C9          		ret
10005   77F6             
10006   77F6             setEndingStat:
10007   77F6 FE 58       		cp	58h		; Hay que cambiar la posicion de la flecha al destino?
10008   77F8 28 A9       		jr	z, setFlechaGoal ; Coloca la flecha sobre GOAL
10009   77FA             
10010   77FA 3A 10 E0    		ld	a, (MusicChanData)
10011   77FD B7          		or	a
10012   77FE C0          		ret	nz		; Aun suena musica
10013   77FF             
10014   77FF 21 40 E1    		ld	hl, timerPergam2 ; Se usa para hacer una pausa tras terminar de	sonar la musica	del pergamino al llegar	al GOAL
10015   7802 7E          		ld	a, (hl)
10016   7803 34          		inc	(hl)
10017   7804 FE 80       		cp	80h
10018   7806 C0          		ret	nz		; Hace una pausa al terminar de	sonar la musica
10019   7807             
10020   7807 21 58 E0    		ld	hl, numFinishGame ; Numero de veces que	se ha terminado	el juego
10021   780A 34          		inc	(hl)		; Incrementa el	numero de veces	que se ha terminado el juego
10022   780B             
10023   780B AF          		xor	a
10024   780C 23          		inc	hl
10025   780D 77          		ld	(hl), a
10026   780E 54          		ld	d, h
10027   780F 5D          		ld	e, l
10028   7810 13          		inc	de
10029   7811 01 0A 00    		ld	bc, 0Ah
10030   7814 79          		ld	a, c		; A = Status #A
10031   7815 ED B0       		ldir			; Borra	10 bytes de variables desde numFinishedGame
10032   7817             
10033   7817 CD 38 42    		call	setGameStatus	; Pone status #A = Ending
10034   781A C3 B4 41    		jp	ResetSubStatus	; (!?) Ya lo hace en la	anterior llamada
10035   781D             
10036   781D             ;----------------------------------------------------
10037   781D             ; Muestra texto	de "CONGRATULATIONS" "SPECIAL BONUS"
10038   781D             ; Y suma 10.000	puntos
10039   781D             ;----------------------------------------------------
10040   781D             
10041   781D             specialBonus:
10042   781D             	IF	(VERSION2)
10043   781D 11 81 7A    		ld	de, TXT_ENDING
10044   7820 CD 14 45    		call	unpackGFXset
10045   7823 11 00 50    		ld	de, 5000h
10046   7826 D5          		push	de
10047   7827 CD 12 44    		call	SumaPuntos
10048   782A D1          		pop	de
10049   782B C3 12 44    		jp	SumaPuntos
10050   782E             	ELSE
10051   782E~            		ld	de, TXT_ENDING
10052   782E~            		call	unpackGFXset
10053   782E~            		ld	de, 5000h
10054   782E~            		call	SumaPuntos
10055   782E~            		ld	de, 5000h
10056   782E~            		jp	SumaPuntos
10057   782E             	ENDIF
10058   782E             
10059   782E             ;----------------------------------------------------
10060   782E             ; Pone las coordenadas de la silueta de	la piramide actual
10061   782E             ;----------------------------------------------------
10062   782E             
10063   782E             setPiramidMap:
10064   782E 3D          		dec	a
10065   782F 87          		add	a, a
10066   7830 21 53 7A    		ld	hl, coordPiramMap
10067   7833 CD 10 40    		call	ADD_A_HL
10068   7836 11 FC E0    		ld	de, attrPiramidMap ; Atributos del sprite usado	para resaltar una piramide en el mapa (silueta)
10069   7839 ED A0       		ldi			; Y
10070   783B ED A0       		ldi			; X
10071   783D EB          		ex	de, hl
10072   783E 36 E4       		ld	(hl), 0E4h	; Sprite de la silueta de la piramide
10073   7840 C9          		ret
10074   7841             
10075   7841             ;----------------------------------------------------
10076   7841             ; Graficos del pergamino con el	mapa de	piramides
10077   7841             ;----------------------------------------------------
10078   7841             gfxMap:		db 0A0h, 1, 3, 7, 0Fh, 1Fh, 3Fh, 0Fh, 3, 80h, 0C0h, 0E0h
10078   7841 A00103070F1F3F0F0380C0E0
10079   784D             		db 0F0h, 0F8h, 0FCh, 0F0h, 0C0h, 1, 3, 7, 0Fh, 1Fh, 3Fh
10079   784D F0F8FCF0C00103070F1F3F
10080   7858             		db 0Fh,	3, 80h,	0C0h, 0E0h, 0F0h, 0F8h,	0FCh, 0F0h, 0C0h
10080   7858 0F0380C0E0F0F8FCF0C0
10081   7862             		db 5, 0, 81h, 0FFh, 0Fh, 80h, 81h, 0FFh, 7, 0, 81h, 0FFh
10081   7862 050081FF0F8081FF070081FF
10082   786E             		db 7, 0, 81h, 0FFh, 0Ah, 1, 8, 3, 8, 0C0h, 0A3h, 0FFh
10082   786E 070081FF0A01080308C0A3FF
10083   787A             		db 38h,	49h, 81h, 9Dh, 49h, 38h, 0FFh, 0FFh, 0E1h, 13h
10083   787A 3849819D4938FFFFE113
10084   7884             		db 12h,	13h, 12h, 0E2h,	0FFh, 0FFh, 0C8h, 68h, 28h, 0E8h
10084   7884 121312E2FFFFC86828E8
10085   788E             		db 28h,	2Fh, 0FFh, 1, 3, 7, 0Fh, 1Fh, 3Fh, 7Fh,	7Fh, 0F0h
10085   788E 282FFF0103070F1F3F7F7FF0
10086   789A             		db 0F9h, 0FDh, 7, 0FFh,	3, 0DFh, 91h, 0CBh, 89h, 80h, 0
10086   789A F9FD07FF03DF91CB898000
10087   78A5             		db 81h,	0D1h, 0F3h, 0F3h, 0FBh,	0FFh, 0FFh, 0Fh, 1Fh, 3Fh
10087   78A5 81D1F3F3FBFFFF0F1F3F
10088   78AF             		db 3Fh,	7Fh, 7Fh, 5, 0FFh, 8Ah,	0F7h, 0F3h, 0D7h, 83h
10088   78AF 3F7F7F05FF8AF7F3D783
10089   78B9             		db 85h,	0F8h, 0F8h, 0F0h, 0FAh,	0FEh, 5, 0FFh, 4, 7Fh
10089   78B9 85F8F8F0FAFE05FF047F
10090   78C3             		db 7, 3Fh, 7, 7Fh, 4, 3Fh, 0Bh,	0Fh, 0Dh, 1Fh, 4, 80h
10090   78C3 073F077F043F0B0F0D1F0480
10091   78CF             		db 0Ch,	0C0h, 3, 0F0h, 0Ch, 0E0h, 0Bh, 0F0h, 6,	0E0h, 6
10091   78CF 0CC003F00CE00BF006E006
10092   78DA             		db 80h,	4, 0, 7, 80h, 0Ch, 0C0h, 7, 80h, 6, 0, 4, 80h
10092   78DA 80040007800CC0078006000480
10093   78E7 02 C0 00    		db 2, 0C0h, 0
10094   78EA             
10095   78EA             colorTableMap:	db 5, 8Fh, 3, 6Fh, 5, 9Fh, 8, 8Fh, 83h,	61h, 6Fh, 6Fh
10095   78EA 058F036F059F088F83616F6F
10096   78F6             		db 5, 9Fh, 83h,	81h, 8Fh, 8Fh, 30h, 1Fh, 11h, 6Fh, 6, 4Fh
10096   78F6 059F83818F8F301F116F064F
10097   7902             		db 2, 6Fh, 6, 4Fh, 2, 6Fh, 6, 4Fh, 81h,	6Fh, 8,	0E0h, 78h
10097   7902 026F064F026F064F816F08E078
10098   790F F0 48 F0 00 		db 0F0h, 48h, 0F0h, 0
10099   7913             
10100   7913             
10101   7913             ;----------------------------------------------------
10102   7913             ; Sprites usados en el mapa de piramides
10103   7913             ; Silueta piramide, flecha arriba, derecha, abajo, izquierda
10104   7913             ;----------------------------------------------------
10105   7913 20 1F       gfxSprMapa:	dw 1F20h		; Direccion VRAM sprite	#E4
10106   7915             		db 88h,	6, 9, 10h, 20h,	40h, 0C0h, 30h,	0Fh, 0Ah, 0, 85h
10106   7915 880609102040C0300F0A0085
10107   7921             		db 80h,	40h, 20h, 30h, 0C0h, 9,	0, 84h,	10h, 38h, 7Ch
10107   7921 80402030C009008410387C
10108   792C             		db 0FEh, 3, 38h, 32h, 0, 87h, 10h, 18h,	0FCh, 0FEh, 0FCh
10108   792C FE03383200871018FCFEFC
10109   7937             		db 18h,	10h, 3,	38h, 84h, 0FEh,	7Ch, 38h, 10h, 32h, 0
10109   7937 1810033884FE7C38103200
10110   7942             		db 87h,	10h, 30h, 7Eh, 0FEh, 7Eh, 30h, 10h, 80h
10110   7942 8710307EFE7E301080
10111   794B             
10112   794B 67 38       		dw #3867
10113   794D 91          		db 91h		; Transfiere #11 patrones
10114   794E             		db 20h, 0,	30h, 39h, 32h, 21h, 2Dh, 29h, 24h, 1Bh, 33h,	0, 2Dh,	21h, 30h, 0, 20h	; Text: "- Pyramid's Map -"
10114   794E 2000303932212D29241B33002D21300020
10115   795F             
10116   795F             
10117   795F             		; Tabla de nombres del pergamino		
10118   795F 4F0085CFD0  		db 4Fh, 0, 85h, 0CFh, 0D0h
10119   7964             		db 1, 1, 0D2h, 4, 1, 88h, 0D0h,	0D3h, 1, 1, 1, 0D2h, 0D0h
10119   7964 0101D2040188D0D3010101D2D0
10120   7971             		db 0D5h, 0Fh, 0, 81h, 0D8h, 10h, 1, 81h, 0DCh, 0Eh, 0
10120   7971 D50F0081D8100181DC0E00
10121   797C             		db 92h,	0DBh, 1, 0C0h, 0C3h, 0C7h, 0C7h, 0C2h, 0C3h, 0C7h
10121   797C 92DB01C0C3C7C7C2C3C7
10122   7986             		db 0C7h, 0C2h, 0C3h, 0C7h, 0C8h, 1, 1, 1, 0DFh,	0Eh, 0
10122   7986 C7C2C3C7C8010101DF0E00
10123   7991             		db 81h,	0D9h, 0Ch, 1, 85h, 0C9h, 1, 1, 1, 0E0h,	0Eh, 0
10123   7991 81D90C0185C9010101E00E00
10124   799D             		db 92h,	0DAh, 1, 1, 0C4h, 0C7h,	0C2h, 0C3h, 0C7h, 0C7h
10124   799D 92DA0101C4C7C2C3C7C7
10125   79A7             		db 0C7h, 0C2h, 0C3h, 0C7h, 0C2h, 0C1h, 1, 1, 0E1h, 0Eh
10125   79A7 C7C2C3C7C2C10101E10E
10126   79B1             		db 0, 84h, 0D7h, 1, 1, 0C5h, 0Dh, 1, 81h, 0DDh,	0Eh, 0
10126   79B1 0084D70101C50D0181DD0E00
10127   79BD             		db 3, 1, 89h, 0C6h, 0C2h, 0C3h,	0C7h, 0C7h, 0C2h, 0C3h
10127   79BD 030189C6C2C3C7C7C2C3
10128   79C7             		db 0C7h, 0C8h, 5, 1, 81h, 0E2h,	0Eh, 0,	81h, 0D6h, 0Ah
10128   79C7 C7C8050181E20E0081D60A
10129   79D2             		db 1, 81h, 0C9h, 5, 1, 81h, 0E3h, 0Eh, 0, 8Dh, 0D8h, 1
10129   79D2 0181C9050181E30E008DD801
10130   79DE             		db 0C4h, 0C2h, 0C3h, 0C7h, 0C2h, 0C3h, 0C7h, 0C7h, 0C7h
10130   79DE C4C2C3C7C2C3C7C7C7
10131   79E7             		db 0C2h, 0C1h, 4, 1, 81h, 0E4h,	0Eh, 0,	83h, 0DBh, 1, 0C5h
10131   79E7 C2C1040181E40E0083DB01C5
10132   79F3             		db 0Eh,	1, 81h,	0DFh, 0Eh, 0, 92h, 0D9h, 1, 0C6h, 0C7h
10132   79F3 0E0181DF0E0092D901C6C7
10133   79FE             		db 0C7h, 0C7h, 0C2h, 0C3h, 0C7h, 0C2h, 0C3h, 0C7h, 0C7h
10133   79FE C7C7C2C3C7C2C3C7C7
10134   7A07             		db 0C2h, 0C1h, 1, 1, 0E0h, 0Eh,	0, 81h,	0DAh, 0Ch, 1, 85h
10134   7A07 C2C10101E00E0081DA0C0185
10135   7A13             		db 0C9h, 1, 1, 1, 0DEh,	0Eh, 0,	81h, 0D7h, 8, 1, 89h, 0C4h
10135   7A13 C9010101DE0E0081D7080189C4
10136   7A20             		db 0C7h, 0C7h, 0C7h, 0C2h, 0C1h, 1, 1, 0E5h, 0Eh, 0, 7
10136   7A20 C7C7C7C2C10101E50E0007
10137   7A2B             		db 1, 85h, 0CAh, 0CCh, 0CDh, 0CEh, 0CBh, 5, 1, 81h, 0E6h
10137   7A2B 0185CACCCDCECB050181E6
10138   7A36             		db 0Eh,	0, 84h,	0D6h, 0D1h, 0D4h, 0D1h,	4, 1, 8Ah, 0D4h
10138   7A36 0E0084D6D1D4D104018AD4
10139   7A41             		db 1, 1, 1, 0D1h, 0D1h,	1, 1, 0D1h, 0E7h, 0
10139   7A41 010101D1D10101D1E700
10140   7A4B             		
10141   7A4B             coloresFlecha:	db 1, 6, 6, 0Ah, 0Ah, 6, 6, 6	; Colores usados para resaltar la flecha y piramide en el mapa
10141   7A4B 0106060A0A060606
10142   7A53             
10143   7A53             
10144   7A53             ;----------------------------------------------------
10145   7A53             ;
10146   7A53             ; Coordenadas en pantalla de las piramides del mapa
10147   7A53             ; Y, X
10148   7A53             ;----------------------------------------------------
10149   7A53 3F 4A       coordPiramMap:	db 3Fh,	4Ah
10150   7A55 3F 6A       		db 3Fh,	6Ah
10151   7A57 3F 8A       		db 3Fh,	8Ah
10152   7A59 4F A2       		db 4Fh,	0A2h
10153   7A5B 4F 8A       		db 4Fh,	8Ah
10154   7A5D 4F 62       		db 4Fh,	62h
10155   7A5F 5F 5A       		db 5Fh,	5Ah
10156   7A61 5F 7A       		db 5Fh,	7Ah
10157   7A63 6F 92       		db 6Fh,	92h
10158   7A65 6F 6A       		db 6Fh,	6Ah
10159   7A67 6F 52       		db 6Fh,	52h
10160   7A69 7F 6A       		db 7Fh,	6Ah
10161   7A6B 7F 82       		db 7Fh,	82h
10162   7A6D 7F A2       		db 7Fh,	0A2h
10163   7A6F 8F A2       		db 8Fh,	0A2h
10164   7A71             
10165   7A71 F9 02       offsetFlechas:	db 0F9h, 2
10166   7A73 08 02       		db 8, 2
10167   7A75 F9 F1       		db 0F9h, 0F1h
10168   7A77 F9 04       		db 0F9h, 4
10169   7A79             
10170   7A79             ;----------------------------------------------------
10171   7A79             ; Numero de sprites de las flechas
10172   7A79             ;----------------------------------------------------
10173   7A79 E8          numSprFlechas:	db 0E8h
10174   7A7A F0          		db 0F0h			; Abajo
10175   7A7B F4          		db 0F4h			; Izquierda
10176   7A7C EC          		db 0ECh			; Derecha
10177   7A7D             
10178   7A7D             ;----------------------------------------------------
10179   7A7D             ; Numero de sprites de las flechas invertidas
10180   7A7D             ;----------------------------------------------------
10181   7A7D F0          numSprFlechInv:	db 0F0h
10182   7A7E E8          		db 0E8h			; Arriba
10183   7A7F EC          		db 0ECh			; Derecha
10184   7A80 F4          		db 0F4h			; Izquierda
10185   7A81             
10186   7A81             
10187   7A81             TXT_ENDING:
10188   7A81 C9 38       		dw #38c9		; Direccion VRAM
10189   7A83 8F          		db 8Fh
10190   7A84             		db 23h,	2Fh, 2Eh, 27h, 32h, 21h, 34h, 35h, 2Ch,	21h, 34h, 29h, 2Fh, 2Eh, 33h 	; "CONGRATULATIONS"
10190   7A84 232F2E27322134352C2134292F2E33
10191   7A93 2E 00       		db #2e, 0									; Rellena #2e patrones
10192   7A95 90          		db 90h			; Transfiere #10 patrones
10193   7A96             		db 33h, 30h, 25h, 23h, 29h, 21h, 2Ch, 0, 22h, 2Fh, 2Eh, 35h, 33h, 0, 0, 11h 	; "SPECIAL BONUS  1"
10193   7A96 3330252329212C00222F2E3533000011
10194   7AA6             		
10195   7AA6 04 10       		db    4, 10h									; "0000"
10196   7AA8 00          		db    0										; Fin
10197   7AA9             
10198   7AA9             ;----------------------------------------------------
10199   7AA9             ;
10200   7AA9             ; Set music
10201   7AA9             ; In:
10202   7AA9             ;   A =	Numero de musica o efecto
10203   7AA9             ;----------------------------------------------------
10204   7AA9             
10205   7AA9             setMusic:
10206   7AA9             	IF	(VERSION2)
10207   7AA9 F3          		di
10208   7AAA CD AF 7A    		call	SetMusic_
10209   7AAD FB          		ei
10210   7AAE C9          		ret
10211   7AAF             	ELSE
10212   7AAF~            		di
10213   7AAF~            		push	hl
10214   7AAF~            		push	de
10215   7AAF~            		push	bc
10216   7AAF~            		push	af
10217   7AAF~            		push	ix
10218   7AAF~            		call	SetMusic_
10219   7AAF~            		pop	ix
10220   7AAF~            		pop	af
10221   7AAF~            		pop	bc
10222   7AAF~            		pop	de
10223   7AAF~            		pop	hl
10224   7AAF~            		ei
10225   7AAF~            		ret
10226   7AAF             	ENDIF
10227   7AAF             	
10228   7AAF             SetMusic_:
10229   7AAF 4F          		ld	c, a
10230   7AB0 E6 3F       		and	3Fh
10231   7AB2 06 02       		ld	b, 2		; Canales a usar
10232   7AB4 21 12 E0    		ld	hl, musicCh1
10233   7AB7 FE 0B       		cp	0Bh		; Es una efecto	de sonido de los que suenan mientras suena la musica principal?
10234   7AB9 38 07       		jr	c, setSFX
10235   7ABB             
10236   7ABB FE 11       		cp	11h		; Es una musica	que suena en solitario y usa los 3 canales?
10237   7ABD 38 07       		jr	c, setMus
10238   7ABF             
10239   7ABF 04          		inc	b		; Usa los 3 canales
10240   7AC0 18 04       		jr	setMus
10241   7AC2             
10242   7AC2             setSFX:	
10243   7AC2 05          		dec	b		; Solo usa 1 canal
10244   7AC3 21 2E E0    		ld	hl, musicCh3	; El canal 3 es	el que reproduce los efectos de	sonido
10245   7AC6             
10246   7AC6             setMus:	
10247   7AC6 7E          		ld	a, (hl)		; Musica que esta sonando en este canal
10248   7AC7 E6 3F       		and	3Fh		; Descarta bits	de configuracion y se queda solo con el	numero de musica
10249   7AC9 5F          		ld	e, a		; E = Sonido actual
10250   7ACA 79          		ld	a, c
10251   7ACB E6 3F       		and	3Fh		; A = Sonido que se quiere reproducir
10252   7ACD BB          		cp	e		; Tiene	mas prioridad el que esta sonando o el nuevo?
10253   7ACE D8          		ret	c		; El que esta sonando tiene mas	prioridad
10254   7ACF             
10255   7ACF 87          		add	a, a
10256   7AD0 11 F3 7C    		ld	de, MusicIndex-2
10257   7AD3 CD 15 40    		call	ADD_A_DE	; Obtiene puntero a los	datos de la musica o efecto que	hay que	reproducir
10258   7AD6 2B          		dec	hl
10259   7AD7 2B          		dec	hl
10260   7AD8             
10261   7AD8             setChanData:
10262   7AD8 E5          		push	hl
10263   7AD9 DD E1       		pop	ix
10264   7ADB 36 01       		ld	(hl), 1		; Contador de la duracion de la	nota
10265   7ADD 23          		inc	hl
10266   7ADE 36 01       		ld	(hl), 1		; Duracion por defecto de la nota
10267   7AE0 23          		inc	hl
10268   7AE1 71          		ld	(hl), c		; Musica que esta reproduciendo	el canal
10269   7AE2             
10270   7AE2 23          		inc	hl
10271   7AE3 1A          		ld	a, (de)
10272   7AE4 77          		ld	(hl), a		; Byte bajo del	puntero	a los datos de la musica/efecto
10273   7AE5 23          		inc	hl
10274   7AE6 13          		inc	de
10275   7AE7 1A          		ld	a, (de)
10276   7AE8 77          		ld	(hl), a		; Byte alto del	puntero
10277   7AE9             
10278   7AE9 DD 36 09 00 		ld	(ix+9),	0
10279   7AED 3E 0A       		ld	a, 0Ah
10280   7AEF CD 10 40    		call	ADD_A_HL	; Apunta al siguiente canal
10281   7AF2 13          		inc	de
10282   7AF3 10 E3       		djnz	setChanData
10283   7AF5 C9          		ret
10284   7AF6             
10285   7AF6             ;----------------------------------------------------
10286   7AF6             ; Pattern loop
10287   7AF6             ; Comando = #FE	xx
10288   7AF6             ;  xx =	Numero de veces	a repetir el pattern musical
10289   7AF6             ;  FF =	Loop infinito
10290   7AF6             ;----------------------------------------------------
10291   7AF6             
10292   7AF6             patternLoop:
10293   7AF6 23          		inc	hl		; Parametro del	comando	loop
10294   7AF7 DD 7E 09    		ld	a, (ix+MUSIC_CNT_LOOP) ; Veces que se ha reproducido un	pattern
10295   7AFA 3C          		inc	a		; Incrementa el	numero de veces	que ha sonado el pattern
10296   7AFB BE          		cp	(hl)		; Ha sonado tantas veces como se indica?
10297   7AFC 28 13       		jr	z, omiteLoop
10298   7AFE             
10299   7AFE FA 02 7B    		jp	m, setMusPattern ; Es un loop infinito?
10300   7B01 3D          		dec	a		; No incrementa	el numero de veces que ha sonado
10301   7B02             
10302   7B02             setMusPattern:
10303   7B02 DD 77 09    		ld	(ix+MUSIC_CNT_LOOP), a ; Veces que se ha reproducido un	pattern
10304   7B05 23          		inc	hl
10305   7B06 7E          		ld	a, (hl)		; Direccion baja del pattern
10306   7B07 DD 77 03    		ld	(ix+MUSIC_ADD_LOW), a
10307   7B0A 23          		inc	hl
10308   7B0B 7E          		ld	a, (hl)		; Direccion alta del pattern
10309   7B0C DD 77 04    		ld	(ix+MUSIC_ADD_HIGH), a
10310   7B0F 18 09       		jr	contProcessSnd	; Interpretar el pattern
10311   7B11             
10312   7B11             omiteLoop:
10313   7B11 23          		inc	hl
10314   7B12 23          		inc	hl		; Descarta direccion del loop
10315   7B13 AF          		xor	a
10316   7B14 DD 77 09    		ld	(ix+MUSIC_CNT_LOOP), a ; Inicializa contador de	repeticiones del pattern
10317   7B17 CD E1 7C    		call	incMusicPoint
10318   7B1A             
10319   7B1A             contProcessSnd:
10320   7B1A DD 34 00    		inc	(ix+MUSIC_CNT_NOTA) ; Este comando no modifica la duracion de la nota
10321   7B1D C3 91 7B    		jp	processSndData
10322   7B20             
10323   7B20             ;----------------------------------------------------
10324   7B20             ; Alterna entre	el tono	o ruido	del canal 3
10325   7B20             ; In:
10326   7B20             ;   C =	Canal en proceso 1, 3, 5 (1-3)
10327   7B20             ;   D:
10328   7B20             ;    1 = Activa	tono canal 3 y desactiva ruido
10329   7B20             ;    0 = Desactiva tono	canal 3	y activa ruido
10330   7B20             ;----------------------------------------------------
10331   7B20             
10332   7B20             switchCh3OnOff:
10333   7B20 79          		ld	a, c
10334   7B21 FE 05       		cp	5		; Es el	canal 3?
10335   7B23 C0          		ret	nz		; No
10336   7B24             
10337   7B24 15          		dec	d
10338   7B25 28 04       		jr	z, toneOnCh123
10339   7B27             
10340   7B27 3E 9C       		ld	a, 10011100b
10341   7B29 18 02       		jr	SetPSGMixer	; Desactiva el tono del	canal 3	y activa el ruido
10342   7B2B             
10343   7B2B             toneOnCh123:
10344   7B2B 3E B8       		ld	a, 10111000b	; Activa los 3 canales de sonido y apaga los de	ruido
10345   7B2D             
10346   7B2D             SetPSGMixer:
10347   7B2D 32 3A E0    		ld	(mixerValuePSG), a
10348   7B30 5F          		ld	e, a
10349   7B31 3E 07       		ld	a, 7
10350   7B33 C3 93 00    		jp	WRTPSG
10351   7B36             
10352   7B36             
10353   7B36             ;----------------------------------------------------
10354   7B36             ; Actualiza el driver de sonido
10355   7B36             ;----------------------------------------------------
10356   7B36             
10357   7B36             updateSound:
10358   7B36 3A 3A E0    		ld	a, (mixerValuePSG)
10359   7B39 CD 2D 7B    		call	SetPSGMixer	; Fija el estado de los	canales	del PSG
10360   7B3C             
10361   7B3C 0E 01       		ld	c, 1
10362   7B3E DD 21 10 E0 		ld	ix, MusicChanData
10363   7B42 D9          		exx
10364   7B43 06 03       		ld	b, 3		; Numero de canales
10365   7B45 11 0E 00    		ld	de, 0Eh		; Channel data size
10366   7B48             
10367   7B48             updateSound2:
10368   7B48 D9          		exx
10369   7B49 DD 7E 02    		ld	a, (ix+MUSIC_ID) ; Musica que esta reproduciendo el canal
10370   7B4C             
10371   7B4C F5          		push	af
10372   7B4D 3D          		dec	a		; Es el	sonido de caer?
10373   7B4E CC 5E 7B    		call	z, updateSfxCaer
10374   7B51 F1          		pop	af
10375   7B52             
10376   7B52 B7          		or	a		; Esta sonando algo?
10377   7B53 C4 91 7B    		call	nz, processSndData ; si
10378   7B56             
10379   7B56 0C          		inc	c
10380   7B57 0C          		inc	c		; Siguiente canal
10381   7B58 D9          		exx
10382   7B59 DD 19       		add	ix, de		; Apunta a los datos del siguiente canal
10383   7B5B 10 EB       		djnz	updateSound2	; Reproduce siguiente canal
10384   7B5D C9          		ret
10385   7B5E             
10386   7B5E             updateSfxCaer:
10387   7B5E 79          		ld	a, c
10388   7B5F FE 05       		cp	5
10389   7B61 D8          		ret	c		; No es	el canal 3
10390   7B62             
10391   7B62 21 3E E0    		ld	hl, caidaSndDat	; Este byte y los dos anteriores controlan la frecuencia del sonido de caida
10392   7B65 11 90 7B    		ld	de, caidaSndData
10393   7B68 3A 3B E0    		ld	a, (flagSetCaeSnd) ; Si	es 0 hay que inicializar los datos del sonido de caida
10394   7B6B FE 01       		cp	1
10395   7B6D 38 10       		jr	c, initCaeSndDat ; Inicializa valores del sonido de caida
10396   7B6F             
10397   7B6F 3E 08       		ld	a, 8
10398   7B71 86          		add	a, (hl)		; Incrementa frecuencia	del sonido de caida
10399   7B72 77          		ld	(hl), a
10400   7B73 2B          		dec	hl
10401   7B74 30 01       		jr	nc, setFrqCaePoint ; Guarda el puntero a la frecuencia de caida
10402   7B76             
10403   7B76 34          		inc	(hl)		; Si hay acarreo, incrementa frecuencia	byte alto
10404   7B77             
10405   7B77             setFrqCaePoint:
10406   7B77 2B          		dec	hl
10407   7B78 DD 75 03    		ld	(ix+MUSIC_ADD_LOW), l
10408   7B7B DD 74 04    		ld	(ix+MUSIC_ADD_HIGH), h
10409   7B7E C9          		ret
10410   7B7F             
10411   7B7F             initCaeSndDat:
10412   7B7F C5          		push	bc
10413   7B80 EB          		ex	de, hl
10414   7B81 01 04 00    		ld	bc, 4
10415   7B84 ED B8       		lddr
10416   7B86             
10417   7B86 EB          		ex	de, hl
10418   7B87 C1          		pop	bc
10419   7B88 23          		inc	hl
10420   7B89 23          		inc	hl
10421   7B8A 23          		inc	hl
10422   7B8B 18 EA       		jr	setFrqCaePoint
10423   7B8D             
10424   7B8D             
10425   7B8D             
10426   7B8D 01          		db    1			; Quita	"flagSetCaeSnd"
10427   7B8E 21          		db 21h
10428   7B8F B0          		db 0B0h
10429   7B90 61          caidaSndData:	db 61h
10430   7B91             
10431   7B91             processSndData:
10432   7B91 CB 77       		bit	6, a
10433   7B93 16 01       		ld	d, 1
10434   7B95 CC 20 7B    		call	z, switchCh3OnOff
10435   7B98             
10436   7B98 DD 7E 02    		ld	a, (ix+MUSIC_ID)
10437   7B9B B7          		or	a
10438   7B9C FA 2C 7C    		jp	m, loc_7C2D
10439   7B9F             
10440   7B9F DD 35 00    		dec	(ix+MUSIC_CNT_NOTA) ; Decrementa contador duracion nota
10441   7BA2 C0          		ret	nz		; No hay que actualizar	la nota, sigue sonando la anterior
10442   7BA3             
10443   7BA3             nextNote:
10444   7BA3 DD 6E 03    		ld	l, (ix+MUSIC_ADD_LOW)
10445   7BA6 DD 66 04    		ld	h, (ix+MUSIC_ADD_HIGH) ; Puntero a los datos de	la musica
10446   7BA9 7E          		ld	a, (hl)		; Dato
10447   7BAA FE FE       		cp	0FEh		; Hay que hacer	un loop	de un pattern?
10448   7BAC CA F6 7A    		jp	z, patternLoop	; Si
10449   7BAF             
10450   7BAF 30 68       		jr	nc, endMusic	; #FF =	Fin de los datos
10451   7BB1             
10452   7BB1 DD CB 02 7E 		bit	7, (ix+MUSIC_ID)
10453   7BB5 C2 5A 7C    		jp	nz, setNote
10454   7BB8             
10455   7BB8             ; Duracion nota: #2x (x	= duracion)
10456   7BB8 E6 F0       		and	0F0h		; Se queda con el comando (nibble alto)
10457   7BBA FE 20       		cp	20h		; Comando: Cambiar duracion de la nota?
10458   7BBC 7E          		ld	a, (hl)		; Vuelve a leer	el dato
10459   7BBD 20 07       		jr	nz, loc_7BC7
10460   7BBF             
10461   7BBF E6 0F       		and	0Fh		; Se queda con la duracion (nibble bajo)
10462   7BC1 DD 77 01    		ld	(ix+MUSIC_DURAC_NOTA), a ; Cambia la duracion de la nota
10463   7BC4 23          		inc	hl
10464   7BC5 7E          		ld	a, (hl)		; Lee el siguiente dato
10465   7BC6             
10466   7BC6             loc_7BC7:
10467   7BC6 47          		ld	b, a
10468   7BC7 E6 F0       		and	0F0h
10469   7BC9 FE 10       		cp	10h
10470   7BCB 20 1C       		jr	nz, loc_7BEA
10471   7BCD             
10472   7BCD 7E          		ld	a, (hl)
10473   7BCE E6 1F       		and	1Fh
10474   7BD0 5F          		ld	e, a
10475   7BD1 23          		inc	hl
10476   7BD2 CB 66       		bit	4, (hl)
10477   7BD4 46          		ld	b, (hl)
10478   7BD5 20 04       		jr	nz, loc_7BDC
10479   7BD7             
10480   7BD7 7B          		ld	a, e
10481   7BD8 D6 10       		sub	10h
10482   7BDA 5F          		ld	e, a
10483   7BDB             
10484   7BDB             loc_7BDC:
10485   7BDB CB A0       		res	4, b
10486   7BDD 2B          		dec	hl
10487   7BDE 3E 06       		ld	a, 6		; Noise	generator
10488   7BE0 CD 93 00    		call	WRTPSG
10489   7BE3 16 00       		ld	d, 0
10490   7BE5 CD 20 7B    		call	switchCh3OnOff
10491   7BE8 23          		inc	hl
10492   7BE9             
10493   7BE9             loc_7BEA:
10494   7BE9 DD CB 02 76 		bit	6, (ix+MUSIC_ID)
10495   7BED 28 07       		jr	z, loc_7BF7
10496   7BEF             
10497   7BEF 7E          		ld	a, (hl)		; (!?) No se usa el valor
10498   7BF0 CD E1 7C    		call	incMusicPoint
10499   7BF3 78          		ld	a, b
10500   7BF4 18 13       		jr	setDuracion
10501   7BF6             
10502   7BF6             loc_7BF7:
10503   7BF6 E6 F0       		and	0F0h
10504   7BF8 47          		ld	b, a
10505   7BF9 AE          		xor	(hl)
10506   7BFA 57          		ld	d, a		; Frecuencia (high)
10507   7BFB 23          		inc	hl
10508   7BFC 5E          		ld	e, (hl)		; Frecuencia (low)
10509   7BFD CD E1 7C    		call	incMusicPoint
10510   7C00 EB          		ex	de, hl
10511   7C01 CD D6 7C    		call	setFreq
10512   7C04 78          		ld	a, b
10513   7C05 0F          		rrca
10514   7C06 0F          		rrca
10515   7C07 0F          		rrca
10516   7C08 0F          		rrca
10517   7C09             
10518   7C09             setDuracion:
10519   7C09 67          		ld	h, a
10520   7C0A DD 5E 01    		ld	e, (ix+MUSIC_DURAC_NOTA) ; Valor de la duracion	de la nota
10521   7C0D DD 73 00    		ld	(ix+MUSIC_CNT_NOTA), e ; Contador de la	duracion de la nota
10522   7C10 DD 7E 0C    		ld	a, (ix+0Ch)
10523   7C13 83          		add	a, e
10524   7C14 DD 77 08    		ld	(ix+8),	a
10525   7C17 18 39       		jr	setVolume
10526   7C19             
10527   7C19             endMusic:
10528   7C19 AF          		xor	a
10529   7C1A DD 77 09    		ld	(ix+MUSIC_CNT_LOOP), a ; Veces que se ha reproducido un	pattern
10530   7C1D DD 77 0B    		ld	(ix+0Bh), a
10531   7C20 16 01       		ld	d, 1
10532   7C22 CD 20 7B    		call	switchCh3OnOff
10533   7C25 AF          		xor	a
10534   7C26 DD 77 02    		ld	(ix+MUSIC_ID), a ; Ninguna musica sonando
10535   7C29 67          		ld	h, a		; Volumen 0
10536   7C2A 18 26       		jr	setVolume
10537   7C2C             
10538   7C2C             loc_7C2D:
10539   7C2C DD 35 00    		dec	(ix+MUSIC_CNT_NOTA) ; Decrementa duracion contador nota
10540   7C2F CA A3 7B    		jp	z, nextNote	; Fin nota
10541   7C32             
10542   7C32 DD 35 08    		dec	(ix+8)
10543   7C35 DD 7E 08    		ld	a, (ix+8)
10544   7C38 DD BE 00    		cp	(ix+MUSIC_CNT_NOTA)
10545   7C3B 20 09       		jr	nz, loc_7C47
10546   7C3D             
10547   7C3D 5F          		ld	e, a
10548   7C3E DD 7E 0D    		ld	a, (ix+0Dh)
10549   7C41 BB          		cp	e
10550   7C42 7B          		ld	a, e
10551   7C43 30 04       		jr	nc, decVolume
10552   7C45 C9          		ret
10553   7C46             
10554   7C46             loc_7C47:
10555   7C46 DD 35 08    		dec	(ix+8)
10556   7C49             
10557   7C49             decVolume:
10558   7C49 DD 7E 07    		ld	a, (ix+MUSIC_VOLUME)
10559   7C4C 3D          		dec	a
10560   7C4D F8          		ret	m		; El volumen era 0
10561   7C4E DD 77 07    		ld	(ix+MUSIC_VOLUME), a
10562   7C51 67          		ld	h, a
10563   7C52             
10564   7C52             ;----------------------------------------------------
10565   7C52             ; Fija el volumen de un	canal del PSG
10566   7C52             ; In:
10567   7C52             ;   C =	Canal 1-3 (1,3,5)
10568   7C52             ;   H =	Volumen
10569   7C52             ;----------------------------------------------------
10570   7C52             
10571   7C52             setVolume:
10572   7C52 79          		ld	a, c
10573   7C53 0F          		rrca
10574   7C54 C6 88       		add	a, 88h
10575   7C56 5C          		ld	e, h
10576   7C57 C3 93 00    		jp	WRTPSG
10577   7C5A             
10578   7C5A             setNote:
10579   7C5A 7E          		ld	a, (hl)
10580   7C5B E6 F0       		and	0F0h
10581   7C5D FE D0       		cp	0D0h		; Comando #D = Tempo
10582   7C5F 7E          		ld	a, (hl)
10583   7C60 20 07       		jr	nz, loc_7C6A
10584   7C62             
10585   7C62 E6 0F       		and	0Fh
10586   7C64 DD 77 0A    		ld	(ix+MUSIC_TEMPO), a
10587   7C67 23          		inc	hl
10588   7C68 7E          		ld	a, (hl)
10589   7C69             
10590   7C69             loc_7C6A:
10591   7C69 FE F0       		cp	0F0h
10592   7C6B 38 11       		jr	c, loc_7C7F
10593   7C6D             
10594   7C6D E6 0F       		and	0Fh
10595   7C6F DD 77 06    		ld	(ix+MUSIC_VOLUME_CH), a	; Volumen canal
10596   7C72 23          		inc	hl
10597   7C73 7E          		ld	a, (hl)
10598   7C74 DD 77 0C    		ld	(ix+0Ch), a
10599   7C77 23          		inc	hl
10600   7C78 7E          		ld	a, (hl)
10601   7C79 DD 77 0D    		ld	(ix+0Dh), a
10602   7C7C 23          		inc	hl
10603   7C7D 7E          		ld	a, (hl)
10604   7C7E             
10605   7C7E             loc_7C7F:
10606   7C7E FE E0       		cp	0E0h
10607   7C80 38 11       		jr	c, loc_7C94
10608   7C82             
10609   7C82 E6 0F       		and	0Fh
10610   7C84 CB 5F       		bit	3, a
10611   7C86 28 06       		jr	z, changOctave
10612   7C88             
10613   7C88 DD 77 0B    		ld	(ix+0Bh), a
10614   7C8B 23          		inc	hl
10615   7C8C 18 CC       		jr	setNote
10616   7C8E             
10617   7C8E             changOctave:
10618   7C8E DD 77 05    		ld	(ix+MUSIC_OCTAVA), a ; Octava?
10619   7C91 23          		inc	hl
10620   7C92 7E          		ld	a, (hl)		; Nota+duracion
10621   7C93             
10622   7C93             loc_7C94:
10623   7C93 E6 0F       		and	0Fh		; Nibble bajo =	duracion
10624   7C95 47          		ld	b, a
10625   7C96 DD 7E 0A    		ld	a, (ix+MUSIC_TEMPO)
10626   7C99 28 05       		jr	z, setDuracionNota
10627   7C9B             
10628   7C9B             incDuracionNota:
10629   7C9B DD 86 0A    		add	a, (ix+MUSIC_TEMPO)
10630   7C9E 10 FB       		djnz	incDuracionNota
10631   7CA0             
10632   7CA0             setDuracionNota:
10633   7CA0 DD 77 01    		ld	(ix+MUSIC_DURAC_NOTA), a
10634   7CA3             
10635   7CA3 7E          		ld	a, (hl)
10636   7CA4 CD E1 7C    		call	incMusicPoint
10637   7CA7 E6 F0       		and	0F0h
10638   7CA9 0F          		rrca
10639   7CAA 0F          		rrca
10640   7CAB 0F          		rrca
10641   7CAC 0F          		rrca
10642   7CAD 47          		ld	b, a
10643   7CAE D6 0C       		sub	0Ch
10644   7CB0 28 03       		jr	z, defaultVolume
10645   7CB2             
10646   7CB2 DD 7E 06    		ld	a, (ix+MUSIC_VOLUME_CH)	; Volumen canal
10647   7CB5             
10648   7CB5             defaultVolume:
10649   7CB5 DD 77 07    		ld	(ix+MUSIC_VOLUME), a
10650   7CB8 CD 09 7C    		call	setDuracion
10651   7CBB             
10652   7CBB 78          		ld	a, b
10653   7CBC 21 E9 7C    		ld	hl, freqNotas
10654   7CBF CD 10 40    		call	ADD_A_HL
10655   7CC2             
10656   7CC2 6E          		ld	l, (hl)		; Frecuencia
10657   7CC3 26 00       		ld	h, 0
10658   7CC5             
10659   7CC5 DD 7E 05    		ld	a, (ix+MUSIC_OCTAVA) ; Octava?
10660   7CC8 B7          		or	a
10661   7CC9 28 04       		jr	z, setOctave
10662   7CCB             
10663   7CCB 47          		ld	b, a
10664   7CCC             
10665   7CCC             addOctave:
10666   7CCC 29          		add	hl, hl
10667   7CCD 10 FD       		djnz	addOctave
10668   7CCF             
10669   7CCF             setOctave:
10670   7CCF DD 7E 0B    		ld	a, (ix+0Bh)
10671   7CD2 B7          		or	a
10672   7CD3 28 01       		jr	z, setFreq
10673   7CD5 23          		inc	hl		; Chorus?
10674   7CD6             
10675   7CD6             ; C = Canal 1,3,5 (1-3)
10676   7CD6             ; HL = Frecuencia
10677   7CD6             
10678   7CD6             setFreq:
10679   7CD6 79          		ld	a, c		; Registro PSG de la frecuencia	del canal (high)
10680   7CD7 5C          		ld	e, h
10681   7CD8 CD 93 00    		call	WRTPSG
10682   7CDB 79          		ld	a, c
10683   7CDC 3D          		dec	a		; Registro frecuencia (low)
10684   7CDD 5D          		ld	e, l
10685   7CDE C3 93 00    		jp	WRTPSG
10686   7CE1             
10687   7CE1             incMusicPoint:
10688   7CE1 23          		inc	hl
10689   7CE2 DD 75 03    		ld	(ix+MUSIC_ADD_LOW), l
10690   7CE5 DD 74 04    		ld	(ix+MUSIC_ADD_HIGH), h
10691   7CE8 C9          		ret
10692   7CE9             
10693   7CE9             ;----------------------------------------------------
10694   7CE9             ; Frecuencias de las notas (segunda octava)
10695   7CE9             ;----------------------------------------------------
10696   7CE9 6A          freqNotas:	db 6Ah
10697   7CEA 64          		db 64h
10698   7CEB 5F          		db 5Fh
10699   7CEC 59          		db 59h
10700   7CED 54          		db 54h
10701   7CEE 50          		db 50h
10702   7CEF 4B          		db 4Bh
10703   7CF0 47          		db 47h
10704   7CF1 43          		db 43h
10705   7CF2 3F          		db 3Fh
10706   7CF3 3C          		db 3Ch
10707   7CF4 38          		db 38h
10708   7CF5             
10709   7CF5             MusicIndex:
10710   7CF5 39 7D       		dw SFX_Dummy		; 1 - Caer
10711   7CF7 39 7D       		dw SFX_Dummy		; 2 - Choca suelo
10712   7CF9 B2 7D       		dw SFX_PuertaGir	; 3 - Puerta giratoria
10713   7CFB 8B 7D       		dw SFX_Coger		; 4 - Coge objeto:cuchillo o pico
10714   7CFD 97 7D       		dw SFX_Picar		; 5 - Sonido del pico
10715   7CFF 9E 7D       		dw SFX_Lanzar		; 6 - Larzar cuchillo
10716   7D01 3A 7D       		dw SFX_Momia		; 7 - Aparece una momia
10717   7D03 61 7D       		dw SFX_Hit		; 8 - Explota momia al golpearla con cuchillo
10718   7D05 77 7D       		dw SFX_Gema		; 9 - Coger gema
10719   7D07 54 7F       		dw SFX_VidaExtra	; 10 - Vida extra
10720   7D09             
10721   7D09 04 7E       		dw MUS_Ingame		; 11 - Musica ingame
10722   7D0B 5B 7E       		dw MUS_Ingame2
10723   7D0D             
10724   7D0D 61 7F       		dw MUS_CloseDoor	; 13 - Puerta cerrandose
10725   7D0F 7D 7F       		dw MUS_CloseDoor2
10726   7D11             
10727   7D11 DE 7F       		dw MUS_SalirPiram	; 15 - Campanilla al salir de la piramide
10728   7D13 EA 7F       		dw MUS_SalirPiram2
10729   7D15             
10730   7D15 99 7F       		dw MUS_Mapa		; 17 - Fanfarria del pergamino
10731   7D17 AF 7F       		dw MUS_Mapa2
10732   7D19 C7 7F       		dw MUS_Mapa3
10733   7D1B             
10734   7D1B 99 7E       		dw MUS_StageClr		; 20 - Stage clear. Ha cogido todas las	gemas
10735   7D1D 9A 7E       		dw MUS_StageClr2
10736   7D1F B3 7E       		dw MUS_StageClr3
10737   7D21             
10738   7D21 07 7F       		dw MUS_Start		; 23 - Start game
10739   7D23 08 7F       		dw MUS_Start2
10740   7D25 2D 7F       		dw MUS_Start3		; 25
10741   7D27             
10742   7D27 CD 7E       		dw MUS_GameOver		; 26 - Game Over
10743   7D29 CE 7E       		dw MUS_GameOver2
10744   7D2B E5 7E       		dw MUS_GameOver3
10745   7D2D             
10746   7D2D CE 7D       		dw MUS_Muerte		; 29 - Prota muere
10747   7D2F E0 7D       		dw MUS_Muerte2		; 30
10748   7D31 F2 7D       		dw MUS_Muerte3
10749   7D33             
10750   7D33 39 7D       		dw SFX_Dummy		; 32 - Silencio
10751   7D35 39 7D       		dw SFX_Dummy
10752   7D37 39 7D       		dw SFX_Dummy
10753   7D39             
10754   7D39 FF          SFX_Dummy:	db 0FFh
10755   7D3A             
10756   7D3A             SFX_Momia:      db 0D1h, 0FCh, 3, 3, 0E2h, 0, 0C0h, 10h, 0C0h, 20h, 0C0h
10756   7D3A D1FC0303E200C010C020C0
10757   7D45             		db 20h, 0C0h, 40h, 80h, 40h, 80h, 0CEh, 0FDh, 0, 0C0h
10757   7D45 20C040804080CEFD00C0
10758   7D4F             		db 10h, 0C0h, 20h, 0C0h, 20h, 0C0h, 40h, 80h, 40h, 80h
10758   7D4F 10C020C020C040804080
10759   7D59 CE D2 C6    		db 0CEh, 0D2h, 0C6h
10760   7D5C             
10761   7D5C FE 02       		db 0FEh, 2
10762   7D5E 3A 7D       		dw SFX_Momia
10763   7D60 FF          		db 0FFh
10764   7D61             
10765   7D61             SFX_Hit:	db 21h,	0E0h, 0A0h, 0E0h, 0C0h,	0E0h, 0E0h, 0D0h, 60h
10765   7D61 21E0A0E0C0E0E0D060
10766   7D6A             		db 0D0h, 80h, 0D0h, 0A0h, 0D0h,	20h, 0C0h, 40h,	0C0h, 60h
10766   7D6A D080D0A0D020C040C060
10767   7D74 C0 80 FF    		db 0C0h, 80h, 0FFh
10768   7D77             
10769   7D77             SFX_Gema:	db 22h,	0D0h, 54h, 0, 0, 0D0h, 50h, 0, 0, 0D0h,	47h, 0D0h
10769   7D77 22D0540000D0500000D047D0
10770   7D83             		db 42h,	0, 0, 0D0h, 38h, 0D0h, 33h, 0FFh
10770   7D83 420000D038D033FF
10771   7D8B             
10772   7D8B             SFX_Coger:	db 22h,	0C1h, 52h, 0E0h, 74h, 0C0h, 91h, 0F0h, 74h, 0D0h
10772   7D8B 22C152E074C091F074D0
10773   7D95 75 FF       		db 75h,	0FFh
10774   7D97             
10775   7D97             SFX_Picar:	db 22h,	1Ch, 1Fh, 8, 16h, 0Ch, 0FFh
10775   7D97 221C1F08160CFF
10776   7D9E             
10777   7D9E             SFX_Lanzar:	db 21h,	0E0h, 78h, 0C0h, 70h, 0C0h, 68h, 0E0h, 63h, 0D0h
10777   7D9E 21E078C070C068E063D0
10778   7DA8             		db 5Ah,	0D0h, 53h, 0B0h, 53h, 90h, 53h,	50h, 53h, 0FFh
10778   7DA8 5AD053B05390535053FF
10779   7DB2             
10780   7DB2             SFX_PuertaGir:	db 26h,	0F6h, 94h, 0F6h, 8Fh, 0F6h, 8Fh, 0F6h, 8Ah, 0E6h
10780   7DB2 26F694F68FF68FF68AE6
10781   7DBC             		db 85h,	0E6h, 80h, 0D6h, 7Ah, 0D6h, 75h, 0C6h, 70h, 0C6h
10781   7DBC 85E680D67AD675C670C6
10782   7DC6             		db 6Ah,	0B6h, 85h, 0A6h, 70h, 96h, 6Ah,	0FFh
10782   7DC6 6AB685A670966AFF
10783   7DCE             
10784   7DCE             MUS_Muerte:	db 26h,	0E1h, 80h, 0E2h, 80h, 0D2h, 0, 0D3h, 0,	0C2h, 80h
10784   7DCE 26E180E280D200D300C280
10785   7DD9             		db 0C3h, 80h, 0B3h, 0, 0B4h, 0,	0FFh
10785   7DD9 C380B300B400FF
10786   7DE0             
10787   7DE0             MUS_Muerte2:	db 26h,	0E0h, 80h, 0E1h, 80h, 0D1h, 0, 0D2h, 0,	0C1h, 80h
10787   7DE0 26E080E180D100D200C180
10788   7DEB             		db 0C2h, 80h, 0B2h, 0, 0B3h, 0,	0FFh
10788   7DEB C280B200B300FF
10789   7DF2             
10790   7DF2             MUS_Muerte3:	db 26h,	0E1h, 0, 0E1h, 0, 0D1h,	80h, 0D2h, 80h,	0C2h, 0	; ...
10790   7DF2 26E100E100D180D280C200
10791   7DFD             		db 0C3h, 0, 0B2h, 80h, 0B3h, 80h, 0FFh
10791   7DFD C300B280B380FF
10792   7E04             
10793   7E04             MUS_Ingame:	db 0D8h, 0FCh, 3, 3, 0E2h, 42h,	50h, 42h, 50h, 80h, 0C0h
10793   7E04 D8FC0303E24250425080C0
10794   7E0F             		db 90h,	0C0h, 0B0h, 90h, 80h, 50h, 42h,	50h, 41h, 21h
10794   7E0F 90C0B090805042504121
10795   7E19             		db 11h,	21h, 43h, 82h, 90h, 82h, 90h, 0B0h, 0C0h, 0E1h
10795   7E19 11214382908290B0C0E1
10796   7E23             		db 0, 0C0h, 30h, 0, 0E2h, 0B0h,	90h, 80h, 90h, 0B0h, 90h
10796   7E23 00C03000E2B0908090B090
10797   7E2E             		db 80h,	0C0h, 50h, 0C0h, 42h, 50h, 41h,	0B0h, 90h, 0B0h
10797   7E2E 80C050C0425041B090B0
10798   7E38             		db 0E1h, 0, 30h, 40h, 30h, 0C0h, 0, 0C0h, 0E2h,	0B2h, 0E1h
10798   7E38 E100304030C000C0E2B2E1
10799   7E43             		db 0, 0E2h, 0B1h, 0B0h,	90h, 0B0h, 0E1h, 0, 30h, 40h, 60h
10799   7E43 00E2B1B090B0E100304060
10800   7E4E             		db 40h,	30h, 0,	0E2h, 0B2h, 0E1h, 0, 0E2h, 0B3h, 0FEh
10800   7E4E 403000E2B2E100E2B3FE
10801   7E58 FF          		db 0FFh
10802   7E59 04 7E       		dw MUS_Ingame
10803   7E5B             
10804   7E5B D8FC0303E3  MUS_Ingame2:	db 0D8h, 0FCh, 3, 3, 0E3h
10805   7E60             
10806   7E60             byte_7E61:	db 41h,	80h, 80h, 40h, 0C0h, 81h, 0FEh,	4
10806   7E60 41808040C081FE04
10807   7E68 60 7E       		dw byte_7E61
10808   7E6A             
10809   7E6A             byte_7E6B:	db 51h,	90h, 90h, 50h, 0C0h, 91h, 0FEh,	2
10809   7E6A 51909050C091FE02
10810   7E72 6A 7E       		dw byte_7E6B
10811   7E74             
10812   7E74             byte_7E75:	db 41h,	80h, 80h, 40h, 0C0h, 81h, 0FEh,	2
10812   7E74 41808040C081FE02
10813   7E7C 74 7E       		dw byte_7E75
10814   7E7E             
10815   7E7E             byte_7E7F:	db 31h,	90h, 90h, 0E4h,	0B0h, 0C0h, 0E3h, 91h, 0FEh, 3
10815   7E7E 319090E4B0C0E391FE03
10816   7E88 7E 7E       		dw byte_7E7F
10817   7E8A             		db 31h,	90h, 90h, 0E4h,	0B0h, 0E3h, 30h, 60h, 0B0h, 0FEh
10817   7E8A 319090E4B0E33060B0FE
10818   7E94 FF          		db 0FFh
10819   7E95 5B 7E       		dw MUS_Ingame2
10820   7E97 FE          		db 0FEh
10821   7E98 FF          		db 0FFh
10822   7E99             
10823   7E99 E8          MUS_StageClr:	db 0E8h
10824   7E9A             MUS_StageClr2:	db 0D6h, 0FCh, 1, 1, 0E1h, 1, 11h, 41h,	51h, 41h, 11h
10824   7E9A D6FC0101E1011141514111
10825   7EA5             		db 1, 0E2h, 0A1h, 0E1h,	0, 10h,	0, 10h,	0, 10h,	0, 10h
10825   7EA5 01E2A1E10010001000100010
10826   7EB1 03 FF       		db 3, 0FFh
10827   7EB3             
10828   7EB3             MUS_StageClr3:	db 0D6h, 0FBh, 1, 1, 0E3h, 0B1h, 0E2h, 11h, 41h, 51h, 41h
10828   7EB3 D6FB0101E3B1E211415141
10829   7EBE             		db 11h,	1, 0E3h, 0A1h, 0E2h, 0,	10h, 0,	10h, 0,	10h, 0
10829   7EBE 1101E3A1E200100010001000
10830   7ECA 10 03 FF    		db 10h,	3, 0FFh
10831   7ECD             
10832   7ECD E8          MUS_GameOver:	db 0E8h
10833   7ECE             MUS_GameOver2:	db 0DAh, 0FCh, 2, 2, 0E1h, 73h,	0B3h, 0A3h, 83h, 80h, 70h
10833   7ECE DAFC0202E173B3A3838070
10834   7ED9             		db 40h,	30h, 40h, 0C0h,	70h, 0C0h, 0D5h, 80h, 0A0h, 0DAh
10834   7ED9 403040C070C0D580A0DA
10835   7EE3 83 FF       		db 83h,	0FFh
10836   7EE5             
10837   7EE5             MUS_GameOver3:	db 0DAh, 0FDh, 2, 2, 0E2h, 70h,	80h, 0A0h, 0B0h, 0E1h
10837   7EE5 DAFD0202E27080A0B0E1
10838   7EEF             		db 20h,	0C0h, 0E2h, 0B0h, 0C0h,	0A0h, 0C0h, 80h, 0C0h
10838   7EEF 20C0E2B0C0A0C080C0
10839   7EF8             		db 0D5h, 0A0h, 0B0h, 0DAh, 0A2h, 80h, 70h, 40h,	30h, 40h
10839   7EF8 D5A0B0DAA28070403040
10840   7F02 C070C084FF  		db 0C0h, 70h, 0C0h, 84h, 0FFh
10841   7F07             
10842   7F07 E8          MUS_Start:	db 0E8h
10843   7F08             MUS_Start2:	db 0D4h, 0FCh, 1, 1, 0E0h, 21h,	0C1h, 0E1h, 91h, 0C1h
10843   7F08 D4FC0101E021C1E191C1
10844   7F12             		db 0E0h, 1, 0E1h, 0A1h,	91h, 0C1h, 71h,	0A1h, 0E0h, 11h
10844   7F12 E001E1A191C171A1E011
10845   7F1C             		db 0E1h, 0A1h, 97h, 31h, 21h, 31h, 61h,	91h, 71h, 91h
10845   7F1C E1A19731213161917191
10846   7F26             		db 0A1h, 91h, 71h, 61h,	31h, 27h, 0FFh
10846   7F26 A19171613127FF
10847   7F2D             
10848   7F2D             MUS_Start3:	db 0D3h, 0FBh, 1, 1, 0E1h, 0C0h, 0D4h, 21h, 0C1h, 0E2h
10848   7F2D D3FB0101E1C0D421C1E2
10849   7F37             		db 91h,	0C1h, 0E1h, 1, 0E2h, 0A1h, 91h,	0C1h, 71h, 0A1h
10849   7F37 91C1E101E2A191C171A1
10850   7F41             		db 0E1h, 11h, 0E2h, 0A1h, 97h, 31h, 21h, 31h, 61h, 91h
10850   7F41 E111E2A1973121316191
10851   7F4B             		db 71h,	91h, 0A1h, 91h,	71h, 61h, 31h, 27h, 0FFh
10851   7F4B 7191A19171613127FF
10852   7F54             
10853   7F54             SFX_VidaExtra:	db 0D4h, 0FDh, 3, 3, 0E2h, 70h,	60h, 70h, 0E1h,	70h, 60h
10853   7F54 D4FD0303E2706070E17060
10854   7F5F 71 FF       		db 71h,	0FFh
10855   7F61             
10856   7F61             MUS_CloseDoor:	db 0D1h, 0FCh, 1, 1, 0E3h, 1, 1, 51h, 51h, 21h,	21h, 71h
10856   7F61 D1FC0101E301015151212171
10857   7F6D             		db 71h,	0CEh, 51h, 51h,	91h, 91h, 71h, 71h, 0B1h, 0B1h
10857   7F6D 71CE515191917171B1B1
10858   7F77             		db 91h,	91h, 0E3h, 1, 1, 0FFh
10858   7F77 9191E30101FF
10859   7F7D             
10860   7F7D             MUS_CloseDoor2:	db 0D1h, 0FCh, 1, 1, 0E2h, 1, 1, 51h, 51h, 21h,	21h, 71h
10860   7F7D D1FC0101E201015151212171
10861   7F89             		db 71h,	0CFh, 51h, 51h,	91h, 91h, 71h, 71h, 0B1h, 0B1h
10861   7F89 71CF515191917171B1B1
10862   7F93             		db 91h,	91h, 0E1h, 1, 1, 0FFh
10862   7F93 9191E10101FF
10863   7F99             
10864   7F99             MUS_Mapa:	db 0D6h, 0FCh, 3, 3, 0E2h, 0B2h, 0B0h, 0D7h, 0B0h, 70h
10864   7F99 D6FC0303E2B2B0D7B070
10865   7FA3             		db 0D8h, 90h, 0D6h, 0B1h, 0E1h,	20h, 20h, 41h, 0, 40h
10865   7FA3 D890D6B1E12020410040
10866   7FAD 7B FF       		db 7Bh,	0FFh
10867   7FAF             
10868   7FAF D6          MUS_Mapa2:	db 0D6h
10869   7FB0             		db 0FCh, 3, 3, 0E2h, 72h, 70h, 0D7h, 70h, 20h, 0D8h, 50h
10869   7FB0 FC0303E27270D77020D850
10870   7FBB             		db 0D6h, 71h, 0B0h, 0B0h, 0E1h,	1, 0E2h, 90h, 0E2h, 0
10870   7FBB D671B0B0E101E290E200
10871   7FC5 2B FF       		db 2Bh,	0FFh
10872   7FC7             
10873   7FC7             MUS_Mapa3:	db 0D6h, 0FCh, 3, 3, 0E2h, 22h,	20h, 0D7h, 20h,	0E3h, 0B0h
10873   7FC7 D6FC0303E22220D720E3B0
10874   7FD2             		db 0D8h, 0E2h, 20h, 0D6h, 21h, 70h, 70h, 91h, 50h, 90h
10874   7FD2 D8E220D6217070915090
10875   7FDC BB FF       		db 0BBh, 0FFh
10876   7FDE             
10877   7FDE             MUS_SalirPiram:	db 0D4h, 0FCh, 3, 3, 0E1h, 70h,	0E0h, 40h, 70h,	40h, 70h
10877   7FDE D4FC0303E170E040704070
10878   7FE9 FF          		db 0FFh
10879   7FEA             
10880   7FEA             MUS_SalirPiram2:db 0D4h, 0FCh, 3, 3, 0E1h, 40h,	0E0h, 0, 40h, 0, 40h, 0FFh
10880   7FEA D4FC0303E140E000400040FF
10881   7FF6             
10882   7FF6             	IF	(VERSION2)
10883   7FF6 FF          		db #ff
10884   7FF7             	ENDIF
10885   7FF7             	
10886   7FF7             ;------------------------------------------------------------------------------	
10887   7FF7             ;
10888   7FF7             ; Identificador del juego de Konami: OUKE NO TANI
10889   7FF7             ;
10890   7FF7             ;    -00: #AA (Token)
10891   7FF7             ;    -01: Número RC7xx en formato BCD
10892   7FF7             ;    -02: Número de bytes usados para el nombre
10893   7FF7             ;    -03: Nombre en katakana (escrito al revés)
10894   7FF7             ;
10895   7FF7             ;------------------------------------------------------------------------------
10896   7FF7             		db 95h,	8Fh, 98h, 88h, 82h, 84h, 6, 27h, 0AAh
10896   7FF7 958F988882840627AA
10897   8000             
10898   8000             
10899   8000             
10900   8000             
10901   8000             ; ===========================================================================
10902   8000             
10903   8000             		MAP     #e000
10904   8000             		
10905   8000             GameStatus:	# 1
10906   8000             					; 0 = Konami Logo
10907   8000             					; 1 = Menu wait
10908   8000             					; 2 = Set demo
10909   8000             					; 3 = Musica de	inicio,	parpadea START PLAY, pone modo juego
10910   8000             					; 4 = Empezando	partida
10911   8000             					; 5 = Jugando /	Mapa
10912   8000             					; 6 = Perdiendo	una vida / Game	Over
10913   8000             					; 7 = Game Over
10914   8000             					; 8 = Stage Clear
10915   8000             					; 9 = Scroll pantalla
10916   8000             					; 10 = Muestra el final	del juego
10917   8000             subStatus:	# 1
10918   8000             controlPlayer:	# 1			; bit 6	= Prota	controlado por el jugador
10919   8000             timer:		# 1
10920   8000             waitCounter:	# 1
10921   8000             tickInProgress:	# 1			; Si el	bit0 esta a 1 no se ejecuta la logica del juego
10922   8000             
10923   8000             dummy_1		# 2
10924   8000             
10925   8000             KeyTrigger:	# 1
10926   8000             KeyHold:	# 1			; 1 = Arriba, 2	= Abajo, 4 = Izquierda,	8 = Derecha, #10 = Boton A, #20	=Boton B
10927   8000             gameLogoCnt:	# 1
10928   8000             
10929   8000             dummy_2		# 2
10930   8000             
10931   8000             flagEndPergamino:# 1
10932   8000             					; 1 = Ha terminado de mostar el	pergamino/mapa
10933   8000             CoordKonamiLogo:# 2			; Direccion BG Map (name table)	del logo
10934   8000             
10935   8000             
10936   8000             MusicChanData:	# 2
10937   8000             musicCh1:	# 12
10938   8000             
10939   8000             MusicChanData2:	# 2
10940   8000             musicCh2:	# 12
10941   8000             
10942   8000             MusicChanData3:	# 2
10943   8000             musicCh3:	# 12
10944   8000             
10945   8000             mixerValuePSG:	# 1
10946   8000             flagSetCaeSnd:	# 1			; Si es	0 hay que inicializar los datos	del sonido de caida
10947   8000             dummy_3		# 2
10948   8000             
10949   8000             caidaSndDat:	# 1			; Este byte y los dos anteriores controlan la frecuencia del sonido de caida
10950   8000             dummy:		# 1
10951   8000             
10952   8000             KeyTrigger2:	# 1
10953   8000             KeyHold2:	# 1
10954   8000             
10955   8000             dummy0:		# 1
10956   8000             
10957   8000             record_0000xx:	# 2
10958   8000             record_xx0000:	# 1
10959   8000             
10960   8000             dummy_4		# 3
10961   8000             
10962   8000             score_0000xx:	# 2
10963   8000             score_xx0000:	# 1
10964   8000             
10965   8000             dummy_5		# 4
10966   8000             
10967   8000             Vidas:		# 1
10968   8000             flagPiramideMap:# 1
10969   8000             					; 0 = Mostrando	mapa, 1	= Dentro de la piramide
10970   8000             extraLifeCounter:# 1
10971   8000             flagVivo:	# 1
10972   8000             					; 0 = Muerto, 1	= Vivo
10973   8000             piramideActual:	# 1
10974   8000             piramideDest:	# 1
10975   8000             puertaEntrada:	# 1
10976   8000             					; Indica la puerta/direccion por la que	se esta	entrando a la piramide
10977   8000             puertaSalida:	# 1
10978   8000             					; 1 = Arriba, 2	= Abajo, 4 = Izquierda,	8 = Derecha
10979   8000             numFinishGame:	# 1
10980   8000             					; Numero de veces que se ha terminado el juego
10981   8000             dummy_6		# 2
10982   8000             
10983   8000             UNKNOWN:	# 1			; (!?) Se usa?
10984   8000             dummy_7		# 2
10985   8000             
10986   8000             flagMuerte:	# 1			; No se	usa (!?)
10987   8000             quienEscalera:	# 1			; (!?) Se usa esto? Quien esta en una escalera 0 = Prota. 1 = Momia
10988   8000             
10989   8000             dummy_8:	# 1
10990   8000             
10991   8000             offsetPlanoSpr:	# 1			; Contador que modifica	el plano en el que son pintados	los sprites, asi se consigue que parpaden en vez de desaparecer
10992   8000             PiramidesPasadas:# 2			; Cada bit indica si la	piramide correspondiente ya esta pasada/terminada
10993   8000             keyTriggerMap:	# 1
10994   8000             keyHoldMap:	# 1
10995   8000             mapPaused:	# 1			; 1 = Pausing
10996   8000             
10997   8000             dummy_9:	# 25
10998   8000             
10999   8000             keyPressDemo:	# 2			; Puntero a los	controles grabados
11000   8000             KeyHoldCntDemo:	# 1
11001   8000             escaleraData:	# 45
11002   8000             
11003   8000             ;----------------------------------------------------
11004   8000             ; Tabla	de atributos de	los sprites en RAM
11005   8000             ; Sprites:
11006   8000             ; 0-3 =	Parte izquierda	de la puerta de	la piramide (usada para	tapar al prota y dar sensacion de que pasa por detras)
11007   8000             ; 3 = Tambien usado como halo de la piramide en	el mapa
11008   8000             ; 4-5 =	Prota
11009   8000             ; 6-9 =	Momias
11010   8000             ; 15 = Cuchillo	o flecha mapa
11011   8000             ;----------------------------------------------------
11012   8000             sprAttrib:	# 1			; Tabla	de atributos de	los sprites en RAM (Y, X, Spr, Col)
11013   8000             puertaXspr:	# 15
11014   8000             protaAttrib:	# 3
11015   8000             protaColorRopa:	# 4
11016   8000             ProtaColorPiel:	# 1
11017   8000             enemyAttrib:	# 16
11018   8000             unk_E0D8:	# 20
11019   8000             
11020   8000             ; Atributos del	cuchillo al rebotar
11021   8000             knifeAttrib:	# 16
11022   8000             attrPiramidMap:	# 3			; Atributos del	sprite usado para resaltar una piramide	en el mapa (silueta)
11023   8000             
11024   8000             colorPiramidMap:# 1			; Color	del outline de la piramide en el mapa
11025   8000             attrFlechaMap:	# 3			; Atributos de la flecha del mapa
11026   8000             
11027   8000             colorFlechaMap:	# 1			; Color	de la flecha que indica	a que piramide vamos en	el mapa
11028   8000             
11029   8000             dummy_10:	# 2Ch
11030   8000             
11031   8000             statusEntrada:	# 1			; Timer	usado en el mapa/pergamino de piramides
11032   8000             					; como status del prota	en las escaleras de entrada/salida
11033   8000             lanzamFallido:	# 1			; 1 = El cuchillo se ha	lanzado	contra un muro y directamente sale rebotando
11034   8000             flagEntraSale:	# 1			; 1 = Entrando o saliendo de la	piramide. Ejecuta una logica especial para este	caso
11035   8000             flagStageClear:	# 1
11036   8000             protaStatus:	# 1			; 0 = Normal
11037   8000             					; 1 = Salto
11038   8000             					; 2 = Cayendo
11039   8000             					; 3 = Escaleras
11040   8000             					; 4 = Lanzando un cuhillo
11041   8000             					; 5 = Picando
11042   8000             					; 6 = Pasando por un apuerta giratoria
11043   8000             					
11044   8000             protaControl:	# 1			; 1 = Arriba, 2	= Abajo, 4 = Izquierda,	8 = Derecha, #10 = Boton A, #20	=Boton B
11045   8000             sentidoProta:	# 1			; 1 = Izquierda, 2 = Derecha
11046   8000             ProtaY:		# 1
11047   8000             ProtaXdecimal:	# 1			; 'Decimales' usados en el calculo de la X. Asi se consiguen velocidades menores a 1 pixel
11048   8000             ProtaX:		# 1
11049   8000             ProtaRoom:	# 1			; Parte	alta de	la coordenada X. Indica	la habitacion de la piramide
11050   8000             protaSpeed:	# 2			; El byte bajo indica la parte "decimal" y el alto la entera
11051   8000             speedRoom:	# 1			; Usando para sumar/restar a la	habitacion cuando se pasa de una a otra
11052   8000             protaMovCnt:	# 1			; Contador usado cada vez que se mueve el prota. (!?) No se usa	su valor
11053   8000             protaFrame:	# 1
11054   8000             
11055   8000             ; Los siguientes dos bytes se usan para	guardar	un puntero a una tabla con los valores del salto +#0C y	+#0D
11056   8000             timerPergam2:	# 1			; Se usa para hacer una	pausa tras terminar de sonar la	musica del pergamino al	llegar al GOAL
11057   8000             dummy_11:	# 1
11058   8000             
11059   8000             flagSalto:	# 1			; 0 = Saltando,	1 = En el suelo
11060   8000             sentidoEscalera:# 1			; 0 = \, 1 = /
11061   8000             					; Tambien usado	para saber si el salto fue en vertical (guarda el estado de las	teclas en el momento del salto.
11062   8000             objetoCogido:	# 1			; #10 =	Cuchillo, #20 =	Pico
11063   8000             accionWaitCnt:	# 1			; Contador usado para controlar	la animacion y duracion	de la accion (lanzar cuchillo, cavar, pasar puerta giratoria)
11064   8000             timerEmpuja:	# 1			; Timer	usado para saber el tiempo que se empuja una puerta giratoria
11065   8000             flagScrolling:	# 1
11066   8000             agujeroCnt:	# 1			; Al comenzar a	pica vale #15
11067   8000             
11068   8000             ; Datos	del agujero que	se esta	picando
11069   8000             agujeroDat:	# 4			; Y, X,	habitacion
11070   8000             
11071   8000             modoSentEsc:	# 1			; Si es	0 guarda en "sentidoEscalera" el tipo de escalera que se coge el prota. 0 = \, 1 = /
11072   8000             momiasPiramid:	# 3*6			; Datos	de las momias que hay en la piramide actual: y,	x (%xxxxx--p), tipo
11073   8000             
11074   8000             dummy_12:	# 2
11075   8000             pMomiaProceso:	# 2			; Puntero a los	datos de la momia en proceso
11076   8000             numMomias:	# 1
11077   8000             momiaEnProceso:	# 1
11078   8000             ordenSubir:	# 1
11079   8000             distSubida:	# 1
11080   8000             ordenBajar:	# 1
11081   8000             distBajada:	# 1
11082   8000             momiaDat:	# 16h*4			; 0 = Andando
11083   8000             					; 1 = Salto
11084   8000             					; 2 = Cayendo
11085   8000             					; 3 = Escaleras
11086   8000             					; 4 = Limbo
11087   8000             					; 5 = Aparece
11088   8000             					; 6 = Suicida
11089   8000             					; 7 = pensando
11090   8000             					;
11091   8000             					; +#00 = Status
11092   8000             					; +#01 = Control
11093   8000             					; +#02 = Sentido
11094   8000             					; +#03 = Y
11095   8000             					; +#04 = X decimal
11096   8000             					; +#05 = X
11097   8000             					; +#06 = Room
11098   8000             					; +#07 = Speed X decimal
11099   8000             					; +#08 = Speed X
11100   8000             					; +#09 = Speed Room
11101   8000             					; +#0b = Frame
11102   8000             					; +#11 = Timer
11103   8000             					; +#14 = Tipo momia
11104   8000             
11105   8000             puertaCerrada:	# 1			; Vale 1 al cerrarse la	salida
11106   8000             
11107   8000             dummy_13:	# 1
11108   8000             
11109   8000             numPuertas:	# 1
11110   8000             pyramidDoors:	# 18h			; Y (FF	= Desactivado)
11111   8000             					; X decimales
11112   8000             					; X
11113   8000             					; Habitacion
11114   8000             					; Status (Nibble alto =	Status,	Nibble bajo = contador)
11115   8000             					; Piramide destino
11116   8000             					; Direccion por	la que se entra	/ Flecha del mapa
11117   8000             dummy_14:	# 21
11118   8000             
11119   8000             gemasCogidas:	# 1
11120   8000             gemasTotales:	# 1
11121   8000             ElemEnProceso:	# 1			; Usado	para saber la gema o puerta que	se esta	procesando
11122   8000             datosGemas:	# 6Ch			; 0 = Color/activa. Nibble alto	indica el color. El bajo si esta activa	(1) o no (0)
11123   8000             					; 1 = Status
11124   8000             					; 2 = Y
11125   8000             					; 3 = decimales	X
11126   8000             					; 4 = X
11127   8000             					; 5 = habitacion
11128   8000             					; 6-8 =	0, 0, 0
11129   8000             					
11130   8000             					
11131   8000             IDcuchilloCoge:	# 1			; Cuchillo que coge el prota
11132   8000             knifeEnProceso:	# 1
11133   8000             numKnifes:	# 1
11134   8000             ;
11135   8000             ; Datos	de los cuchillos
11136   8000             ; Numero maximo	de cuchillos 6
11137   8000             ; Tamaño de la estructura 17 bytes
11138   8000             ;
11139   8000             knifesData:	# 66h			; 0 = Status (1	= suelo, 2 = Cogido, 4 = Lanzamiento?, 5= lanzado, 7 =Rebotando)
11140   8000             					; 1 = Sentido (1 = izquierda, 2	= Derecha)
11141   8000             					; 2 = Y
11142   8000             					; 3 = X	decimales
11143   8000             					; 4 = X
11144   8000             					; 5 = Habitacion
11145   8000             					; 6 = Velocidad	decimales
11146   8000             					; 7 = Velocidad	cuchillo
11147   8000             					; 8 = Velocidad	cambio habitacion
11148   8000             					; 9 = Contador movimiento
11149   8000             					; A = Tile backup 1 (fondo)
11150   8000             					; B = Tile backup 2 (guarda dos	tiles al lanzarlo)
11151   8000             
11152   8000             idxPicoCogido:	# 1			; Indice del pico cogido por el	prota
11153   8000             numPicos:	# 1
11154   8000             
11155   8000             ; 5 bytes por entrada
11156   8000             picosData:	# 50h			; 0 = Status
11157   8000             					; 1 = Y
11158   8000             					; 2 = X	decimal
11159   8000             					; 3 = X
11160   8000             					; 4 = Habitacion
11161   8000             GiratEnProceso:	# 1
11162   8000             numDoorGira:	# 1
11163   8000             
11164   8000             ; 7 bytes por puerta
11165   8000             doorGiraData:	# 0DFh			; 0 = Status (bit 0 = Girando, bits 2-1	= altura + 2)
11166   8000             					; 1 = Y
11167   8000             					; 2 = X	decimal
11168   8000             					; 3 = X
11169   8000             					; 4 = Habitacion
11170   8000             					; 5 = Sentido giro
11171   8000             					; 6 = Contador giro
11172   8000             muroTrampProces:# 1
11173   8000             numMuroTrampa:	# 1 			; Numero de muros trampa que hay en la piramide
11174   8000             muroTrampaDat:	# 5*4			; Y, decimales X, X, habitacion
11175   8000             
11176   8000             stackArea:	# 2edh; 301h
11177   8000             stackTop:	# 0
11178   8000             MapaRAMRoot:	# 60h			; La primera fila del mapa no se usa (ocupada por el marcador).	Tambien	usado como inicio de la	pila
11179   8000             MapaRAM:	# 8A0h			; Mapa de las tres posibles habitaciones de la piramide. Cada fila ocupa #60 bytes (#20 * 3)
11180   8000             
